32;0;0;28
32;0;0;17;31;0;0;17;31
33;23;0;17;31;0;0;17;31
34;46;0;17;31;0;0;17;31
35;69;0;21;31;0;0;21;31
36;96;0;17;31;0;0;17;31
37;119;0;21;31;0;0;21;31
38;146;0;21;31;0;0;21;31
39;173;0;17;31;0;0;17;31
40;196;0;17;31;0;0;17;31
41;219;0;17;31;0;0;17;31
42;242;0;17;31;0;0;17;31
43;265;0;17;31;0;0;17;31
44;288;0;17;31;0;0;17;31
45;311;0;17;31;0;0;17;31
46;334;0;17;31;0;0;17;31
47;357;0;17;31;0;0;17;31
48;380;0;17;31;0;0;17;31
49;403;0;17;31;0;0;17;31
50;426;0;17;31;0;0;17;31
51;449;0;17;31;0;0;17;31
52;472;0;17;31;0;0;17;31
53;495;0;17;31;0;0;17;31
54;518;0;17;31;0;0;17;31
55;541;0;17;31;0;0;17;31
56;564;0;17;31;0;0;17;31
57;587;0;17;31;0;0;17;31
58;610;0;17;31;0;0;17;31
59;633;0;17;31;0;0;17;31
60;656;0;17;31;0;0;17;31
61;679;0;17;31;0;0;17;31
62;702;0;17;31;0;0;17;31
63;725;0;17;31;0;0;17;31
64;748;0;27;31;0;0;27;31
65;781;0;19;31;0;0;19;31
66;806;0;17;31;0;0;17;31
67;829;0;19;31;0;0;19;31
68;854;0;17;31;0;0;17;31
69;877;0;17;31;0;0;17;31
70;900;0;17;31;0;0;17;31
71;923;0;21;31;0;0;21;31
72;950;0;18;31;0;0;18;31
73;974;0;15;31;0;0;15;31
74;995;0;19;31;0;0;19;31
75;1020;0;17;31;0;0;17;31
76;1043;0;16;31;0;0;16;31
77;1065;0;23;31;0;0;23;31
78;1094;0;21;31;0;0;21;31
79;1121;0;22;31;0;0;22;31
80;1149;0;13;31;0;0;13;31
81;1168;0;23;31;0;0;23;31
82;1197;0;17;31;0;0;17;31
83;1220;0;17;31;0;0;17;31
84;1243;0;18;31;0;0;18;31
85;1267;0;19;31;0;0;19;31
86;1292;0;20;31;0;0;20;31
87;1318;0;27;31;0;0;27;31
88;1351;0;21;31;0;0;21;31
89;1378;0;19;31;0;0;19;31
90;1403;0;19;31;0;0;19;31
91;1428;0;17;31;0;0;17;31
92;1451;0;17;31;0;0;17;31
93;1474;0;17;31;0;0;17;31
94;1497;0;17;31;0;0;17;31
95;1520;0;17;31;0;0;17;31
96;1543;0;17;31;0;0;17;31
97;1566;0;17;31;0;0;17;31
98;1589;0;17;31;0;0;17;31
99;1612;0;17;31;0;0;17;31
100;1635;0;17;31;0;0;17;31
101;1658;0;17;31;0;0;17;31
102;1681;0;17;31;0;0;17;31
103;1704;0;17;31;0;0;17;31
104;1727;0;17;31;0;0;17;31
105;1750;0;14;31;0;0;14;31
106;1770;0;17;31;0;0;17;31
107;1793;0;17;31;0;0;17;31
108;1816;0;14;31;0;0;14;31
109;1836;0;18;31;0;0;18;31
110;1860;0;17;31;0;0;17;31
111;1883;0;17;31;0;0;17;31
112;1906;0;17;31;0;0;17;31
113;1929;0;17;31;0;0;17;31
114;1952;0;17;31;0;0;17;31
115;1975;0;17;31;0;0;17;31
116;1998;0;17;31;0;0;17;31
117;2021;0;17;31;0;0;17;31
118;2044;0;17;31;0;0;17;31
119;2067;0;18;31;0;0;18;31
120;2091;0;17;31;0;0;17;31
121;2114;0;17;31;0;0;17;31
122;2137;0;17;31;0;0;17;31
123;2160;0;17;31;0;0;17;31
124;2183;0;17;31;0;0;17;31
125;2206;0;17;31;0;0;17;31
126;2229;0;17;31;0;0;17;31
161;2252;0;17;31;0;0;17;31
162;2275;0;17;31;0;0;17;31
163;2298;0;17;31;0;0;17;31
164;2321;0;17;31;0;0;17;31
165;2344;0;17;31;0;0;17;31
166;2367;0;17;31;0;0;17;31
167;2390;0;17;31;0;0;17;31
168;2413;0;17;31;0;0;17;31
169;2436;0;17;31;0;0;17;31
170;2459;0;17;31;0;0;17;31
171;2482;0;17;31;0;0;17;31
172;2505;0;17;31;0;0;17;31
173;2528;0;17;31;0;0;17;31
174;2551;0;17;31;0;0;17;31
175;2574;0;17;31;0;0;17;31
176;2597;0;17;31;0;0;17;31
177;2620;0;17;31;0;0;17;31
178;2643;0;17;31;0;0;17;31
179;2666;0;17;31;0;0;17;31
180;2689;0;17;31;0;0;17;31
181;2712;0;17;31;0;0;17;31
182;2735;0;17;31;0;0;17;31
183;2758;0;17;31;0;0;17;31
184;2781;0;17;31;0;0;17;31
185;2804;0;17;31;0;0;17;31
186;2827;0;17;31;0;0;17;31
187;2850;0;17;31;0;0;17;31
188;2873;0;17;31;0;0;17;31
189;2896;0;17;31;0;0;17;31
190;2919;0;17;31;0;0;17;31
191;2942;0;17;31;0;0;17;31
192;2965;0;17;31;0;0;17;31
193;2988;0;17;31;0;0;17;31
194;3011;0;17;31;0;0;17;31
195;3034;0;17;31;0;0;17;31
196;3057;0;17;31;0;0;17;31
197;3080;0;17;31;0;0;17;31
198;3103;0;17;31;0;0;17;31
199;3126;0;17;31;0;0;17;31
200;3149;0;17;31;0;0;17;31
201;3172;0;17;31;0;0;17;31
202;3195;0;17;31;0;0;17;31
203;3218;0;17;31;0;0;17;31
204;3241;0;17;31;0;0;17;31
205;3264;0;17;31;0;0;17;31
206;3287;0;17;31;0;0;17;31
207;3310;0;17;31;0;0;17;31
208;3333;0;17;31;0;0;17;31
209;3356;0;17;31;0;0;17;31
210;3379;0;17;31;0;0;17;31
211;3402;0;17;31;0;0;17;31
212;3425;0;17;31;0;0;17;31
213;3448;0;17;31;0;0;17;31
214;3471;0;17;31;0;0;17;31
215;3494;0;17;31;0;0;17;31
216;3517;0;17;31;0;0;17;31
217;3540;0;17;31;0;0;17;31
218;3563;0;17;31;0;0;17;31
219;3586;0;17;31;0;0;17;31
220;3609;0;17;31;0;0;17;31
221;3632;0;17;31;0;0;17;31
222;3655;0;17;31;0;0;17;31
223;3678;0;17;31;0;0;17;31
224;3701;0;17;31;0;0;17;31
225;3724;0;17;31;0;0;17;31
226;3747;0;17;31;0;0;17;31
227;3770;0;17;31;0;0;17;31
228;3793;0;17;31;0;0;17;31
229;3816;0;17;31;0;0;17;31
230;3839;0;17;31;0;0;17;31
231;3862;0;17;31;0;0;17;31
232;3885;0;17;31;0;0;17;31
233;3908;0;17;31;0;0;17;31
234;3931;0;17;31;0;0;17;31
235;3954;0;17;31;0;0;17;31
236;3977;0;17;31;0;0;17;31
237;4000;0;17;31;0;0;17;31
238;4023;0;17;31;0;0;17;31
239;4046;0;17;31;0;0;17;31
240;4069;0;17;31;0;0;17;31
241;0;37;17;31;0;0;17;31
242;23;37;17;31;0;0;17;31
243;46;37;17;31;0;0;17;31
244;69;37;17;31;0;0;17;31
245;92;37;17;31;0;0;17;31
246;115;37;17;31;0;0;17;31
247;138;37;17;31;0;0;17;31
248;161;37;17;31;0;0;17;31
249;184;37;17;31;0;0;17;31
250;207;37;17;31;0;0;17;31
251;230;37;17;31;0;0;17;31
252;253;37;17;31;0;0;17;31
253;276;37;17;31;0;0;17;31
254;299;37;17;31;0;0;17;31
255;322;37;17;31;0;0;17;31
916;345;37;17;31;0;0;17;31
960;368;37;17;31;0;0;17;31
8212;0;74;30;27;0;0;30;27
8216;36;74;30;27;0;0;30;27
8217;72;74;30;27;0;0;30;27
8220;108;74;30;27;0;0;30;27
8221;144;74;30;27;0;0;30;27
8230;180;74;30;27;0;0;30;27
8592;216;74;30;27;0;0;30;27
8593;252;74;30;27;0;0;30;27
8594;288;74;30;27;0;0;30;27
8595;324;74;30;27;0;0;30;27
8734;360;74;30;27;0;0;30;27
9320;396;74;30;27;0;0;30;27
12288;432;74;30;27;0;0;30;27
12289;468;74;30;27;0;0;30;27
12290;504;74;30;27;0;0;30;27
12298;540;74;30;27;0;0;30;27
12299;576;74;30;27;0;0;30;27
12300;612;74;30;27;0;0;30;27
12301;648;74;30;27;0;0;30;27
12302;684;74;30;27;0;0;30;27
12303;720;74;30;27;0;0;30;27
12304;756;74;30;27;0;0;30;27
12305;792;74;30;27;0;0;30;27
12308;828;74;30;27;0;0;30;27
12309;864;74;30;27;0;0;30;27
12310;900;74;30;27;0;0;30;27
12311;936;74;30;27;0;0;30;27
12353;0;107;29;29;0;0;29;29
12354;35;107;29;29;0;0;29;29
12355;70;107;29;29;0;0;29;29
12356;105;107;29;29;0;0;29;29
12357;140;107;29;29;0;0;29;29
12358;175;107;29;29;0;0;29;29
12359;210;107;29;29;0;0;29;29
12360;245;107;29;29;0;0;29;29
12361;280;107;29;29;0;0;29;29
12362;315;107;29;29;0;0;29;29
12363;350;107;29;29;0;0;29;29
12364;385;107;29;29;0;0;29;29
12365;420;107;29;29;0;0;29;29
12366;455;107;29;29;0;0;29;29
12367;490;107;29;29;0;0;29;29
12368;525;107;29;29;0;0;29;29
12369;560;107;29;29;0;0;29;29
12370;595;107;29;29;0;0;29;29
12371;630;107;29;29;0;0;29;29
12372;665;107;29;29;0;0;29;29
12373;700;107;29;29;0;0;29;29
12374;735;107;29;29;0;0;29;29
12375;770;107;29;29;0;0;29;29
12376;805;107;29;29;0;0;29;29
12377;840;107;29;29;0;0;29;29
12378;875;107;29;29;0;0;29;29
12379;910;107;29;29;0;0;29;29
12380;945;107;29;29;0;0;29;29
12381;980;107;29;29;0;0;29;29
12382;1015;107;29;29;0;0;29;29
12383;1050;107;29;29;0;0;29;29
12384;1085;107;29;29;0;0;29;29
12385;1120;107;29;29;0;0;29;29
12386;1155;107;29;29;0;0;29;29
12387;1190;107;29;29;0;0;29;29
12388;1225;107;29;29;0;0;29;29
12389;1260;107;29;29;0;0;29;29
12390;1295;107;29;29;0;0;29;29
12391;1330;107;29;29;0;0;29;29
12392;1365;107;29;29;0;0;29;29
12393;1400;107;29;29;0;0;29;29
12394;1435;107;29;29;0;0;29;29
12395;1470;107;29;29;0;0;29;29
12396;1505;107;29;29;0;0;29;29
12397;1540;107;29;29;0;0;29;29
12398;1575;107;29;29;0;0;29;29
12399;1610;107;29;29;0;0;29;29
12400;1645;107;29;29;0;0;29;29
12401;1680;107;29;29;0;0;29;29
12402;1715;107;29;29;0;0;29;29
12403;1750;107;29;29;0;0;29;29
12404;1785;107;29;29;0;0;29;29
12405;1820;107;29;29;0;0;29;29
12406;1855;107;29;29;0;0;29;29
12407;1890;107;29;29;0;0;29;29
12408;1925;107;29;29;0;0;29;29
12409;1960;107;29;29;0;0;29;29
12410;1995;107;29;29;0;0;29;29
12411;2030;107;29;29;0;0;29;29
12412;2065;107;29;29;0;0;29;29
12413;2100;107;29;29;0;0;29;29
12414;2135;107;29;29;0;0;29;29
12415;2170;107;29;29;0;0;29;29
12416;2205;107;29;29;0;0;29;29
12417;2240;107;29;29;0;0;29;29
12418;2275;107;29;29;0;0;29;29
12419;2310;107;29;29;0;0;29;29
12420;2345;107;29;29;0;0;29;29
12421;2380;107;29;29;0;0;29;29
12422;2415;107;29;29;0;0;29;29
12423;2450;107;29;29;0;0;29;29
12424;2485;107;29;29;0;0;29;29
12425;2520;107;29;29;0;0;29;29
12426;2555;107;29;29;0;0;29;29
12427;2590;107;29;29;0;0;29;29
12428;2625;107;29;29;0;0;29;29
12429;2660;107;29;29;0;0;29;29
12430;2695;107;29;29;0;0;29;29
12431;2730;107;29;29;0;0;29;29
12432;2765;107;29;29;0;0;29;29
12433;2800;107;29;29;0;0;29;29
12434;2835;107;29;29;0;0;29;29
12435;2870;107;29;29;0;0;29;29
12436;2905;107;29;29;0;0;29;29
12437;2940;107;29;29;0;0;29;29
12438;2975;107;29;29;0;0;29;29
12443;3010;107;29;29;0;0;29;29
12444;3045;107;29;29;0;0;29;29
12445;3080;107;29;29;0;0;29;29
12446;3115;107;29;29;0;0;29;29
12448;3150;107;29;29;0;0;29;29
12449;3185;107;29;29;0;0;29;29
12450;3220;107;29;29;0;0;29;29
12451;3255;107;29;29;0;0;29;29
12452;3290;107;29;29;0;0;29;29
12453;3325;107;29;29;0;0;29;29
12454;3360;107;29;29;0;0;29;29
12455;3395;107;29;29;0;0;29;29
12456;3430;107;29;29;0;0;29;29
12457;3465;107;29;29;0;0;29;29
12458;3500;107;29;29;0;0;29;29
12459;3535;107;29;29;0;0;29;29
12460;3570;107;29;29;0;0;29;29
12461;3605;107;29;29;0;0;29;29
12462;3640;107;29;29;0;0;29;29
12463;3675;107;29;29;0;0;29;29
12464;3710;107;29;29;0;0;29;29
12465;3745;107;29;29;0;0;29;29
12466;3780;107;29;29;0;0;29;29
12467;3815;107;29;29;0;0;29;29
12468;3850;107;29;29;0;0;29;29
12469;3885;107;29;29;0;0;29;29
12470;3920;107;29;29;0;0;29;29
12471;3955;107;29;29;0;0;29;29
12472;3990;107;29;29;0;0;29;29
12473;4025;107;29;29;0;0;29;29
12474;4060;107;29;29;0;0;29;29
12475;0;142;29;29;0;0;29;29
12476;35;142;29;29;0;0;29;29
12477;70;142;29;29;0;0;29;29
12478;105;142;29;29;0;0;29;29
12479;140;142;29;29;0;0;29;29
12480;175;142;29;29;0;0;29;29
12481;210;142;29;29;0;0;29;29
12482;245;142;29;29;0;0;29;29
12483;280;142;29;29;0;0;29;29
12484;315;142;29;29;0;0;29;29
12485;350;142;29;29;0;0;29;29
12486;385;142;29;29;0;0;29;29
12487;420;142;29;29;0;0;29;29
12488;455;142;29;29;0;0;29;29
12489;490;142;29;29;0;0;29;29
12490;525;142;29;29;0;0;29;29
12491;560;142;29;29;0;0;29;29
12492;595;142;29;29;0;0;29;29
12493;630;142;29;29;0;0;29;29
12494;665;142;29;29;0;0;29;29
12495;700;142;29;29;0;0;29;29
12496;735;142;29;29;0;0;29;29
12497;770;142;29;29;0;0;29;29
12498;805;142;29;29;0;0;29;29
12499;840;142;29;29;0;0;29;29
12500;875;142;29;29;0;0;29;29
12501;910;142;29;29;0;0;29;29
12502;945;142;29;29;0;0;29;29
12503;980;142;29;29;0;0;29;29
12504;1015;142;29;29;0;0;29;29
12505;1050;142;29;29;0;0;29;29
12506;1085;142;29;29;0;0;29;29
12507;1120;142;29;29;0;0;29;29
12508;1155;142;29;29;0;0;29;29
12509;1190;142;29;29;0;0;29;29
12510;1225;142;29;29;0;0;29;29
12511;1260;142;29;29;0;0;29;29
12512;1295;142;29;29;0;0;29;29
12513;1330;142;29;29;0;0;29;29
12514;1365;142;29;29;0;0;29;29
12515;1400;142;29;29;0;0;29;29
12516;1435;142;29;29;0;0;29;29
12517;1470;142;29;29;0;0;29;29
12518;1505;142;29;29;0;0;29;29
12519;1540;142;29;29;0;0;29;29
12520;1575;142;29;29;0;0;29;29
12521;1610;142;29;29;0;0;29;29
12522;1645;142;29;29;0;0;29;29
12523;1680;142;29;29;0;0;29;29
12524;1715;142;29;29;0;0;29;29
12525;1750;142;29;29;0;0;29;29
12526;1785;142;29;29;0;0;29;29
12527;1820;142;29;29;0;0;29;29
12528;1855;142;29;29;0;0;29;29
12529;1890;142;29;29;0;0;29;29
12530;1925;142;29;29;0;0;29;29
12531;1960;142;29;29;0;0;29;29
12532;1995;142;29;29;0;0;29;29
12533;2030;142;29;29;0;0;29;29
12534;2065;142;29;29;0;0;29;29
12535;2100;142;29;29;0;0;29;29
12536;2135;142;29;29;0;0;29;29
12537;2170;142;29;29;0;0;29;29
12538;2205;142;29;29;0;0;29;29
12539;2240;142;29;29;0;0;29;29
12540;2275;142;29;29;0;0;29;29
12541;2310;142;29;29;0;0;29;29
12542;2345;142;29;29;0;0;29;29
17868;2380;142;29;29;0;0;29;29
19968;2415;142;29;29;0;0;29;29
19969;2450;142;29;29;0;0;29;29
19971;2485;142;29;29;0;0;29;29
19975;2520;142;29;29;0;0;29;29
19976;2555;142;29;29;0;0;29;29
19977;2590;142;29;29;0;0;29;29
19978;2625;142;29;29;0;0;29;29
19979;2660;142;29;29;0;0;29;29
19981;2695;142;29;29;0;0;29;29
19982;2730;142;29;29;0;0;29;29
19988;2765;142;29;29;0;0;29;29
19990;2800;142;29;29;0;0;29;29
19992;2835;142;29;29;0;0;29;29
19993;2870;142;29;29;0;0;29;29
20001;2905;142;29;29;0;0;29;29
20006;2940;142;29;29;0;0;29;29
20013;2975;142;29;29;0;0;29;29
20018;3010;142;29;29;0;0;29;29
20024;3045;142;29;29;0;0;29;29
20025;3080;142;29;29;0;0;29;29
20027;3115;142;29;29;0;0;29;29
20028;3150;142;29;29;0;0;29;29
20037;3185;142;29;29;0;0;29;29
20047;3220;142;29;29;0;0;29;29
20055;3255;142;29;29;0;0;29;29
20057;3290;142;29;29;0;0;29;29
20061;3325;142;29;29;0;0;29;29
20062;3360;142;29;29;0;0;29;29
20081;3395;142;29;29;0;0;29;29
20083;3430;142;29;29;0;0;29;29
20094;3465;142;29;29;0;0;29;29
20096;3500;142;29;29;0;0;29;29
20102;3535;142;29;29;0;0;29;29
20104;3570;142;29;29;0;0;29;29
20105;3605;142;29;29;0;0;29;29
20107;3640;142;29;29;0;0;29;29
20108;3675;142;29;29;0;0;29;29
20114;3710;142;29;29;0;0;29;29
20116;3745;142;29;29;0;0;29;29
20117;3780;142;29;29;0;0;29;29
20124;3815;142;29;29;0;0;29;29
20129;3850;142;29;29;0;0;29;29
20132;3885;142;29;29;0;0;29;29
20139;3920;142;29;29;0;0;29;29
20140;3955;142;29;29;0;0;29;29
20141;3990;142;29;29;0;0;29;29
20154;4025;142;29;29;0;0;29;29
20161;4060;142;29;29;0;0;29;29
20170;0;177;29;29;0;0;29;29
20171;35;177;29;29;0;0;29;29
20175;70;177;29;29;0;0;29;29
20181;105;177;29;29;0;0;29;29
20182;140;177;29;29;0;0;29;29
20184;175;177;29;29;0;0;29;29
20185;210;177;29;29;0;0;29;29
20195;245;177;29;29;0;0;29;29
20196;280;177;29;29;0;0;29;29
20197;315;177;29;29;0;0;29;29
20206;350;177;29;29;0;0;29;29
20208;385;177;29;29;0;0;29;29
20210;420;177;29;29;0;0;29;29
20214;455;177;29;29;0;0;29;29
20219;490;177;29;29;0;0;29;29
20225;525;177;29;29;0;0;29;29
20238;560;177;29;29;0;0;29;29
20239;595;177;29;29;0;0;29;29
20240;630;177;29;29;0;0;29;29
20241;665;177;29;29;0;0;29;29
20250;700;177;29;29;0;0;29;29
20253;735;177;29;29;0;0;29;29
20271;770;177;29;29;0;0;29;29
20276;805;177;29;29;0;0;29;29
20280;840;177;29;29;0;0;29;29
20282;875;177;29;29;0;0;29;29
20284;910;177;29;29;0;0;29;29
20294;945;177;29;29;0;0;29;29
20301;980;177;29;29;0;0;29;29
20302;1015;177;29;29;0;0;29;29
20303;1050;177;29;29;0;0;29;29
20304;1085;177;29;29;0;0;29;29
20307;1120;177;29;29;0;0;29;29
20309;1155;177;29;29;0;0;29;29
20313;1190;177;29;29;0;0;29;29
20316;1225;177;29;29;0;0;29;29
20339;1260;177;29;29;0;0;29;29
20341;1295;177;29;29;0;0;29;29
20351;1330;177;29;29;0;0;29;29
20363;1365;177;29;29;0;0;29;29
20365;1400;177;29;29;0;0;29;29
20379;1435;177;29;29;0;0;29;29
20381;1470;177;29;29;0;0;29;29
20385;1505;177;29;29;0;0;29;29
20398;1540;177;29;29;0;0;29;29
20399;1575;177;29;29;0;0;29;29
20405;1610;177;29;29;0;0;29;29
20406;1645;177;29;29;0;0;29;29
20415;1680;177;29;29;0;0;29;29
20418;1715;177;29;29;0;0;29;29
20419;1750;177;29;29;0;0;29;29
20426;1785;177;29;29;0;0;29;29
20439;1820;177;29;29;0;0;29;29
20445;1855;177;29;29;0;0;29;29
20449;1890;177;29;29;0;0;29;29
20462;1925;177;29;29;0;0;29;29
20467;1960;177;29;29;0;0;29;29
20469;1995;177;29;29;0;0;29;29
20472;2030;177;29;29;0;0;29;29
20474;2065;177;29;29;0;0;29;29
20489;2100;177;29;29;0;0;29;29
20491;2135;177;29;29;0;0;29;29
20493;2170;177;29;29;0;0;29;29
20498;2205;177;29;29;0;0;29;29
20505;2240;177;29;29;0;0;29;29
20511;2275;177;29;29;0;0;29;29
20515;2310;177;29;29;0;0;29;29
20516;2345;177;29;29;0;0;29;29
20523;2380;177;29;29;0;0;29;29
20537;2415;177;29;29;0;0;29;29
20553;2450;177;29;29;0;0;29;29
20559;2485;177;29;29;0;0;29;29
20572;2520;177;29;29;0;0;29;29
20581;2555;177;29;29;0;0;29;29
20596;2590;177;29;29;0;0;29;29
20597;2625;177;29;29;0;0;29;29
20598;2660;177;29;29;0;0;29;29
20605;2695;177;29;29;0;0;29;29
20621;2730;177;29;29;0;0;29;29
20625;2765;177;29;29;0;0;29;29
20632;2800;177;29;29;0;0;29;29
20633;2835;177;29;29;0;0;29;29
20652;2870;177;29;29;0;0;29;29
20658;2905;177;29;29;0;0;29;29
20661;2940;177;29;29;0;0;29;29
20663;2975;177;29;29;0;0;29;29
20670;3010;177;29;29;0;0;29;29
20677;3045;177;29;29;0;0;29;29
20685;3080;177;29;29;0;0;29;29
20687;3115;177;29;29;0;0;29;29
20693;3150;177;29;29;0;0;29;29
20698;3185;177;29;29;0;0;29;29
20711;3220;177;29;29;0;0;29;29
20736;3255;177;29;29;0;0;29;29
20740;3290;177;29;29;0;0;29;29
20754;3325;177;29;29;0;0;29;29
20767;3360;177;29;29;0;0;29;29
20778;3395;177;29;29;0;0;29;29
20803;3430;177;29;29;0;0;29;29
20804;3465;177;29;29;0;0;29;29
20805;3500;177;29;29;0;0;29;29
20806;3535;177;29;29;0;0;29;29
20808;3570;177;29;29;0;0;29;29
20809;3605;177;29;29;0;0;29;29
20811;3640;177;29;29;0;0;29;29
20813;3675;177;29;29;0;0;29;29
20816;3710;177;29;29;0;0;29;29
20826;3745;177;29;29;0;0;29;29
20837;3780;177;29;29;0;0;29;29
20840;3815;177;29;29;0;0;29;29
20843;3850;177;29;29;0;0;29;29
20844;3885;177;29;29;0;0;29;29
20845;3920;177;29;29;0;0;29;29
20849;3955;177;29;29;0;0;29;29
20853;3990;177;29;29;0;0;29;29
20855;4025;177;29;29;0;0;29;29
20856;4060;177;29;29;0;0;29;29
20860;0;212;29;29;0;0;29;29
20869;35;212;29;29;0;0;29;29
20870;70;212;29;29;0;0;29;29
20874;105;212;29;29;0;0;29;29
20877;140;212;29;29;0;0;29;29
20882;175;212;29;29;0;0;29;29
20887;210;212;29;29;0;0;29;29
20889;245;212;29;29;0;0;29;29
20896;280;212;29;29;0;0;29;29
20901;315;212;29;29;0;0;29;29
20908;350;212;29;29;0;0;29;29
20918;385;212;29;29;0;0;29;29
20919;420;212;29;29;0;0;29;29
20932;455;212;29;29;0;0;29;29
20934;490;212;29;29;0;0;29;29
20941;525;212;29;29;0;0;29;29
20957;560;212;29;29;0;0;29;29
20961;595;212;29;29;0;0;29;29
20966;630;212;29;29;0;0;29;29
20982;665;212;29;29;0;0;29;29
20984;700;212;29;29;0;0;29;29
20985;735;212;29;29;0;0;29;29
20986;770;212;29;29;0;0;29;29
20992;805;212;29;29;0;0;29;29
20995;840;212;29;29;0;0;29;29
20998;875;212;29;29;0;0;29;29
20999;910;212;29;29;0;0;29;29
21000;945;212;29;29;0;0;29;29
21002;980;212;29;29;0;0;29;29
21009;1015;212;29;29;0;0;29;29
21015;1050;212;29;29;0;0;29;29
21021;1085;212;29;29;0;0;29;29
21028;1120;212;29;29;0;0;29;29
21029;1155;212;29;29;0;0;29;29
21033;1190;212;29;29;0;0;29;29
21040;1225;212;29;29;0;0;29;29
21046;1260;212;29;29;0;0;29;29
21047;1295;212;29;29;0;0;29;29
21048;1330;212;29;29;0;0;29;29
21049;1365;212;29;29;0;0;29;29
21050;1400;212;29;29;0;0;29;29
21051;1435;212;29;29;0;0;29;29
21063;1470;212;29;29;0;0;29;29
21066;1505;212;29;29;0;0;29;29
21069;1540;212;29;29;0;0;29;29
21078;1575;212;29;29;0;0;29;29
21083;1610;212;29;29;0;0;29;29
21085;1645;212;29;29;0;0;29;29
21091;1680;212;29;29;0;0;29;29
21092;1715;212;29;29;0;0;29;29
21103;1750;212;29;29;0;0;29;29
21104;1785;212;29;29;0;0;29;29
21106;1820;212;29;29;0;0;29;29
21109;1855;212;29;29;0;0;29;29
21127;1890;212;29;29;0;0;29;29
21147;1925;212;29;29;0;0;29;29
21151;1960;212;29;29;0;0;29;29
21152;1995;212;29;29;0;0;29;29
21155;2030;212;29;29;0;0;29;29
21161;2065;212;29;29;0;0;29;29
21162;2100;212;29;29;0;0;29;29
21169;2135;212;29;29;0;0;29;29
21172;2170;212;29;29;0;0;29;29
21177;2205;212;29;29;0;0;29;29
21182;2240;212;29;29;0;0;29;29
21187;2275;212;29;29;0;0;29;29
21189;2310;212;29;29;0;0;29;29
21191;2345;212;29;29;0;0;29;29
21193;2380;212;29;29;0;0;29;29
21205;2415;212;29;29;0;0;29;29
21208;2450;212;29;29;0;0;29;29
21209;2485;212;29;29;0;0;29;29
21213;2520;212;29;29;0;0;29;29
21215;2555;212;29;29;0;0;29;29
21218;2590;212;29;29;0;0;29;29
21220;2625;212;29;29;0;0;29;29
21223;2660;212;29;29;0;0;29;29
21234;2695;212;29;29;0;0;29;29
21246;2730;212;29;29;0;0;29;29
21250;2765;212;29;29;0;0;29;29
21253;2800;212;29;29;0;0;29;29
21270;2835;212;29;29;0;0;29;29
21271;2870;212;29;29;0;0;29;29
21280;2905;212;29;29;0;0;29;29
21305;2940;212;29;29;0;0;29;29
21306;2975;212;29;29;0;0;29;29
21307;3010;212;29;29;0;0;29;29
21311;3045;212;29;29;0;0;29;29
21313;3080;212;29;29;0;0;29;29
21315;3115;212;29;29;0;0;29;29
21319;3150;212;29;29;0;0;29;29
21320;3185;212;29;29;0;0;29;29
21322;3220;212;29;29;0;0;29;29
21329;3255;212;29;29;0;0;29;29
21330;3290;212;29;29;0;0;29;29
21331;3325;212;29;29;0;0;29;29
21332;3360;212;29;29;0;0;29;29
21335;3395;212;29;29;0;0;29;29
21336;3430;212;29;29;0;0;29;29
21338;3465;212;29;29;0;0;29;29
21344;3500;212;29;29;0;0;29;29
21360;3535;212;29;29;0;0;29;29
21361;3570;212;29;29;0;0;29;29
21363;3605;212;29;29;0;0;29;29
21364;3640;212;29;29;0;0;29;29
21365;3675;212;29;29;0;0;29;29
21368;3710;212;29;29;0;0;29;29
21380;3745;212;29;29;0;0;29;29
21400;3780;212;29;29;0;0;29;29
21402;3815;212;29;29;0;0;29;29
21407;3850;212;29;29;0;0;29;29
21427;3885;212;29;29;0;0;29;29
21435;3920;212;29;29;0;0;29;29
21442;3955;212;29;29;0;0;29;29
21448;3990;212;29;29;0;0;29;29
21450;4025;212;29;29;0;0;29;29
21451;4060;212;29;29;0;0;29;29
21452;0;247;29;29;0;0;29;29
21453;35;247;29;29;0;0;29;29
21454;70;247;29;29;0;0;29;29
21460;105;247;29;29;0;0;29;29
21462;140;247;29;29;0;0;29;29
21463;175;247;29;29;0;0;29;29
21465;210;247;29;29;0;0;29;29
21475;245;247;29;29;0;0;29;29
21476;280;247;29;29;0;0;29;29
21477;315;247;29;29;0;0;29;29
21483;350;247;29;29;0;0;29;29
21484;385;247;29;29;0;0;29;29
21487;420;247;29;29;0;0;29;29
21488;455;247;29;29;0;0;29;29
21490;490;247;29;29;0;0;29;29
21491;525;247;29;29;0;0;29;29
21495;560;247;29;29;0;0;29;29
21496;595;247;29;29;0;0;29;29
21508;630;247;29;29;0;0;29;29
21512;665;247;29;29;0;0;29;29
21513;700;247;29;29;0;0;29;29
21516;735;247;29;29;0;0;29;29
21517;770;247;29;29;0;0;29;29
21518;805;247;29;29;0;0;29;29
21519;840;247;29;29;0;0;29;29
21520;875;247;29;29;0;0;29;29
21521;910;247;29;29;0;0;29;29
21531;945;247;29;29;0;0;29;29
21535;980;247;29;29;0;0;29;29
21542;1015;247;29;29;0;0;29;29
21547;1050;247;29;29;0;0;29;29
21560;1085;247;29;29;0;0;29;29
21561;1120;247;29;29;0;0;29;29
21570;1155;247;29;29;0;0;29;29
21576;1190;247;29;29;0;0;29;29
21577;1225;247;29;29;0;0;29;29
21578;1260;247;29;29;0;0;29;29
21608;1295;247;29;29;0;0;29;29
21610;1330;247;29;29;0;0;29;29
21619;1365;247;29;29;0;0;29;29
21628;1400;247;29;29;0;0;29;29
21629;1435;247;29;29;0;0;29;29
21644;1470;247;29;29;0;0;29;29
21682;1505;247;29;29;0;0;29;29
21693;1540;247;29;29;0;0;29;29
21696;1575;247;29;29;0;0;29;29
21697;1610;247;29;29;0;0;29;29
21729;1645;247;29;29;0;0;29;29
21746;1680;247;29;29;0;0;29;29
21754;1715;247;29;29;0;0;29;29
21764;1750;247;29;29;0;0;29;29
21766;1785;247;29;29;0;0;29;29
21767;1820;247;29;29;0;0;29;29
21776;1855;247;29;29;0;0;29;29
21807;1890;247;29;29;0;0;29;29
21809;1925;247;29;29;0;0;29;29
21822;1960;247;29;29;0;0;29;29
21830;1995;247;29;29;0;0;29;29
21839;2030;247;29;29;0;0;29;29
21843;2065;247;29;29;0;0;29;29
21892;2100;247;29;29;0;0;29;29
21897;2135;247;29;29;0;0;29;29
21914;2170;247;29;29;0;0;29;29
21916;2205;247;29;29;0;0;29;29
21917;2240;247;29;29;0;0;29;29
21929;2275;247;29;29;0;0;29;29
21930;2310;247;29;29;0;0;29;29
21931;2345;247;29;29;0;0;29;29
21942;2380;247;29;29;0;0;29;29
21957;2415;247;29;29;0;0;29;29
21987;2450;247;29;29;0;0;29;29
22022;2485;247;29;29;0;0;29;29
22065;2520;247;29;29;0;0;29;29
22066;2555;247;29;29;0;0;29;29
22120;2590;247;29;29;0;0;29;29
22132;2625;247;29;29;0;0;29;29
22151;2660;247;29;29;0;0;29;29
22234;2695;247;29;29;0;0;29;29
22235;2730;247;29;29;0;0;29;29
22238;2765;247;29;29;0;0;29;29
22240;2800;247;29;29;0;0;29;29
22243;2835;247;29;29;0;0;29;29
22256;2870;247;29;29;0;0;29;29
22258;2905;247;29;29;0;0;29;29
22259;2940;247;29;29;0;0;29;29
22266;2975;247;29;29;0;0;29;29
22269;3010;247;29;29;0;0;29;29
22287;3045;247;29;29;0;0;29;29
22290;3080;247;29;29;0;0;29;29
22303;3115;247;29;29;0;0;29;29
22311;3150;247;29;29;0;0;29;29
22312;3185;247;29;29;0;0;29;29
22320;3220;247;29;29;0;0;29;29
22338;3255;247;29;29;0;0;29;29
22343;3290;247;29;29;0;0;29;29
22346;3325;247;29;29;0;0;29;29
22353;3360;247;29;29;0;0;29;29
22378;3395;247;29;29;0;0;29;29
22402;3430;247;29;29;0;0;29;29
22411;3465;247;29;29;0;0;29;29
22435;3500;247;29;29;0;0;29;29
22475;3535;247;29;29;0;0;29;29
22478;3570;247;29;29;0;0;29;29
22495;3605;247;29;29;0;0;29;29
22519;3640;247;29;29;0;0;29;29
22521;3675;247;29;29;0;0;29;29
22522;3710;247;29;29;0;0;29;29
22524;3745;247;29;29;0;0;29;29
22528;3780;247;29;29;0;0;29;29
22530;3815;247;29;29;0;0;29;29
22533;3850;247;29;29;0;0;29;29
22534;3885;247;29;29;0;0;29;29
22549;3920;247;29;29;0;0;29;29
22564;3955;247;29;29;0;0;29;29
22570;3990;247;29;29;0;0;29;29
22577;4025;247;29;29;0;0;29;29
22580;4060;247;29;29;0;0;29;29
22592;0;282;29;29;0;0;29;29
22593;35;282;29;29;0;0;29;29
22602;70;282;29;29;0;0;29;29
22609;105;282;29;29;0;0;29;29
22612;140;282;29;29;0;0;29;29
22615;175;282;29;29;0;0;29;29
22618;210;282;29;29;0;0;29;29
22622;245;282;29;29;0;0;29;29
22625;280;282;29;29;0;0;29;29
22633;315;282;29;29;0;0;29;29
22654;350;282;29;29;0;0;29;29
22659;385;282;29;29;0;0;29;29
22675;420;282;29;29;0;0;29;29
22679;455;282;29;29;0;0;29;29
22684;490;282;29;29;0;0;29;29
22696;525;282;29;29;0;0;29;29
22707;560;282;29;29;0;0;29;29
22718;595;282;29;29;0;0;29;29
22721;630;282;29;29;0;0;29;29
22727;665;282;29;29;0;0;29;29
22730;700;282;29;29;0;0;29;29
22732;735;282;29;29;0;0;29;29
22763;770;282;29;29;0;0;29;29
22766;805;282;29;29;0;0;29;29
22768;840;282;29;29;0;0;29;29
22769;875;282;29;29;0;0;29;29
22770;910;282;29;29;0;0;29;29
22793;945;282;29;29;0;0;29;29
22799;980;282;29;29;0;0;29;29
22805;1015;282;29;29;0;0;29;29
22806;1050;282;29;29;0;0;29;29
22810;1085;282;29;29;0;0;29;29
22812;1120;282;29;29;0;0;29;29
22818;1155;282;29;29;0;0;29;29
22823;1190;282;29;29;0;0;29;29
22825;1225;282;29;29;0;0;29;29
22826;1260;282;29;29;0;0;29;29
22827;1295;282;29;29;0;0;29;29
22830;1330;282;29;29;0;0;29;29
22833;1365;282;29;29;0;0;29;29
22855;1400;282;29;29;0;0;29;29
22856;1435;282;29;29;0;0;29;29
22857;1470;282;29;29;0;0;29;29
22863;1505;282;29;29;0;0;29;29
22865;1540;282;29;29;0;0;29;29
22868;1575;282;29;29;0;0;29;29
22885;1610;282;29;29;0;0;29;29
22888;1645;282;29;29;0;0;29;29
22890;1680;282;29;29;0;0;29;29
22894;1715;282;29;29;0;0;29;29
22899;1750;282;29;29;0;0;29;29
22900;1785;282;29;29;0;0;29;29
22909;1820;282;29;29;0;0;29;29
22914;1855;282;29;29;0;0;29;29
22915;1890;282;29;29;0;0;29;29
22916;1925;282;29;29;0;0;29;29
22922;1960;282;29;29;0;0;29;29
22934;1995;282;29;29;0;0;29;29
22937;2030;282;29;29;0;0;29;29
22949;2065;282;29;29;0;0;29;29
22952;2100;282;29;29;0;0;29;29
22956;2135;282;29;29;0;0;29;29
22969;2170;282;29;29;0;0;29;29
22971;2205;282;29;29;0;0;29;29
22985;2240;282;29;29;0;0;29;29
22987;2275;282;29;29;0;0;29;29
22995;2310;282;29;29;0;0;29;29
22996;2345;282;29;29;0;0;29;29
23019;2380;282;29;29;0;0;29;29
23035;2415;282;29;29;0;0;29;29
23039;2450;282;29;29;0;0;29;29
23041;2485;282;29;29;0;0;29;29
23064;2520;282;29;29;0;0;29;29
23072;2555;282;29;29;0;0;29;29
23087;2590;282;29;29;0;0;29;29
23110;2625;282;29;29;0;0;29;29
23130;2660;282;29;29;0;0;29;29
23142;2695;282;29;29;0;0;29;29
23167;2730;282;29;29;0;0;29;29
23186;2765;282;29;29;0;0;29;29
23195;2800;282;29;29;0;0;29;29
23233;2835;282;29;29;0;0;29;29
23241;2870;282;29;29;0;0;29;29
23244;2905;282;29;29;0;0;29;29
23265;2940;282;29;29;0;0;29;29
23330;2975;282;29;29;0;0;29;29
23376;3010;282;29;29;0;0;29;29
23380;3045;282;29;29;0;0;29;29
23383;3080;282;29;29;0;0;29;29
23384;3115;282;29;29;0;0;29;29
23389;3150;282;29;29;0;0;29;29
23395;3185;282;29;29;0;0;29;29
23396;3220;282;29;29;0;0;29;29
23398;3255;282;29;29;0;0;29;29
23403;3290;282;29;29;0;0;29;29
23429;3325;282;29;29;0;0;29;29
23431;3360;282;29;29;0;0;29;29
23432;3395;282;29;29;0;0;29;29
23433;3430;282;29;29;0;0;29;29
23436;3465;282;29;29;0;0;29;29
23447;3500;282;29;29;0;0;29;29
23448;3535;282;29;29;0;0;29;29
23449;3570;282;29;29;0;0;29;29
23450;3605;282;29;29;0;0;29;29
23451;3640;282;29;29;0;0;29;29
23452;3675;282;29;29;0;0;29;29
23453;3710;282;29;29;0;0;29;29
23455;3745;282;29;29;0;0;29;29
23458;3780;282;29;29;0;0;29;29
23459;3815;282;29;29;0;0;29;29
23460;3850;282;29;29;0;0;29;29
23470;3885;282;29;29;0;0;29;29
23472;3920;282;29;29;0;0;29;29
23475;3955;282;29;29;0;0;29;29
23476;3990;282;29;29;0;0;29;29
23477;4025;282;29;29;0;0;29;29
23478;4060;282;29;29;0;0;29;29
23481;0;317;29;29;0;0;29;29
23487;35;317;29;29;0;0;29;29
23490;70;317;29;29;0;0;29;29
23492;105;317;29;29;0;0;29;29
23494;140;317;29;29;0;0;29;29
23500;175;317;29;29;0;0;29;29
23506;210;317;29;29;0;0;29;29
23515;245;317;29;29;0;0;29;29
23517;280;317;29;29;0;0;29;29
23519;315;317;29;29;0;0;29;29
23521;350;317;29;29;0;0;29;29
23527;385;317;29;29;0;0;29;29
23529;420;317;29;29;0;0;29;29
23534;455;317;29;29;0;0;29;29
23544;490;317;29;29;0;0;29;29
23546;525;317;29;29;0;0;29;29
23550;560;317;29;29;0;0;29;29
23551;595;317;29;29;0;0;29;29
23553;630;317;29;29;0;0;29;29
23554;665;317;29;29;0;0;29;29
23556;700;317;29;29;0;0;29;29
23558;735;317;29;29;0;0;29;29
23561;770;317;29;29;0;0;29;29
23562;805;317;29;29;0;0;29;29
23563;840;317;29;29;0;0;29;29
23566;875;317;29;29;0;0;29;29
23567;910;317;29;29;0;0;29;29
23569;945;317;29;29;0;0;29;29
23578;980;317;29;29;0;0;29;29
23601;1015;317;29;29;0;0;29;29
23610;1050;317;29;29;0;0;29;29
23611;1085;317;29;29;0;0;29;29
23612;1120;317;29;29;0;0;29;29
23613;1155;317;29;29;0;0;29;29
23614;1190;317;29;29;0;0;29;29
23615;1225;317;29;29;0;0;29;29
23616;1260;317;29;29;0;0;29;29
23621;1295;317;29;29;0;0;29;29
23624;1330;317;29;29;0;0;29;29
23626;1365;317;29;29;0;0;29;29
23627;1400;317;29;29;0;0;29;29
23637;1435;317;29;29;0;0;29;29
23646;1470;317;29;29;0;0;29;29
23652;1505;317;29;29;0;0;29;29
23653;1540;317;29;29;0;0;29;29
23663;1575;317;29;29;0;0;29;29
23665;1610;317;29;29;0;0;29;29
23696;1645;317;29;29;0;0;29;29
23713;1680;317;29;29;0;0;29;29
23721;1715;317;29;29;0;0;29;29
23724;1750;317;29;29;0;0;29;29
23731;1785;317;29;29;0;0;29;29
23736;1820;317;29;29;0;0;29;29
23776;1855;317;29;29;0;0;29;29
23777;1890;317;29;29;0;0;29;29
23792;1925;317;29;29;0;0;29;29
23798;1960;317;29;29;0;0;29;29
23815;1995;317;29;29;0;0;29;29
23822;2030;317;29;29;0;0;29;29
23830;2065;317;29;29;0;0;29;29
23849;2100;317;29;29;0;0;29;29
23888;2135;317;29;29;0;0;29;29
24029;2170;317;29;29;0;0;29;29
24030;2205;317;29;29;0;0;29;29
24033;2240;317;29;29;0;0;29;29
24035;2275;317;29;29;0;0;29;29
24037;2310;317;29;29;0;0;29;29
24038;2345;317;29;29;0;0;29;29
24039;2380;317;29;29;0;0;29;29
24040;2415;317;29;29;0;0;29;29
24046;2450;317;29;29;0;0;29;29
24049;2485;317;29;29;0;0;29;29
24059;2520;317;29;29;0;0;29;29
24062;2555;317;29;29;0;0;29;29
24066;2590;317;29;29;0;0;29;29
24067;2625;317;29;29;0;0;29;29
24070;2660;317;29;29;0;0;29;29
24076;2695;317;29;29;0;0;29;29
24093;2730;317;29;29;0;0;29;29
24101;2765;317;29;29;0;0;29;29
24107;2800;317;29;29;0;0;29;29
24109;2835;317;29;29;0;0;29;29
24111;2870;317;29;29;0;0;29;29
24112;2905;317;29;29;0;0;29;29
24115;2940;317;29;29;0;0;29;29
24120;2975;317;29;29;0;0;29;29
24125;3010;317;29;29;0;0;29;29
24133;3045;317;29;29;0;0;29;29
24149;3080;317;29;29;0;0;29;29
24163;3115;317;29;29;0;0;29;29
24178;3150;317;29;29;0;0;29;29
24179;3185;317;29;29;0;0;29;29
24180;3220;317;29;29;0;0;29;29
24184;3255;317;29;29;0;0;29;29
24185;3290;317;29;29;0;0;29;29
24187;3325;317;29;29;0;0;29;29
24188;3360;317;29;29;0;0;29;29
24189;3395;317;29;29;0;0;29;29
24190;3430;317;29;29;0;0;29;29
24193;3465;317;29;29;0;0;29;29
24195;3500;317;29;29;0;0;29;29
24202;3535;317;29;29;0;0;29;29
24207;3570;317;29;29;0;0;29;29
24213;3605;317;29;29;0;0;29;29
24215;3640;317;29;29;0;0;29;29
24220;3675;317;29;29;0;0;29;29
24230;3710;317;29;29;0;0;29;29
24231;3745;317;29;29;0;0;29;29
24235;3780;317;29;29;0;0;29;29
24237;3815;317;29;29;0;0;29;29
24246;3850;317;29;29;0;0;29;29
24247;3885;317;29;29;0;0;29;29
24248;3920;317;29;29;0;0;29;29
24259;3955;317;29;29;0;0;29;29
24265;3990;317;29;29;0;0;29;29
24266;4025;317;29;29;0;0;29;29
24310;4060;317;29;29;0;0;29;29
24311;0;352;29;29;0;0;29;29
24314;35;352;29;29;0;0;29;29
24321;70;352;29;29;0;0;29;29
24324;105;352;29;29;0;0;29;29
24330;140;352;29;29;0;0;29;29
24335;175;352;29;29;0;0;29;29
24336;210;352;29;29;0;0;29;29
24339;245;352;29;29;0;0;29;29
24340;280;352;29;29;0;0;29;29
24341;315;352;29;29;0;0;29;29
24351;350;352;29;29;0;0;29;29
24357;385;352;29;29;0;0;29;29
24358;420;352;29;29;0;0;29;29
24359;455;352;29;29;0;0;29;29
24369;490;352;29;29;0;0;29;29
24373;525;352;29;29;0;0;29;29
24375;560;352;29;29;0;0;29;29
24382;595;352;29;29;0;0;29;29
24403;630;352;29;29;0;0;29;29
24409;665;352;29;29;0;0;29;29
24418;700;352;29;29;0;0;29;29
24425;735;352;29;29;0;0;29;29
24427;770;352;29;29;0;0;29;29
24432;805;352;29;29;0;0;29;29
24433;840;352;29;29;0;0;29;29
24441;875;352;29;29;0;0;29;29
24444;910;352;29;29;0;0;29;29
24448;945;352;29;29;0;0;29;29
24449;980;352;29;29;0;0;29;29
24452;1015;352;29;29;0;0;29;29
24453;1050;352;29;29;0;0;29;29
24459;1085;352;29;29;0;0;29;29
24460;1120;352;29;29;0;0;29;29
24464;1155;352;29;29;0;0;29;29
24466;1190;352;29;29;0;0;29;29
24467;1225;352;29;29;0;0;29;29
24471;1260;352;29;29;0;0;29;29
24481;1295;352;29;29;0;0;29;29
24489;1330;352;29;29;0;0;29;29
24490;1365;352;29;29;0;0;29;29
24494;1400;352;29;29;0;0;29;29
24499;1435;352;29;29;0;0;29;29
24500;1470;352;29;29;0;0;29;29
24505;1505;352;29;29;0;0;29;29
24515;1540;352;29;29;0;0;29;29
24517;1575;352;29;29;0;0;29;29
24524;1610;352;29;29;0;0;29;29
24525;1645;352;29;29;0;0;29;29
24535;1680;352;29;29;0;0;29;29
24536;1715;352;29;29;0;0;29;29
24537;1750;352;29;29;0;0;29;29
24540;1785;352;29;29;0;0;29;29
24544;1820;352;29;29;0;0;29;29
24555;1855;352;29;29;0;0;29;29
24565;1890;352;29;29;0;0;29;29
24594;1925;352;29;29;0;0;29;29
24598;1960;352;29;29;0;0;29;29
24605;1995;352;29;29;0;0;29;29
24608;2030;352;29;29;0;0;29;29
24613;2065;352;29;29;0;0;29;29
24615;2100;352;29;29;0;0;29;29
24616;2135;352;29;29;0;0;29;29
24618;2170;352;29;29;0;0;29;29
24651;2205;352;29;29;0;0;29;29
24656;2240;352;29;29;0;0;29;29
24658;2275;352;29;29;0;0;29;29
24675;2310;352;29;29;0;0;29;29
24677;2345;352;29;29;0;0;29;29
24680;2380;352;29;29;0;0;29;29
24681;2415;352;29;29;0;0;29;29
24685;2450;352;29;29;0;0;29;29
24687;2485;352;29;29;0;0;29;29
24693;2520;352;29;29;0;0;29;29
24724;2555;352;29;29;0;0;29;29
24735;2590;352;29;29;0;0;29;29
24736;2625;352;29;29;0;0;29;29
24739;2660;352;29;29;0;0;29;29
24742;2695;352;29;29;0;0;29;29
24745;2730;352;29;29;0;0;29;29
24746;2765;352;29;29;0;0;29;29
24754;2800;352;29;29;0;0;29;29
24764;2835;352;29;29;0;0;29;29
24773;2870;352;29;29;0;0;29;29
24785;2905;352;29;29;0;0;29;29
24796;2940;352;29;29;0;0;29;29
24807;2975;352;29;29;0;0;29;29
24808;3010;352;29;29;0;0;29;29
24816;3045;352;29;29;0;0;29;29
24819;3080;352;29;29;0;0;29;29
24833;3115;352;29;29;0;0;29;29
24841;3150;352;29;29;0;0;29;29
24847;3185;352;29;29;0;0;29;29
24858;3220;352;29;29;0;0;29;29
24859;3255;352;29;29;0;0;29;29
24863;3290;352;29;29;0;0;29;29
24900;3325;352;29;29;0;0;29;29
24904;3360;352;29;29;0;0;29;29
24907;3395;352;29;29;0;0;29;29
24908;3430;352;29;29;0;0;29;29
24910;3465;352;29;29;0;0;29;29
24917;3500;352;29;29;0;0;29;29
24930;3535;352;29;29;0;0;29;29
24931;3570;352;29;29;0;0;29;29
24936;3605;352;29;29;0;0;29;29
24942;3640;352;29;29;0;0;29;29
24944;3675;352;29;29;0;0;29;29
24950;3710;352;29;29;0;0;29;29
24962;3745;352;29;29;0;0;29;29
24974;3780;352;29;29;0;0;29;29
24996;3815;352;29;29;0;0;29;29
24999;3850;352;29;29;0;0;29;29
25001;3885;352;29;29;0;0;29;29
25004;3920;352;29;29;0;0;29;29
25010;3955;352;29;29;0;0;29;29
25014;3990;352;29;29;0;0;29;29
25022;4025;352;29;29;0;0;29;29
25031;4060;352;29;29;0;0;29;29
25040;0;387;29;29;0;0;29;29
25074;35;387;29;29;0;0;29;29
25080;70;387;29;29;0;0;29;29
25104;105;387;29;29;0;0;29;29
25105;140;387;29;29;0;0;29;29
25106;175;387;29;29;0;0;29;29
25114;210;387;29;29;0;0;29;29
25126;245;387;29;29;0;0;29;29
25135;280;387;29;29;0;0;29;29
25140;315;387;29;29;0;0;29;29
25144;350;387;29;29;0;0;29;29
25147;385;387;29;29;0;0;29;29
25151;420;387;29;29;0;0;29;29
25152;455;387;29;29;0;0;29;29
25159;490;387;29;29;0;0;29;29
25161;525;387;29;29;0;0;29;29
25163;560;387;29;29;0;0;29;29
25165;595;387;29;29;0;0;29;29
25171;630;387;29;29;0;0;29;29
25173;665;387;29;29;0;0;29;29
25201;700;387;29;29;0;0;29;29
25206;735;387;29;29;0;0;29;29
25209;770;387;29;29;0;0;29;29
25215;805;387;29;29;0;0;29;29
25216;840;387;29;29;0;0;29;29
25220;875;387;29;29;0;0;29;29
25226;910;387;29;29;0;0;29;29
25233;945;387;29;29;0;0;29;29
25237;980;387;29;29;0;0;29;29
25239;1015;387;29;29;0;0;29;29
25240;1050;387;29;29;0;0;29;29
25244;1085;387;29;29;0;0;29;29
25246;1120;387;29;29;0;0;29;29
25259;1155;387;29;29;0;0;29;29
25265;1190;387;29;29;0;0;29;29
25269;1225;387;29;29;0;0;29;29
25273;1260;387;29;29;0;0;29;29
25276;1295;387;29;29;0;0;29;29
25277;1330;387;29;29;0;0;29;29
25285;1365;387;29;29;0;0;29;29
25289;1400;387;29;29;0;0;29;29
25293;1435;387;29;29;0;0;29;29
25296;1470;387;29;29;0;0;29;29
25298;1505;387;29;29;0;0;29;29
25299;1540;387;29;29;0;0;29;29
25304;1575;387;29;29;0;0;29;29
25305;1610;387;29;29;0;0;29;29
25307;1645;387;29;29;0;0;29;29
25309;1680;387;29;29;0;0;29;29
25312;1715;387;29;29;0;0;29;29
25313;1750;387;29;29;0;0;29;29
25324;1785;387;29;29;0;0;29;29
25325;1820;387;29;29;0;0;29;29
25331;1855;387;29;29;0;0;29;29
25334;1890;387;29;29;0;0;29;29
25335;1925;387;29;29;0;0;29;29
25342;1960;387;29;29;0;0;29;29
25345;1995;387;29;29;0;0;29;29
25351;2030;387;29;29;0;0;29;29
25361;2065;387;29;29;0;0;29;29
25369;2100;387;29;29;0;0;29;29
25375;2135;387;29;29;0;0;29;29
25384;2170;387;29;29;0;0;29;29
25387;2205;387;29;29;0;0;29;29
25391;2240;387;29;29;0;0;29;29
25407;2275;387;29;29;0;0;29;29
25417;2310;387;29;29;0;0;29;29
25429;2345;387;29;29;0;0;29;29
25431;2380;387;29;29;0;0;29;29
25436;2415;387;29;29;0;0;29;29
25448;2450;387;29;29;0;0;29;29
25454;2485;387;29;29;0;0;29;29
25467;2520;387;29;29;0;0;29;29
25475;2555;387;29;29;0;0;29;29
25480;2590;387;29;29;0;0;29;29
25484;2625;387;29;29;0;0;29;29
25490;2660;387;29;29;0;0;29;29
25496;2695;387;29;29;0;0;29;29
25499;2730;387;29;29;0;0;29;29
25505;2765;387;29;29;0;0;29;29
25506;2800;387;29;29;0;0;29;29
25509;2835;387;29;29;0;0;29;29
25511;2870;387;29;29;0;0;29;29
25512;2905;387;29;29;0;0;29;29
25514;2940;387;29;29;0;0;29;29
25522;2975;387;29;29;0;0;29;29
25551;3010;387;29;29;0;0;29;29
25552;3045;387;29;29;0;0;29;29
25562;3080;387;29;29;0;0;29;29
25563;3115;387;29;29;0;0;29;29
25569;3150;387;29;29;0;0;29;29
25582;3185;387;29;29;0;0;29;29
25588;3220;387;29;29;0;0;29;29
25594;3255;387;29;29;0;0;29;29
25613;3290;387;29;29;0;0;29;29
25644;3325;387;29;29;0;0;29;29
25645;3360;387;29;29;0;0;29;29
25658;3395;387;29;29;0;0;29;29
25662;3430;387;29;29;0;0;29;29
25666;3465;387;29;29;0;0;29;29
25688;3500;387;29;29;0;0;29;29
25705;3535;387;29;29;0;0;29;29
25711;3570;387;29;29;0;0;29;29
25731;3605;387;29;29;0;0;29;29
25764;3640;387;29;29;0;0;29;29
25774;3675;387;29;29;0;0;29;29
25778;3710;387;29;29;0;0;29;29
25793;3745;387;29;29;0;0;29;29
25805;3780;387;29;29;0;0;29;29
25830;3815;387;29;29;0;0;29;29
25836;3850;387;29;29;0;0;29;29
25903;3885;387;29;29;0;0;29;29
25913;3920;387;29;29;0;0;29;29
25915;3955;387;29;29;0;0;29;29
25918;3990;387;29;29;0;0;29;29
25919;4025;387;29;29;0;0;29;29
25925;4060;387;29;29;0;0;29;29
25935;0;422;29;29;0;0;29;29
25937;35;422;29;29;0;0;29;29
25943;70;422;29;29;0;0;29;29
25945;105;422;29;29;0;0;29;29
25954;140;422;29;29;0;0;29;29
25955;175;422;29;29;0;0;29;29
25964;210;422;29;29;0;0;29;29
25968;245;422;29;29;0;0;29;29
25972;280;422;29;29;0;0;29;29
25973;315;422;29;29;0;0;29;29
25975;350;422;29;29;0;0;29;29
25991;385;422;29;29;0;0;29;29
25993;420;422;29;29;0;0;29;29
25998;455;422;29;29;0;0;29;29
26001;490;422;29;29;0;0;29;29
26007;525;422;29;29;0;0;29;29
26009;560;422;29;29;0;0;29;29
26012;595;422;29;29;0;0;29;29
26020;630;422;29;29;0;0;29;29
26021;665;422;29;29;0;0;29;29
26028;700;422;29;29;0;0;29;29
26029;735;422;29;29;0;0;29;29
26032;770;422;29;29;0;0;29;29
26041;805;422;29;29;0;0;29;29
26045;840;422;29;29;0;0;29;29
26053;875;422;29;29;0;0;29;29
26059;910;422;29;29;0;0;29;29
26063;945;422;29;29;0;0;29;29
26071;980;422;29;29;0;0;29;29
26082;1015;422;29;29;0;0;29;29
26085;1050;422;29;29;0;0;29;29
26086;1085;422;29;29;0;0;29;29
26087;1120;422;29;29;0;0;29;29
26088;1155;422;29;29;0;0;29;29
26089;1190;422;29;29;0;0;29;29
26092;1225;422;29;29;0;0;29;29
26106;1260;422;29;29;0;0;29;29
26118;1295;422;29;29;0;0;29;29
26119;1330;422;29;29;0;0;29;29
26126;1365;422;29;29;0;0;29;29
26131;1400;422;29;29;0;0;29;29
26132;1435;422;29;29;0;0;29;29
26143;1470;422;29;29;0;0;29;29
26144;1505;422;29;29;0;0;29;29
26149;1540;422;29;29;0;0;29;29
26151;1575;422;29;29;0;0;29;29
26152;1610;422;29;29;0;0;29;29
26157;1645;422;29;29;0;0;29;29
26159;1680;422;29;29;0;0;29;29
26172;1715;422;29;29;0;0;29;29
26178;1750;422;29;29;0;0;29;29
26217;1785;422;29;29;0;0;29;29
26222;1820;422;29;29;0;0;29;29
26223;1855;422;29;29;0;0;29;29
26228;1890;422;29;29;0;0;29;29
26230;1925;422;29;29;0;0;29;29
26241;1960;422;29;29;0;0;29;29
26247;1995;422;29;29;0;0;29;29
26257;2030;422;29;29;0;0;29;29
26262;2065;422;29;29;0;0;29;29
26263;2100;422;29;29;0;0;29;29
26278;2135;422;29;29;0;0;29;29
26283;2170;422;29;29;0;0;29;29
26286;2205;422;29;29;0;0;29;29
26292;2240;422;29;29;0;0;29;29
26311;2275;422;29;29;0;0;29;29
26326;2310;422;29;29;0;0;29;29
26332;2345;422;29;29;0;0;29;29
26354;2380;422;29;29;0;0;29;29
26356;2415;422;29;29;0;0;29;29
26360;2450;422;29;29;0;0;29;29
26361;2485;422;29;29;0;0;29;29
26365;2520;422;29;29;0;0;29;29
26367;2555;422;29;29;0;0;29;29
26368;2590;422;29;29;0;0;29;29
26376;2625;422;29;29;0;0;29;29
26377;2660;422;29;29;0;0;29;29
26381;2695;422;29;29;0;0;29;29
26389;2730;422;29;29;0;0;29;29
26391;2765;422;29;29;0;0;29;29
26395;2800;422;29;29;0;0;29;29
26397;2835;422;29;29;0;0;29;29
26399;2870;422;29;29;0;0;29;29
26408;2905;422;29;29;0;0;29;29
26410;2940;422;29;29;0;0;29;29
26411;2975;422;29;29;0;0;29;29
26412;3010;422;29;29;0;0;29;29
26413;3045;422;29;29;0;0;29;29
26417;3080;422;29;29;0;0;29;29
26420;3115;422;29;29;0;0;29;29
26426;3150;422;29;29;0;0;29;29
26429;3185;422;29;29;0;0;29;29
26441;3220;422;29;29;0;0;29;29
26448;3255;422;29;29;0;0;29;29
26449;3290;422;29;29;0;0;29;29
26463;3325;422;29;29;0;0;29;29
26465;3360;422;29;29;0;0;29;29
26469;3395;422;29;29;0;0;29;29
26479;3430;422;29;29;0;0;29;29
26481;3465;422;29;29;0;0;29;29
26494;3500;422;29;29;0;0;29;29
26495;3535;422;29;29;0;0;29;29
26512;3570;422;29;29;0;0;29;29
26517;3605;422;29;29;0;0;29;29
26519;3640;422;29;29;0;0;29;29
26522;3675;422;29;29;0;0;29;29
26524;3710;422;29;29;0;0;29;29
26525;3745;422;29;29;0;0;29;29
26528;3780;422;29;29;0;0;29;29
26530;3815;422;29;29;0;0;29;29
26543;3850;422;29;29;0;0;29;29
26550;3885;422;29;29;0;0;29;29
26564;3920;422;29;29;0;0;29;29
26576;3955;422;29;29;0;0;29;29
26579;3990;422;29;29;0;0;29;29
26580;4025;422;29;29;0;0;29;29
26609;4060;422;29;29;0;0;29;29
26611;0;457;29;29;0;0;29;29
26613;35;457;29;29;0;0;29;29
26619;70;457;29;29;0;0;29;29
26623;105;457;29;29;0;0;29;29
26627;140;457;29;29;0;0;29;29
26628;175;457;29;29;0;0;29;29
26643;210;457;29;29;0;0;29;29
26657;245;457;29;29;0;0;29;29
26666;280;457;29;29;0;0;29;29
26680;315;457;29;29;0;0;29;29
26681;350;457;29;29;0;0;29;29
26684;385;457;29;29;0;0;29;29
26685;420;457;29;29;0;0;29;29
26689;455;457;29;29;0;0;29;29
26691;490;457;29;29;0;0;29;29
26696;525;457;29;29;0;0;29;29
26705;560;457;29;29;0;0;29;29
26716;595;457;29;29;0;0;29;29
26719;630;457;29;29;0;0;29;29
26757;665;457;29;29;0;0;29;29
26775;700;457;29;29;0;0;29;29
26792;735;457;29;29;0;0;29;29
26800;770;457;29;29;0;0;29;29
26820;805;457;29;29;0;0;29;29
26827;840;457;29;29;0;0;29;29
26834;875;457;29;29;0;0;29;29
26842;910;457;29;29;0;0;29;29
26847;945;457;29;29;0;0;29;29
26862;980;457;29;29;0;0;29;29
26874;1015;457;29;29;0;0;29;29
26885;1050;457;29;29;0;0;29;29
26893;1085;457;29;29;0;0;29;29
26894;1120;457;29;29;0;0;29;29
26908;1155;457;29;29;0;0;29;29
26989;1190;457;29;29;0;0;29;29
26997;1225;457;29;29;0;0;29;29
26999;1260;457;29;29;0;0;29;29
27004;1295;457;29;29;0;0;29;29
27005;1330;457;29;29;0;0;29;29
27010;1365;457;29;29;0;0;29;29
27083;1400;457;29;29;0;0;29;29
27096;1435;457;29;29;0;0;29;29
27133;1470;457;29;29;0;0;29;29
27161;1505;457;29;29;0;0;29;29
27169;1540;457;29;29;0;0;29;29
27177;1575;457;29;29;0;0;29;29
27178;1610;457;29;29;0;0;29;29
27193;1645;457;29;29;0;0;29;29
27211;1680;457;29;29;0;0;29;29
27231;1715;457;29;29;0;0;29;29
27396;1750;457;29;29;0;0;29;29
27424;1785;457;29;29;0;0;29;29
27425;1820;457;29;29;0;0;29;29
27431;1855;457;29;29;0;0;29;29
27442;1890;457;29;29;0;0;29;29
27450;1925;457;29;29;0;0;29;29
27454;1960;457;29;29;0;0;29;29
27468;1995;457;29;29;0;0;29;29
27475;2030;457;29;29;0;0;29;29
27490;2065;457;29;29;0;0;29;29
27491;2100;457;29;29;0;0;29;29
27494;2135;457;29;29;0;0;29;29
27497;2170;457;29;29;0;0;29;29
27503;2205;457;29;29;0;0;29;29
27507;2240;457;29;29;0;0;29;29
27508;2275;457;29;29;0;0;29;29
27515;2310;457;29;29;0;0;29;29
27529;2345;457;29;29;0;0;29;29
27530;2380;457;29;29;0;0;29;29
27531;2415;457;29;29;0;0;29;29
27542;2450;457;29;29;0;0;29;29
27572;2485;457;29;29;0;0;29;29
27573;2520;457;29;29;0;0;29;29
27578;2555;457;29;29;0;0;29;29
27579;2590;457;29;29;0;0;29;29
27583;2625;457;29;29;0;0;29;29
27584;2660;457;29;29;0;0;29;29
27597;2695;457;29;29;0;0;29;29
27598;2730;457;29;29;0;0;29;29
27602;2765;457;29;29;0;0;29;29
27604;2800;457;29;29;0;0;29;29
27611;2835;457;29;29;0;0;29;29
27663;2870;457;29;29;0;0;29;29
27665;2905;457;29;29;0;0;29;29
27671;2940;457;29;29;0;0;29;29
27700;2975;457;29;29;0;0;29;29
27703;3010;457;29;29;0;0;29;29
27704;3045;457;29;29;0;0;29;29
27710;3080;457;29;29;0;0;29;29
27713;3115;457;29;29;0;0;29;29
27714;3150;457;29;29;0;0;29;29
27726;3185;457;29;29;0;0;29;29
27735;3220;457;29;29;0;0;29;29
27738;3255;457;29;29;0;0;29;29
27743;3290;457;29;29;0;0;29;29
27744;3325;457;29;29;0;0;29;29
27760;3360;457;29;29;0;0;29;29
27770;3395;457;29;29;0;0;29;29
27773;3430;457;29;29;0;0;29;29
27779;3465;457;29;29;0;0;29;29
27784;3500;457;29;29;0;0;29;29
27798;3535;457;29;29;0;0;29;29
27801;3570;457;29;29;0;0;29;29
27809;3605;457;29;29;0;0;29;29
27810;3640;457;29;29;0;0;29;29
27827;3675;457;29;29;0;0;29;29
27832;3710;457;29;29;0;0;29;29
27833;3745;457;29;29;0;0;29;29
27835;3780;457;29;29;0;0;29;29
27836;3815;457;29;29;0;0;29;29
27839;3850;457;29;29;0;0;29;29
27841;3885;457;29;29;0;0;29;29
27849;3920;457;29;29;0;0;29;29
27850;3955;457;29;29;0;0;29;29
27852;3990;457;29;29;0;0;29;29
27861;4025;457;29;29;0;0;29;29
27873;4060;457;29;29;0;0;29;29
27874;0;492;29;29;0;0;29;29
27875;35;492;29;29;0;0;29;29
27877;70;492;29;29;0;0;29;29
27880;105;492;29;29;0;0;29;29
27888;140;492;29;29;0;0;29;29
27891;175;492;29;29;0;0;29;29
27915;210;492;29;29;0;0;29;29
27927;245;492;29;29;0;0;29;29
27934;280;492;29;29;0;0;29;29
27941;315;492;29;29;0;0;29;29
27946;350;492;29;29;0;0;29;29
27963;385;492;29;29;0;0;29;29
27966;420;492;29;29;0;0;29;29
27969;455;492;29;29;0;0;29;29
27972;490;492;29;29;0;0;29;29
27973;525;492;29;29;0;0;29;29
27996;560;492;29;29;0;0;29;29
28006;595;492;29;29;0;0;29;29
28010;630;492;29;29;0;0;29;29
28014;665;492;29;29;0;0;29;29
28020;700;492;29;29;0;0;29;29
28023;735;492;29;29;0;0;29;29
28024;770;492;29;29;0;0;29;29
28040;805;492;29;29;0;0;29;29
28057;840;492;29;29;0;0;29;29
28079;875;492;29;29;0;0;29;29
28082;910;492;29;29;0;0;29;29
28092;945;492;29;29;0;0;29;29
28113;980;492;29;29;0;0;29;29
28129;1015;492;29;29;0;0;29;29
28139;1050;492;29;29;0;0;29;29
28145;1085;492;29;29;0;0;29;29
28151;1120;492;29;29;0;0;29;29
28155;1155;492;29;29;0;0;29;29
28165;1190;492;29;29;0;0;29;29
28167;1225;492;29;29;0;0;29;29
28168;1260;492;29;29;0;0;29;29
28169;1295;492;29;29;0;0;29;29
28171;1330;492;29;29;0;0;29;29
28179;1365;492;29;29;0;0;29;29
28187;1400;492;29;29;0;0;29;29
28193;1435;492;29;29;0;0;29;29
28198;1470;492;29;29;0;0;29;29
28201;1505;492;29;29;0;0;29;29
28204;1540;492;29;29;0;0;29;29
28207;1575;492;29;29;0;0;29;29
28246;1610;492;29;29;0;0;29;29
28263;1645;492;29;29;0;0;29;29
28271;1680;492;29;29;0;0;29;29
28286;1715;492;29;29;0;0;29;29
28287;1750;492;29;29;0;0;29;29
28288;1785;492;29;29;0;0;29;29
28304;1820;492;29;29;0;0;29;29
28310;1855;492;29;29;0;0;29;29
28317;1890;492;29;29;0;0;29;29
28342;1925;492;29;29;0;0;29;29
28346;1960;492;29;29;0;0;29;29
28357;1995;492;29;29;0;0;29;29
28363;2030;492;29;29;0;0;29;29
28369;2065;492;29;29;0;0;29;29
28381;2100;492;29;29;0;0;29;29
28382;2135;492;29;29;0;0;29;29
28404;2170;492;29;29;0;0;29;29
28417;2205;492;29;29;0;0;29;29
28418;2240;492;29;29;0;0;29;29
28422;2275;492;29;29;0;0;29;29
28431;2310;492;29;29;0;0;29;29
28436;2345;492;29;29;0;0;29;29
28448;2380;492;29;29;0;0;29;29
28450;2415;492;29;29;0;0;29;29
28459;2450;492;29;29;0;0;29;29
28460;2485;492;29;29;0;0;29;29
28472;2520;492;29;29;0;0;29;29
28500;2555;492;29;29;0;0;29;29
28508;2590;492;29;29;0;0;29;29
28511;2625;492;29;29;0;0;29;29
28516;2660;492;29;29;0;0;29;29
28526;2695;492;29;29;0;0;29;29
28528;2730;492;29;29;0;0;29;29
28548;2765;492;29;29;0;0;29;29
28608;2800;492;29;29;0;0;29;29
28609;2835;492;29;29;0;0;29;29
28611;2870;492;29;29;0;0;29;29
28651;2905;492;29;29;0;0;29;29
28655;2940;492;29;29;0;0;29;29
28716;2975;492;29;29;0;0;29;29
28779;3010;492;29;29;0;0;29;29
28783;3045;492;29;29;0;0;29;29
28784;3080;492;29;29;0;0;29;29
28797;3115;492;29;29;0;0;29;29
28809;3150;492;29;29;0;0;29;29
28810;3185;492;29;29;0;0;29;29
28814;3220;492;29;29;0;0;29;29
28845;3255;492;29;29;0;0;29;29
28857;3290;492;29;29;0;0;29;29
28858;3325;492;29;29;0;0;29;29
28872;3360;492;29;29;0;0;29;29
28961;3395;492;29;29;0;0;29;29
28966;3430;492;29;29;0;0;29;29
28982;3465;492;29;29;0;0;29;29
28988;3500;492;29;29;0;0;29;29
29006;3535;492;29;29;0;0;29;29
29017;3570;492;29;29;0;0;29;29
29031;3605;492;29;29;0;0;29;29
29033;3640;492;29;29;0;0;29;29
29038;3675;492;29;29;0;0;29;29
29066;3710;492;29;29;0;0;29;29
29087;3745;492;29;29;0;0;29;29
29105;3780;492;29;29;0;0;29;29
29123;3815;492;29;29;0;0;29;29
29157;3850;492;29;29;0;0;29;29
29190;3885;492;29;29;0;0;29;29
29226;3920;492;29;29;0;0;29;29
29237;3955;492;29;29;0;0;29;29
29238;3990;492;29;29;0;0;29;29
29245;4025;492;29;29;0;0;29;29
29255;4060;492;29;29;0;0;29;29
29256;0;527;29;29;0;0;29;29
29273;35;527;29;29;0;0;29;29
29275;70;527;29;29;0;0;29;29
29287;105;527;29;29;0;0;29;29
29289;140;527;29;29;0;0;29;29
29298;175;527;29;29;0;0;29;29
29305;210;527;29;29;0;0;29;29
29344;245;527;29;29;0;0;29;29
29356;280;527;29;29;0;0;29;29
29359;315;527;29;29;0;0;29;29
29366;350;527;29;29;0;0;29;29
29378;385;527;29;29;0;0;29;29
29401;420;527;29;29;0;0;29;29
29417;455;527;29;29;0;0;29;29
29420;490;527;29;29;0;0;29;29
29421;525;527;29;29;0;0;29;29
29467;560;527;29;29;0;0;29;29
29471;595;527;29;29;0;0;29;29
29483;630;527;29;29;0;0;29;29
29486;665;527;29;29;0;0;29;29
29494;700;527;29;29;0;0;29;29
29503;735;527;29;29;0;0;29;29
29508;770;527;29;29;0;0;29;29
29539;805;527;29;29;0;0;29;29
29554;840;527;29;29;0;0;29;29
29572;875;527;29;29;0;0;29;29
29575;910;527;29;29;0;0;29;29
29577;945;527;29;29;0;0;29;29
29579;980;527;29;29;0;0;29;29
29609;1015;527;29;29;0;0;29;29
29645;1050;527;29;29;0;0;29;29
29664;1085;527;29;29;0;0;29;29
29677;1120;527;29;29;0;0;29;29
29694;1155;527;29;29;0;0;29;29
29699;1190;527;29;29;0;0;29;29
29702;1225;527;29;29;0;0;29;29
29748;1260;527;29;29;0;0;29;29
29792;1295;527;29;29;0;0;29;29
29827;1330;527;29;29;0;0;29;29
29863;1365;527;29;29;0;0;29;29
29872;1400;527;29;29;0;0;29;29
29885;1435;527;29;29;0;0;29;29
29926;1470;527;29;29;0;0;29;29
29942;1505;527;29;29;0;0;29;29
29976;1540;527;29;29;0;0;29;29
29978;1575;527;29;29;0;0;29;29
29983;1610;527;29;29;0;0;29;29
29987;1645;527;29;29;0;0;29;29
29992;1680;527;29;29;0;0;29;29
30000;1715;527;29;29;0;0;29;29
30001;1750;527;29;29;0;0;29;29
30002;1785;527;29;29;0;0;29;29
30003;1820;527;29;29;0;0;29;29
30007;1855;527;29;29;0;0;29;29
30010;1890;527;29;29;0;0;29;29
30011;1925;527;29;29;0;0;29;29
30028;1960;527;29;29;0;0;29;29
30031;1995;527;29;29;0;0;29;29
30033;2030;527;29;29;0;0;29;29
30036;2065;527;29;29;0;0;29;29
30041;2100;527;29;29;0;0;29;29
30044;2135;527;29;29;0;0;29;29
30045;2170;527;29;29;0;0;29;29
30053;2205;527;29;29;0;0;29;29
30058;2240;527;29;29;0;0;29;29
30064;2275;527;29;29;0;0;29;29
30067;2310;527;29;29;0;0;29;29
30079;2345;527;29;29;0;0;29;29
30094;2380;527;29;29;0;0;29;29
30097;2415;527;29;29;0;0;29;29
30123;2450;527;29;29;0;0;29;29
30130;2485;527;29;29;0;0;29;29
30142;2520;527;29;29;0;0;29;29
30149;2555;527;29;29;0;0;29;29
30151;2590;527;29;29;0;0;29;29
30165;2625;527;29;29;0;0;29;29
30168;2660;527;29;29;0;0;29;29
30171;2695;527;29;29;0;0;29;29
30178;2730;527;29;29;0;0;29;29
30185;2765;527;29;29;0;0;29;29
30196;2800;527;29;29;0;0;29;29
30221;2835;527;29;29;0;0;29;29
30274;2870;527;29;29;0;0;29;29
30290;2905;527;29;29;0;0;29;29
30294;2940;527;29;29;0;0;29;29
30330;2975;527;29;29;0;0;29;29
30331;3010;527;29;29;0;0;29;29
30333;3045;527;29;29;0;0;29;29
30334;3080;527;29;29;0;0;29;29
30340;3115;527;29;29;0;0;29;29
30342;3150;527;29;29;0;0;29;29
30343;3185;527;29;29;0;0;29;29
30382;3220;527;29;29;0;0;29;29
30399;3255;527;29;29;0;0;29;29
30406;3290;527;29;29;0;0;29;29
30410;3325;527;29;29;0;0;29;29
30423;3360;527;29;29;0;0;29;29
30427;3395;527;29;29;0;0;29;29
30431;3430;527;29;29;0;0;29;29
30435;3465;527;29;29;0;0;29;29
30436;3500;527;29;29;0;0;29;29
30446;3535;527;29;29;0;0;29;29
30450;3570;527;29;29;0;0;29;29
30452;3605;527;29;29;0;0;29;29
30456;3640;527;29;29;0;0;29;29
30462;3675;527;29;29;0;0;29;29
30465;3710;527;29;29;0;0;29;29
30473;3745;527;29;29;0;0;29;29
30475;3780;527;29;29;0;0;29;29
30476;3815;527;29;29;0;0;29;29
30495;3850;527;29;29;0;0;29;29
30496;3885;527;29;29;0;0;29;29
30522;3920;527;29;29;0;0;29;29
30524;3955;527;29;29;0;0;29;29
30528;3990;527;29;29;0;0;29;29
30561;4025;527;29;29;0;0;29;29
30563;4060;527;29;29;0;0;29;29
30566;0;562;29;29;0;0;29;29
30636;35;562;29;29;0;0;29;29
30637;70;562;29;29;0;0;29;29
30643;105;562;29;29;0;0;29;29
30683;140;562;29;29;0;0;29;29
30690;175;562;29;29;0;0;29;29
30693;210;562;29;29;0;0;29;29
30701;245;562;29;29;0;0;29;29
30703;280;562;29;29;0;0;29;29
30707;315;562;29;29;0;0;29;29
30722;350;562;29;29;0;0;29;29
30740;385;562;29;29;0;0;29;29
30741;420;562;29;29;0;0;29;29
30770;455;562;29;29;0;0;29;29
30772;490;562;29;29;0;0;29;29
30813;525;562;29;29;0;0;29;29
30827;560;562;29;29;0;0;29;29
30828;595;562;29;29;0;0;29;29
30849;630;562;29;29;0;0;29;29
30865;665;562;29;29;0;0;29;29
30906;700;562;29;29;0;0;29;29
30913;735;562;29;29;0;0;29;29
30952;770;562;29;29;0;0;29;29
30977;805;562;29;29;0;0;29;29
30990;840;562;29;29;0;0;29;29
31034;875;562;29;29;0;0;29;29
31036;910;562;29;29;0;0;29;29
31038;945;562;29;29;0;0;29;29
31048;980;562;29;29;0;0;29;29
31049;1015;562;29;29;0;0;29;29
31062;1050;562;29;29;0;0;29;29
31069;1085;562;29;29;0;0;29;29
31070;1120;562;29;29;0;0;29;29
31077;1155;562;29;29;0;0;29;29
31080;1190;562;29;29;0;0;29;29
31085;1225;562;29;29;0;0;29;29
31105;1260;562;29;29;0;0;29;29
31109;1295;562;29;29;0;0;29;29
31117;1330;562;29;29;0;0;29;29
31119;1365;562;29;29;0;0;29;29
31168;1400;562;29;29;0;0;29;29
31169;1435;562;29;29;0;0;29;29
31179;1470;562;29;29;0;0;29;29
31185;1505;562;29;29;0;0;29;29
31186;1540;562;29;29;0;0;29;29
31192;1575;562;29;29;0;0;29;29
31199;1610;562;29;29;0;0;29;29
31209;1645;562;29;29;0;0;29;29
31216;1680;562;29;29;0;0;29;29
31227;1715;562;29;29;0;0;29;29
31243;1750;562;29;29;0;0;29;29
31246;1785;562;29;29;0;0;29;29
31258;1820;562;29;29;0;0;29;29
31278;1855;562;29;29;0;0;29;29
31282;1890;562;29;29;0;0;29;29
31292;1925;562;29;29;0;0;29;29
31293;1960;562;29;29;0;0;29;29
31295;1995;562;29;29;0;0;29;29
31296;2030;562;29;29;0;0;29;29
31298;2065;562;29;29;0;0;29;29
31309;2100;562;29;29;0;0;29;29
31311;2135;562;29;29;0;0;29;29
31339;2170;562;29;29;0;0;29;29
31348;2205;562;29;29;0;0;29;29
31350;2240;562;29;29;0;0;29;29
31354;2275;562;29;29;0;0;29;29
31361;2310;562;29;29;0;0;29;29
31363;2345;562;29;29;0;0;29;29
31378;2380;562;29;29;0;0;29;29
31379;2415;562;29;29;0;0;29;29
31391;2450;562;29;29;0;0;29;29
31406;2485;562;29;29;0;0;29;29
31407;2520;562;29;29;0;0;29;29
31435;2555;562;29;29;0;0;29;29
31452;2590;562;29;29;0;0;29;29
31456;2625;562;29;29;0;0;29;29
31461;2660;562;29;29;0;0;29;29
31471;2695;562;29;29;0;0;29;29
31478;2730;562;29;29;0;0;29;29
31481;2765;562;29;29;0;0;29;29
31505;2800;562;29;29;0;0;29;29
31515;2835;562;29;29;0;0;29;29
31526;2870;562;29;29;0;0;29;29
31532;2905;562;29;29;0;0;29;29
31558;2940;562;29;29;0;0;29;29
31561;2975;562;29;29;0;0;29;29
31563;3010;562;29;29;0;0;29;29
31570;3045;562;29;29;0;0;29;29
31572;3080;562;29;29;0;0;29;29
31574;3115;562;29;29;0;0;29;29
31623;3150;562;29;29;0;0;29;29
31627;3185;562;29;29;0;0;29;29
31639;3220;562;29;29;0;0;29;29
31649;3255;562;29;29;0;0;29;29
31665;3290;562;29;29;0;0;29;29
31672;3325;562;29;29;0;0;29;29
31680;3360;562;29;29;0;0;29;29
31684;3395;562;29;29;0;0;29;29
31689;3430;562;29;29;0;0;29;29
31716;3465;562;29;29;0;0;29;29
31777;3500;562;29;29;0;0;29;29
31807;3535;562;29;29;0;0;29;29
31821;3570;562;29;29;0;0;29;29
31840;3605;562;29;29;0;0;29;29
31859;3640;562;29;29;0;0;29;29
31881;3675;562;29;29;0;0;29;29
31883;3710;562;29;29;0;0;29;29
31890;3745;562;29;29;0;0;29;29
31895;3780;562;29;29;0;0;29;29
31896;3815;562;29;29;0;0;29;29
31899;3850;562;29;29;0;0;29;29
31911;3885;562;29;29;0;0;29;29
31934;3920;562;29;29;0;0;29;29
31958;3955;562;29;29;0;0;29;29
31975;3990;562;29;29;0;0;29;29
31992;4025;562;29;29;0;0;29;29
31995;4060;562;29;29;0;0;29;29
31998;0;597;29;29;0;0;29;29
32000;35;597;29;29;0;0;29;29
32004;70;597;29;29;0;0;29;29
32005;105;597;29;29;0;0;29;29
32011;140;597;29;29;0;0;29;29
32013;175;597;29;29;0;0;29;29
32020;210;597;29;29;0;0;29;29
32025;245;597;29;29;0;0;29;29
32026;280;597;29;29;0;0;29;29
32027;315;597;29;29;0;0;29;29
32032;350;597;29;29;0;0;29;29
32033;385;597;29;29;0;0;29;29
32034;420;597;29;29;0;0;29;29
32043;455;597;29;29;0;0;29;29
32047;490;597;29;29;0;0;29;29
32048;525;597;29;29;0;0;29;29
32051;560;597;29;29;0;0;29;29
32057;595;597;29;29;0;0;29;29
32058;630;597;29;29;0;0;29;29
32066;665;597;29;29;0;0;29;29
32068;700;597;29;29;0;0;29;29
32076;735;597;29;29;0;0;29;29
32080;770;597;29;29;0;0;29;29
32094;805;597;29;29;0;0;29;29
32097;840;597;29;29;0;0;29;29
32102;875;597;29;29;0;0;29;29
32113;910;597;29;29;0;0;29;29
32117;945;597;29;29;0;0;29;29
32118;980;597;29;29;0;0;29;29
32121;1015;597;29;29;0;0;29;29
32153;1050;597;29;29;0;0;29;29
32154;1085;597;29;29;0;0;29;29
32173;1120;597;29;29;0;0;29;29
32177;1155;597;29;29;0;0;29;29
32178;1190;597;29;29;0;0;29;29
32187;1225;597;29;29;0;0;29;29
32191;1260;597;29;29;0;0;29;29
32202;1295;597;29;29;0;0;29;29
32207;1330;597;29;29;0;0;29;29
32209;1365;597;29;29;0;0;29;29
32210;1400;597;29;29;0;0;29;29
32218;1435;597;29;29;0;0;29;29
32224;1470;597;29;29;0;0;29;29
32232;1505;597;29;29;0;0;29;29
32233;1540;597;29;29;0;0;29;29
32239;1575;597;29;29;0;0;29;29
32244;1610;597;29;29;0;0;29;29
32251;1645;597;29;29;0;0;29;29
32257;1680;597;29;29;0;0;29;29
32260;1715;597;29;29;0;0;29;29
32283;1750;597;29;29;0;0;29;29
32294;1785;597;29;29;0;0;29;29
32299;1820;597;29;29;0;0;29;29
32302;1855;597;29;29;0;0;29;29
32318;1890;597;29;29;0;0;29;29
32321;1925;597;29;29;0;0;29;29
32330;1960;597;29;29;0;0;29;29
32340;1995;597;29;29;0;0;29;29
32341;2030;597;29;29;0;0;29;29
32365;2065;597;29;29;0;0;29;29
32368;2100;597;29;29;0;0;29;29
32566;2135;597;29;29;0;0;29;29
32618;2170;597;29;29;0;0;29;29
32622;2205;597;29;29;0;0;29;29
32624;2240;597;29;29;0;0;29;29
32626;2275;597;29;29;0;0;29;29
32629;2310;597;29;29;0;0;29;29
32631;2345;597;29;29;0;0;29;29
32645;2380;597;29;29;0;0;29;29
32650;2415;597;29;29;0;0;29;29
32654;2450;597;29;29;0;0;29;29
32670;2485;597;29;29;0;0;29;29
32676;2520;597;29;29;0;0;29;29
32680;2555;597;29;29;0;0;29;29
32681;2590;597;29;29;0;0;29;29
32701;2625;597;29;29;0;0;29;29
32705;2660;597;29;29;0;0;29;29
32716;2695;597;29;29;0;0;29;29
32722;2730;597;29;29;0;0;29;29
32763;2765;597;29;29;0;0;29;29
32764;2800;597;29;29;0;0;29;29
32769;2835;597;29;29;0;0;29;29
32771;2870;597;29;29;0;0;29;29
32773;2905;597;29;29;0;0;29;29
32784;2940;597;29;29;0;0;29;29
32789;2975;597;29;29;0;0;29;29
32791;3010;597;29;29;0;0;29;29
32819;3045;597;29;29;0;0;29;29
32854;3080;597;29;29;0;0;29;29
32862;3115;597;29;29;0;0;29;29
32884;3150;597;29;29;0;0;29;29
32887;3185;597;29;29;0;0;29;29
32905;3220;597;29;29;0;0;29;29
32908;3255;597;29;29;0;0;29;29
32918;3290;597;29;29;0;0;29;29
32920;3325;597;29;29;0;0;29;29
32925;3360;597;29;29;0;0;29;29
32929;3395;597;29;29;0;0;29;29
32930;3430;597;29;29;0;0;29;29
32933;3465;597;29;29;0;0;29;29
32937;3500;597;29;29;0;0;29;29
32938;3535;597;29;29;0;0;29;29
32943;3570;597;29;29;0;0;29;29
32946;3605;597;29;29;0;0;29;29
32954;3640;597;29;29;0;0;29;29
32963;3675;597;29;29;0;0;29;29
32966;3710;597;29;29;0;0;29;29
32972;3745;597;29;29;0;0;29;29
32974;3780;597;29;29;0;0;29;29
32990;3815;597;29;29;0;0;29;29
33012;3850;597;29;29;0;0;29;29
33016;3885;597;29;29;0;0;29;29
33021;3920;597;29;29;0;0;29;29
33026;3955;597;29;29;0;0;29;29
33029;3990;597;29;29;0;0;29;29
33031;4025;597;29;29;0;0;29;29
33032;4060;597;29;29;0;0;29;29
33034;0;632;29;29;0;0;29;29
33050;35;632;29;29;0;0;29;29
33073;70;632;29;29;0;0;29;29
33075;105;632;29;29;0;0;29;29
33102;140;632;29;29;0;0;29;29
33104;175;632;29;29;0;0;29;29
33109;210;632;29;29;0;0;29;29
33131;245;632;29;29;0;0;29;29
33136;280;632;29;29;0;0;29;29
33144;315;632;29;29;0;0;29;29
33145;350;632;29;29;0;0;29;29
33146;385;632;29;29;0;0;29;29
33178;420;632;29;29;0;0;29;29
33180;455;632;29;29;0;0;29;29
33181;490;632;29;29;0;0;29;29
33192;525;632;29;29;0;0;29;29
33203;560;632;29;29;0;0;29;29
33222;595;632;29;29;0;0;29;29
33235;630;632;29;29;0;0;29;29
33251;665;632;29;29;0;0;29;29
33256;700;632;29;29;0;0;29;29
33258;735;632;29;29;0;0;29;29
33261;770;632;29;29;0;0;29;29
33267;805;632;29;29;0;0;29;29
33268;840;632;29;29;0;0;29;29
33276;875;632;29;29;0;0;29;29
33288;910;632;29;29;0;0;29;29
33292;945;632;29;29;0;0;29;29
33294;980;632;29;29;0;0;29;29
33303;1015;632;29;29;0;0;29;29
33310;1050;632;29;29;0;0;29;29
33311;1085;632;29;29;0;0;29;29
33322;1120;632;29;29;0;0;29;29
33324;1155;632;29;29;0;0;29;29
33334;1190;632;29;29;0;0;29;29
33335;1225;632;29;29;0;0;29;29
33337;1260;632;29;29;0;0;29;29
33351;1295;632;29;29;0;0;29;29
33382;1330;632;29;29;0;0;29;29
33391;1365;632;29;29;0;0;29;29
33394;1400;632;29;29;0;0;29;29
33398;1435;632;29;29;0;0;29;29
33419;1470;632;29;29;0;0;29;29
33437;1505;632;29;29;0;0;29;29
33455;1540;632;29;29;0;0;29;29
33457;1575;632;29;29;0;0;29;29
33459;1610;632;29;29;0;0;29;29
33464;1645;632;29;29;0;0;29;29
33469;1680;632;29;29;0;0;29;29
33495;1715;632;29;29;0;0;29;29
33499;1750;632;29;29;0;0;29;29
33509;1785;632;29;29;0;0;29;29
33510;1820;632;29;29;0;0;29;29
33521;1855;632;29;29;0;0;29;29
33538;1890;632;29;29;0;0;29;29
33550;1925;632;29;29;0;0;29;29
33576;1960;632;29;29;0;0;29;29
33590;1995;632;29;29;0;0;29;29
33609;2030;632;29;29;0;0;29;29
33618;2065;632;29;29;0;0;29;29
33624;2100;632;29;29;0;0;29;29
33655;2135;632;29;29;0;0;29;29
33738;2170;632;29;29;0;0;29;29
33740;2205;632;29;29;0;0;29;29
33747;2240;632;29;29;0;0;29;29
33756;2275;632;29;29;0;0;29;29
33775;2310;632;29;29;0;0;29;29
33806;2345;632;29;29;0;0;29;29
33853;2380;632;29;29;0;0;29;29
33865;2415;632;29;29;0;0;29;29
33879;2450;632;29;29;0;0;29;29
33883;2485;632;29;29;0;0;29;29
33900;2520;632;29;29;0;0;29;29
33976;2555;632;29;29;0;0;29;29
33988;2590;632;29;29;0;0;29;29
33995;2625;632;29;29;0;0;29;29
34065;2660;632;29;29;0;0;29;29
34101;2695;632;29;29;0;0;29;29
34109;2730;632;29;29;0;0;29;29
34180;2765;632;29;29;0;0;29;29
34214;2800;632;29;29;0;0;29;29
34218;2835;632;29;29;0;0;29;29
34219;2870;632;29;29;0;0;29;29
34220;2905;632;29;29;0;0;29;29
34253;2940;632;29;29;0;0;29;29
34276;2975;632;29;29;0;0;29;29
34281;3010;632;29;29;0;0;29;29
34299;3045;632;29;29;0;0;29;29
34382;3080;632;29;29;0;0;29;29
34384;3115;632;29;29;0;0;29;29
34394;3150;632;29;29;0;0;29;29
34396;3185;632;29;29;0;0;29;29
34398;3220;632;29;29;0;0;29;29
34411;3255;632;29;29;0;0;29;29
34425;3290;632;29;29;0;0;29;29
34442;3325;632;29;29;0;0;29;29
34453;3360;632;29;29;0;0;29;29
34503;3395;632;29;29;0;0;29;29
34509;3430;632;29;29;0;0;29;29
34542;3465;632;29;29;0;0;29;29
34562;3500;632;29;29;0;0;29;29
34588;3535;632;29;29;0;0;29;29
34701;3570;632;29;29;0;0;29;29
34880;3605;632;29;29;0;0;29;29
34886;3640;632;29;29;0;0;29;29
34892;3675;632;29;29;0;0;29;29
34899;3710;632;29;29;0;0;29;29
34903;3745;632;29;29;0;0;29;29
34907;3780;632;29;29;0;0;29;29
34909;3815;632;29;29;0;0;29;29
34913;3850;632;29;29;0;0;29;29
34915;3885;632;29;29;0;0;29;29
34920;3920;632;29;29;0;0;29;29
34928;3955;632;29;29;0;0;29;29
34935;3990;632;29;29;0;0;29;29
34955;4025;632;29;29;0;0;29;29
34966;4060;632;29;29;0;0;29;29
34987;0;667;29;29;0;0;29;29
35009;35;667;29;29;0;0;29;29
35010;70;667;29;29;0;0;29;29
35013;105;667;29;29;0;0;29;29
35023;140;667;29;29;0;0;29;29
35029;175;667;29;29;0;0;29;29
35036;210;667;29;29;0;0;29;29
35064;245;667;29;29;0;0;29;29
35069;280;667;29;29;0;0;29;29
35070;315;667;29;29;0;0;29;29
35079;350;667;29;29;0;0;29;29
35088;385;667;29;29;0;0;29;29
35090;420;667;29;29;0;0;29;29
35167;455;667;29;29;0;0;29;29
35186;490;667;29;29;0;0;29;29
35199;525;667;29;29;0;0;29;29
35201;560;667;29;29;0;0;29;29
35206;595;667;29;29;0;0;29;29
35207;630;667;29;29;0;0;29;29
35211;665;667;29;29;0;0;29;29
35215;700;667;29;29;0;0;29;29
35222;735;667;29;29;0;0;29;29
35226;770;667;29;29;0;0;29;29
35239;805;667;29;29;0;0;29;29
35242;840;667;29;29;0;0;29;29
35251;875;667;29;29;0;0;29;29
35282;910;667;29;29;0;0;29;29
35299;945;667;29;29;0;0;29;29
35302;980;667;29;29;0;0;29;29
35328;1015;667;29;29;0;0;29;29
35330;1050;667;29;29;0;0;29;29
35331;1085;667;29;29;0;0;29;29
35336;1120;667;29;29;0;0;29;29
35342;1155;667;29;29;0;0;29;29
35347;1190;667;29;29;0;0;29;29
35351;1225;667;29;29;0;0;29;29
35352;1260;667;29;29;0;0;29;29
35359;1295;667;29;29;0;0;29;29
35370;1330;667;29;29;0;0;29;29
35373;1365;667;29;29;0;0;29;29
35377;1400;667;29;29;0;0;29;29
35379;1435;667;29;29;0;0;29;29
35380;1470;667;29;29;0;0;29;29
35386;1505;667;29;29;0;0;29;29
35388;1540;667;29;29;0;0;29;29
35408;1575;667;29;29;0;0;29;29
35412;1610;667;29;29;0;0;29;29
35413;1645;667;29;29;0;0;29;29
35422;1680;667;29;29;0;0;29;29
35424;1715;667;29;29;0;0;29;29
35427;1750;667;29;29;0;0;29;29
35430;1785;667;29;29;0;0;29;29
35433;1820;667;29;29;0;0;29;29
35438;1855;667;29;29;0;0;29;29
35440;1890;667;29;29;0;0;29;29
35441;1925;667;29;29;0;0;29;29
35442;1960;667;29;29;0;0;29;29
35443;1995;667;29;29;0;0;29;29
35463;2030;667;29;29;0;0;29;29
35465;2065;667;29;29;0;0;29;29
35468;2100;667;29;29;0;0;29;29
35469;2135;667;29;29;0;0;29;29
35475;2170;667;29;29;0;0;29;29
35477;2205;667;29;29;0;0;29;29
35480;2240;667;29;29;0;0;29;29
35486;2275;667;29;29;0;0;29;29
35488;2310;667;29;29;0;0;29;29
35492;2345;667;29;29;0;0;29;29
35500;2380;667;29;29;0;0;29;29
35501;2415;667;29;29;0;0;29;29
35504;2450;667;29;29;0;0;29;29
35506;2485;667;29;29;0;0;29;29
35519;2520;667;29;29;0;0;29;29
35527;2555;667;29;29;0;0;29;29
35531;2590;667;29;29;0;0;29;29
35542;2625;667;29;29;0;0;29;29
35558;2660;667;29;29;0;0;29;29
35559;2695;667;29;29;0;0;29;29
35565;2730;667;29;29;0;0;29;29
35566;2765;667;29;29;0;0;29;29
35576;2800;667;29;29;0;0;29;29
35582;2835;667;29;29;0;0;29;29
35584;2870;667;29;29;0;0;29;29
35585;2905;667;29;29;0;0;29;29
35588;2940;667;29;29;0;0;29;29
35598;2975;667;29;29;0;0;29;29
35609;3010;667;29;29;0;0;29;29
35611;3045;667;29;29;0;0;29;29
35613;3080;667;29;29;0;0;29;29
35617;3115;667;29;29;0;0;29;29
35641;3150;667;29;29;0;0;29;29
35672;3185;667;29;29;0;0;29;29
35676;3220;667;29;29;0;0;29;29
35686;3255;667;29;29;0;0;29;29
35696;3290;667;29;29;0;0;29;29
35698;3325;667;29;29;0;0;29;29
35703;3360;667;29;29;0;0;29;29
35895;3395;667;29;29;0;0;29;29
35910;3430;667;29;29;0;0;29;29
35914;3465;667;29;29;0;0;29;29
35930;3500;667;29;29;0;0;29;29
35937;3535;667;29;29;0;0;29;29
35946;3570;667;29;29;0;0;29;29
35980;3605;667;29;29;0;0;29;29
35997;3640;667;29;29;0;0;29;29
35998;3675;667;29;29;0;0;29;29
36000;3710;667;29;29;0;0;29;29
36001;3745;667;29;29;0;0;29;29
36002;3780;667;29;29;0;0;29;29
36007;3815;667;29;29;0;0;29;29
36008;3850;667;29;29;0;0;29;29
36009;3885;667;29;29;0;0;29;29
36010;3920;667;29;29;0;0;29;29
36011;3955;667;29;29;0;0;29;29
36012;3990;667;29;29;0;0;29;29
36015;4025;667;29;29;0;0;29;29
36020;4060;667;29;29;0;0;29;29
36023;0;702;29;29;0;0;29;29
36024;35;702;29;29;0;0;29;29
36027;70;702;29;29;0;0;29;29
36028;105;702;29;29;0;0;29;29
36031;140;702;29;29;0;0;29;29
36032;175;702;29;29;0;0;29;29
36034;210;702;29;29;0;0;29;29
36035;245;702;29;29;0;0;29;29
36036;280;702;29;29;0;0;29;29
36039;315;702;29;29;0;0;29;29
36042;350;702;29;29;0;0;29;29
36051;385;702;29;29;0;0;29;29
36059;420;702;29;29;0;0;29;29
36060;455;702;29;29;0;0;29;29
36062;490;702;29;29;0;0;29;29
36064;525;702;29;29;0;0;29;29
36066;560;702;29;29;0;0;29;29
36070;595;702;29;29;0;0;29;29
36074;630;702;29;29;0;0;29;29
36077;665;702;29;29;0;0;29;29
36092;700;702;29;29;0;0;29;29
36104;735;702;29;29;0;0;29;29
36196;770;702;29;29;0;0;29;29
36198;805;702;29;29;0;0;29;29
36208;840;702;29;29;0;0;29;29
36212;875;702;29;29;0;0;29;29
36215;910;702;29;29;0;0;29;29
36229;945;702;29;29;0;0;29;29
36234;980;702;29;29;0;0;29;29
36259;1015;702;29;29;0;0;29;29
36275;1050;702;29;29;0;0;29;29
36317;1085;702;29;29;0;0;29;29
36321;1120;702;29;29;0;0;29;29
36335;1155;702;29;29;0;0;29;29
36339;1190;702;29;29;0;0;29;29
36341;1225;702;29;29;0;0;29;29
36362;1260;702;29;29;0;0;29;29
36367;1295;702;29;29;0;0;29;29
36394;1330;702;29;29;0;0;29;29
36468;1365;702;29;29;0;0;29;29
36493;1400;702;29;29;0;0;29;29
36523;1435;702;29;29;0;0;29;29
36554;1470;702;29;29;0;0;29;29
36556;1505;702;29;29;0;0;29;29
36557;1540;702;29;29;0;0;29;29
36562;1575;702;29;29;0;0;29;29
36575;1610;702;29;29;0;0;29;29
36578;1645;702;29;29;0;0;29;29
36600;1680;702;29;29;0;0;29;29
36605;1715;702;29;29;0;0;29;29
36611;1750;702;29;29;0;0;29;29
36617;1785;702;29;29;0;0;29;29
36637;1820;702;29;29;0;0;29;29
36649;1855;702;29;29;0;0;29;29
36650;1890;702;29;29;0;0;29;29
36664;1925;702;29;29;0;0;29;29
36676;1960;702;29;29;0;0;29;29
36763;1995;702;29;29;0;0;29;29
36766;2030;702;29;29;0;0;29;29
36771;2065;702;29;29;0;0;29;29
36785;2100;702;29;29;0;0;29;29
36786;2135;702;29;29;0;0;29;29
36794;2170;702;29;29;0;0;29;29
36796;2205;702;29;29;0;0;29;29
36805;2240;702;29;29;0;0;29;29
36814;2275;702;29;29;0;0;29;29
36817;2310;702;29;29;0;0;29;29
36820;2345;702;29;29;0;0;29;29
36843;2380;702;29;29;0;0;29;29
36845;2415;702;29;29;0;0;29;29
36848;2450;702;29;29;0;0;29;29
36855;2485;702;29;29;0;0;29;29
36861;2520;702;29;29;0;0;29;29
36864;2555;702;29;29;0;0;29;29
36865;2590;702;29;29;0;0;29;29
36867;2625;702;29;29;0;0;29;29
36870;2660;702;29;29;0;0;29;29
36879;2695;702;29;29;0;0;29;29
36880;2730;702;29;29;0;0;29;29
36883;2765;702;29;29;0;0;29;29
36884;2800;702;29;29;0;0;29;29
36890;2835;702;29;29;0;0;29;29
36893;2870;702;29;29;0;0;29;29
36895;2905;702;29;29;0;0;29;29
36896;2940;702;29;29;0;0;29;29
36899;2975;702;29;29;0;0;29;29
36910;3010;702;29;29;0;0;29;29
36913;3045;702;29;29;0;0;29;29
36914;3080;702;29;29;0;0;29;29
36920;3115;702;29;29;0;0;29;29
36930;3150;702;29;29;0;0;29;29
36933;3185;702;29;29;0;0;29;29
36935;3220;702;29;29;0;0;29;29
36938;3255;702;29;29;0;0;29;29
36939;3290;702;29;29;0;0;29;29
36941;3325;702;29;29;0;0;29;29
36942;3360;702;29;29;0;0;29;29
36947;3395;702;29;29;0;0;29;29
36948;3430;702;29;29;0;0;29;29
36949;3465;702;29;29;0;0;29;29
36956;3500;702;29;29;0;0;29;29
36960;3535;702;29;29;0;0;29;29
36961;3570;702;29;29;0;0;29;29
36963;3605;702;29;29;0;0;29;29
36969;3640;702;29;29;0;0;29;29
36973;3675;702;29;29;0;0;29;29
36974;3710;702;29;29;0;0;29;29
36981;3745;702;29;29;0;0;29;29
36983;3780;702;29;29;0;0;29;29
36984;3815;702;29;29;0;0;29;29
36986;3850;702;29;29;0;0;29;29
36991;3885;702;29;29;0;0;29;29
36996;3920;702;29;29;0;0;29;29
37027;3955;702;29;29;0;0;29;29
37030;3990;702;29;29;0;0;29;29
37034;4025;702;29;29;0;0;29;29
37048;4060;702;29;29;0;0;29;29
37066;0;737;29;29;0;0;29;29
37070;35;737;29;29;0;0;29;29
37089;70;737;29;29;0;0;29;29
37096;105;737;29;29;0;0;29;29
37101;140;737;29;29;0;0;29;29
37109;175;737;29;29;0;0;29;29
37111;210;737;29;29;0;0;29;29
37117;245;737;29;29;0;0;29;29
37196;280;737;29;29;0;0;29;29
37197;315;737;29;29;0;0;29;29
37198;350;737;29;29;0;0;29;29
37202;385;737;29;29;0;0;29;29
37204;420;737;29;29;0;0;29;29
37218;455;737;29;29;0;0;29;29
37226;490;737;29;29;0;0;29;29
37228;525;737;29;29;0;0;29;29
37237;560;737;29;29;0;0;29;29
37239;595;737;29;29;0;0;29;29
37240;630;737;29;29;0;0;29;29
37266;665;737;29;29;0;0;29;29
37276;700;737;29;29;0;0;29;29
37304;735;737;29;29;0;0;29;29
37319;770;737;29;29;0;0;29;29
37320;805;737;29;29;0;0;29;29
37324;840;737;29;29;0;0;29;29
37325;875;737;29;29;0;0;29;29
37326;910;737;29;29;0;0;29;29
37327;945;737;29;29;0;0;29;29
37329;980;737;29;29;0;0;29;29
37340;1015;737;29;29;0;0;29;29
37341;1050;737;29;29;0;0;29;29
37347;1085;737;29;29;0;0;29;29
37389;1120;737;29;29;0;0;29;29
37428;1155;737;29;29;0;0;29;29
37444;1190;737;29;29;0;0;29;29
37467;1225;737;29;29;0;0;29;29
37474;1260;737;29;29;0;0;29;29
37489;1295;737;29;29;0;0;29;29
37504;1330;737;29;29;0;0;29;29
37507;1365;737;29;29;0;0;29;29
37509;1400;737;29;29;0;0;29;29
37528;1435;737;29;29;0;0;29;29
37549;1470;737;29;29;0;0;29;29
37613;1505;737;29;29;0;0;29;29
37619;1540;737;29;29;0;0;29;29
37628;1575;737;29;29;0;0;29;29
37664;1610;737;29;29;0;0;29;29
37670;1645;737;29;29;0;0;29;29
37676;1680;737;29;29;0;0;29;29
37678;1715;737;29;29;0;0;29;29
37679;1750;737;29;29;0;0;29;29
37682;1785;737;29;29;0;0;29;29
37707;1820;737;29;29;0;0;29;29
37723;1855;737;29;29;0;0;29;29
37749;1890;737;29;29;0;0;29;29
37772;1925;737;29;29;0;0;29;29
37782;1960;737;29;29;0;0;29;29
37806;1995;737;29;29;0;0;29;29
37857;2030;737;29;29;0;0;29;29
37912;2065;737;29;29;0;0;29;29
37969;2100;737;29;29;0;0;29;29
38263;2135;737;29;29;0;0;29;29
38272;2170;737;29;29;0;0;29;29
38281;2205;737;29;29;0;0;29;29
38283;2240;737;29;29;0;0;29;29
38289;2275;737;29;29;0;0;29;29
38291;2310;737;29;29;0;0;29;29
38306;2345;737;29;29;0;0;29;29
38307;2380;737;29;29;0;0;29;29
38309;2415;737;29;29;0;0;29;29
38322;2450;737;29;29;0;0;29;29
38343;2485;737;29;29;0;0;29;29
38360;2520;737;29;29;0;0;29;29
38428;2555;737;29;29;0;0;29;29
38442;2590;737;29;29;0;0;29;29
38450;2625;737;29;29;0;0;29;29
38459;2660;737;29;29;0;0;29;29
38468;2695;737;29;29;0;0;29;29
38477;2730;737;29;29;0;0;29;29
38480;2765;737;29;29;0;0;29;29
38491;2800;737;29;29;0;0;29;29
38498;2835;737;29;29;0;0;29;29
38499;2870;737;29;29;0;0;29;29
38500;2905;737;29;29;0;0;29;29
38501;2940;737;29;29;0;0;29;29
38506;2975;737;29;29;0;0;29;29
38512;3010;737;29;29;0;0;29;29
38515;3045;737;29;29;0;0;29;29
38517;3080;737;29;29;0;0;29;29
38518;3115;737;29;29;0;0;29;29
38520;3150;737;29;29;0;0;29;29
38522;3185;737;29;29;0;0;29;29
38525;3220;737;29;29;0;0;29;29
38533;3255;737;29;29;0;0;29;29
38534;3290;737;29;29;0;0;29;29
38538;3325;737;29;29;0;0;29;29
38542;3360;737;29;29;0;0;29;29
38543;3395;737;29;29;0;0;29;29
38548;3430;737;29;29;0;0;29;29
38553;3465;737;29;29;0;0;29;29
38555;3500;737;29;29;0;0;29;29
38556;3535;737;29;29;0;0;29;29
38560;3570;737;29;29;0;0;29;29
38563;3605;737;29;29;0;0;29;29
38583;3640;737;29;29;0;0;29;29
38587;3675;737;29;29;0;0;29;29
38596;3710;737;29;29;0;0;29;29
38597;3745;737;29;29;0;0;29;29
38598;3780;737;29;29;0;0;29;29
38599;3815;737;29;29;0;0;29;29
38604;3850;737;29;29;0;0;29;29
38609;3885;737;29;29;0;0;29;29
38626;3920;737;29;29;0;0;29;29
38627;3955;737;29;29;0;0;29;29
38632;3990;737;29;29;0;0;29;29
38634;4025;737;29;29;0;0;29;29
38640;4060;737;29;29;0;0;29;29
38642;0;772;29;29;0;0;29;29
38646;35;772;29;29;0;0;29;29
38647;70;772;29;29;0;0;29;29
38651;105;772;29;29;0;0;29;29
38656;140;772;29;29;0;0;29;29
38663;175;772;29;29;0;0;29;29
38666;210;772;29;29;0;0;29;29
38684;245;772;29;29;0;0;29;29
38695;280;772;29;29;0;0;29;29
38706;315;772;29;29;0;0;29;29
38738;350;772;29;29;0;0;29;29
38745;385;772;29;29;0;0;29;29
38750;420;772;29;29;0;0;29;29
38754;455;772;29;29;0;0;29;29
38761;490;772;29;29;0;0;29;29
38772;525;772;29;29;0;0;29;29
38867;560;772;29;29;0;0;29;29
38899;595;772;29;29;0;0;29;29
38907;630;772;29;29;0;0;29;29
38911;665;772;29;29;0;0;29;29
38914;700;772;29;29;0;0;29;29
38915;735;772;29;29;0;0;29;29
38917;770;772;29;29;0;0;29;29
38918;805;772;29;29;0;0;29;29
38920;840;772;29;29;0;0;29;29
38928;875;772;29;29;0;0;29;29
38929;910;772;29;29;0;0;29;29
38930;945;772;29;29;0;0;29;29
38931;980;772;29;29;0;0;29;29
38936;1015;772;29;29;0;0;29;29
38957;1050;772;29;29;0;0;29;29
38960;1085;772;29;29;0;0;29;29
38971;1120;772;29;29;0;0;29;29
38972;1155;772;29;29;0;0;29;29
38988;1190;772;29;29;0;0;29;29
38989;1225;772;29;29;0;0;29;29
38990;1260;772;29;29;0;0;29;29
38996;1295;772;29;29;0;0;29;29
38997;1330;772;29;29;0;0;29;29
39000;1365;772;29;29;0;0;29;29
39006;1400;772;29;29;0;0;29;29
39015;1435;772;29;29;0;0;29;29
39080;1470;772;29;29;0;0;29;29
39131;1505;772;29;29;0;0;29;29
39135;1540;772;29;29;0;0;29;29
39138;1575;772;29;29;0;0;29;29
39151;1610;772;29;29;0;0;29;29
39154;1645;772;29;29;0;0;29;29
39164;1680;772;29;29;0;0;29;29
39165;1715;772;29;29;0;0;29;29
39166;1750;772;29;29;0;0;29;29
39173;1785;772;29;29;0;0;29;29
39178;1820;772;29;29;0;0;29;29
39180;1855;772;29;29;0;0;29;29
39187;1890;772;29;29;0;0;29;29
39208;1925;772;29;29;0;0;29;29
39318;1960;772;29;29;0;0;29;29
39321;1995;772;29;29;0;0;29;29
39340;2030;772;29;29;0;0;29;29
39364;2065;772;29;29;0;0;29;29
39365;2100;772;29;29;0;0;29;29
39366;2135;772;29;29;0;0;29;29
39376;2170;772;29;29;0;0;29;29
39378;2205;772;29;29;0;0;29;29
39438;2240;772;29;29;0;0;29;29
39442;2275;772;29;29;0;0;29;29
39443;2310;772;29;29;0;0;29;29
39472;2345;772;29;29;0;0;29;29
39514;2380;772;29;29;0;0;29;29
39592;2415;772;29;29;0;0;29;29
39608;2450;772;29;29;0;0;29;29
39620;2485;772;29;29;0;0;29;29
39640;2520;772;29;29;0;0;29;29
39658;2555;772;29;29;0;0;29;29
39729;2590;772;29;29;0;0;29;29
39740;2625;772;29;29;0;0;29;29
39746;2660;772;29;29;0;0;29;29
39749;2695;772;29;29;0;0;29;29
39764;2730;772;29;29;0;0;29;29
39770;2765;772;29;29;0;0;29;29
39854;2800;772;29;29;0;0;29;29
39912;2835;772;29;29;0;0;29;29
40165;2870;772;29;29;0;0;29;29
40180;2905;772;29;29;0;0;29;29
40335;2940;772;29;29;0;0;29;29
40372;2975;772;29;29;0;0;29;29
40575;3010;772;29;29;0;0;29;29
40595;3045;772;29;29;0;0;29;29
40599;3080;772;29;29;0;0;29;29
40614;3115;772;29;29;0;0;29;29
40634;3150;772;29;29;0;0;29;29
40635;3185;772;29;29;0;0;29;29
40644;3220;772;29;29;0;0;29;29
40658;3255;772;29;29;0;0;29;29
40665;3290;772;29;29;0;0;29;29
40723;3325;772;29;29;0;0;29;29
40763;3360;772;29;29;0;0;29;29
40802;3395;772;29;29;0;0;29;29
65381;3430;772;29;29;0;0;29;29
65382;3465;772;29;29;0;0;29;29
65383;3500;772;29;29;0;0;29;29
65384;3535;772;29;29;0;0;29;29
65385;3570;772;29;29;0;0;29;29
65386;3605;772;29;29;0;0;29;29
65387;3640;772;29;29;0;0;29;29
65388;3675;772;29;29;0;0;29;29
65389;3710;772;29;29;0;0;29;29
65390;3745;772;29;29;0;0;29;29
65391;3780;772;29;29;0;0;29;29
65392;3815;772;29;29;0;0;29;29
65393;3850;772;29;29;0;0;29;29
65394;3885;772;29;29;0;0;29;29
65395;3920;772;29;29;0;0;29;29
65396;3955;772;29;29;0;0;29;29
65397;3990;772;29;29;0;0;29;29
65398;4025;772;29;29;0;0;29;29
65399;4060;772;29;29;0;0;29;29
65400;0;807;29;29;0;0;29;29
65401;35;807;29;29;0;0;29;29
65402;70;807;29;29;0;0;29;29
65403;105;807;29;29;0;0;29;29
65404;140;807;29;29;0;0;29;29
65405;175;807;29;29;0;0;29;29
65406;210;807;29;29;0;0;29;29
65407;245;807;29;29;0;0;29;29
65408;280;807;29;29;0;0;29;29
65409;315;807;29;29;0;0;29;29
65410;350;807;29;29;0;0;29;29
65411;385;807;29;29;0;0;29;29
65412;420;807;29;29;0;0;29;29
65413;455;807;29;29;0;0;29;29
65414;490;807;29;29;0;0;29;29
65415;525;807;29;29;0;0;29;29
65416;560;807;29;29;0;0;29;29
65417;595;807;29;29;0;0;29;29
65418;630;807;29;29;0;0;29;29
65419;665;807;29;29;0;0;29;29
65420;700;807;29;29;0;0;29;29
65421;735;807;29;29;0;0;29;29
65422;770;807;29;29;0;0;29;29
65423;805;807;29;29;0;0;29;29
65424;840;807;29;29;0;0;29;29
65425;875;807;29;29;0;0;29;29
65426;910;807;29;29;0;0;29;29
65427;945;807;29;29;0;0;29;29
65428;980;807;29;29;0;0;29;29
65429;1015;807;29;29;0;0;29;29
65430;1050;807;29;29;0;0;29;29
65431;1085;807;29;29;0;0;29;29
65432;1120;807;29;29;0;0;29;29
65433;1155;807;29;29;0;0;29;29
65434;1190;807;29;29;0;0;29;29
65435;1225;807;29;29;0;0;29;29
65436;1260;807;29;29;0;0;29;29
65437;1295;807;29;29;0;0;29;29
65438;1330;807;29;29;0;0;29;29
65439;1365;807;29;29;0;0;29;29
65281;0;842;30;27;0;0;30;27
65283;36;842;30;27;0;0;30;27
65284;72;842;30;27;0;0;30;27
65285;108;842;30;27;0;0;30;27
65288;144;842;30;27;0;0;30;27
65289;180;842;30;27;0;0;30;27
65292;216;842;30;27;0;0;30;27
65296;252;842;30;27;0;0;30;27
65297;288;842;30;27;0;0;30;27
65298;324;842;30;27;0;0;30;27
65299;360;842;30;27;0;0;30;27
65300;396;842;30;27;0;0;30;27
65301;432;842;30;27;0;0;30;27
65302;468;842;30;27;0;0;30;27
65303;504;842;30;27;0;0;30;27
65304;540;842;30;27;0;0;30;27
65305;576;842;30;27;0;0;30;27
65306;612;842;30;27;0;0;30;27
65307;648;842;30;27;0;0;30;27
65311;684;842;30;27;0;0;30;27
65371;720;842;30;27;0;0;30;27
65373;756;842;30;27;0;0;30;27
65374;792;842;30;27;0;0;30;27
65509;828;842;30;27;0;0;30;27
