8;0.5;0.5;6
32;0;0;5;6;0;0;5;6
33;11;0;5;6;0;0;5;6
34;22;0;5;6;0;0;5;6
35;33;0;5;6;0;0;5;6
36;44;0;5;6;0;0;5;6
37;55;0;5;6;0;0;5;6
38;66;0;5;6;0;0;5;6
39;77;0;5;6;0;0;5;6
40;88;0;5;6;0;0;5;6
41;99;0;5;6;0;0;5;6
42;110;0;5;6;0;0;5;6
43;121;0;5;6;0;0;5;6
44;132;0;5;6;0;0;5;6
45;143;0;5;6;0;0;5;6
46;154;0;5;6;0;0;5;6
47;165;0;5;6;0;0;5;6
48;176;0;5;6;0;0;5;6
49;187;0;5;6;0;0;5;6
50;198;0;5;6;0;0;5;6
51;209;0;5;6;0;0;5;6
52;220;0;5;6;0;0;5;6
53;231;0;5;6;0;0;5;6
54;242;0;5;6;0;0;5;6
55;253;0;5;6;0;0;5;6
56;264;0;5;6;0;0;5;6
57;275;0;5;6;0;0;5;6
58;286;0;5;6;0;0;5;6
59;297;0;5;6;0;0;5;6
60;308;0;5;6;0;0;5;6
61;319;0;5;6;0;0;5;6
62;330;0;5;6;0;0;5;6
63;341;0;5;6;0;0;5;6
64;352;0;5;6;0;0;5;6
65;363;0;5;6;0;0;5;6
66;374;0;5;6;0;0;5;6
67;385;0;5;6;0;0;5;6
68;396;0;5;6;0;0;5;6
69;407;0;5;6;0;0;5;6
70;418;0;5;6;0;0;5;6
71;429;0;5;6;0;0;5;6
72;440;0;5;6;0;0;5;6
73;451;0;5;6;0;0;5;6
74;462;0;5;6;0;0;5;6
75;473;0;5;6;0;0;5;6
76;484;0;5;6;0;0;5;6
77;495;0;5;6;0;0;5;6
78;506;0;5;6;0;0;5;6
79;517;0;5;6;0;0;5;6
80;528;0;5;6;0;0;5;6
81;539;0;5;6;0;0;5;6
82;550;0;5;6;0;0;5;6
83;561;0;5;6;0;0;5;6
84;572;0;5;6;0;0;5;6
85;583;0;5;6;0;0;5;6
86;594;0;5;6;0;0;5;6
87;605;0;5;6;0;0;5;6
88;616;0;5;6;0;0;5;6
89;627;0;5;6;0;0;5;6
90;638;0;5;6;0;0;5;6
91;649;0;5;6;0;0;5;6
92;660;0;5;6;0;0;5;6
93;671;0;5;6;0;0;5;6
94;682;0;5;6;0;0;5;6
95;693;0;5;6;0;0;5;6
96;704;0;5;6;0;0;5;6
97;715;0;5;6;0;0;5;6
98;726;0;5;6;0;0;5;6
99;737;0;5;6;0;0;5;6
100;748;0;5;6;0;0;5;6
101;759;0;5;6;0;0;5;6
102;770;0;5;6;0;0;5;6
103;781;0;5;6;0;0;5;6
104;792;0;5;6;0;0;5;6
105;803;0;5;6;0;0;5;6
106;814;0;5;6;0;0;5;6
107;825;0;5;6;0;0;5;6
108;836;0;5;6;0;0;5;6
109;847;0;5;6;0;0;5;6
110;858;0;5;6;0;0;5;6
111;869;0;5;6;0;0;5;6
112;880;0;5;6;0;0;5;6
113;891;0;5;6;0;0;5;6
114;902;0;5;6;0;0;5;6
115;913;0;5;6;0;0;5;6
116;924;0;5;6;0;0;5;6
117;935;0;5;6;0;0;5;6
118;946;0;5;6;0;0;5;6
119;957;0;5;6;0;0;5;6
120;968;0;5;6;0;0;5;6
121;979;0;5;6;0;0;5;6
122;990;0;5;6;0;0;5;6
123;1001;0;5;6;0;0;5;6
124;1012;0;5;6;0;0;5;6
125;1023;0;5;6;0;0;5;6
126;1034;0;5;6;0;0;5;6
161;1045;0;5;6;0;0;5;6
162;1056;0;5;6;0;0;5;6
163;1067;0;5;6;0;0;5;6
164;1078;0;5;6;0;0;5;6
165;1089;0;5;6;0;0;5;6
166;1100;0;5;6;0;0;5;6
167;1111;0;5;6;0;0;5;6
168;1122;0;5;6;0;0;5;6
169;1133;0;5;6;0;0;5;6
170;1144;0;5;6;0;0;5;6
171;1155;0;5;6;0;0;5;6
172;1166;0;5;6;0;0;5;6
173;1177;0;5;6;0;0;5;6
174;1188;0;5;6;0;0;5;6
175;1199;0;5;6;0;0;5;6
176;1210;0;5;6;0;0;5;6
177;1221;0;5;6;0;0;5;6
178;1232;0;5;6;0;0;5;6
179;1243;0;5;6;0;0;5;6
180;1254;0;5;6;0;0;5;6
181;1265;0;5;6;0;0;5;6
182;1276;0;5;6;0;0;5;6
183;1287;0;5;6;0;0;5;6
184;1298;0;5;6;0;0;5;6
185;1309;0;5;6;0;0;5;6
186;1320;0;5;6;0;0;5;6
187;1331;0;5;6;0;0;5;6
188;1342;0;5;6;0;0;5;6
189;1353;0;5;6;0;0;5;6
190;1364;0;5;6;0;0;5;6
191;1375;0;5;6;0;0;5;6
192;1386;0;5;6;0;0;5;6
193;1397;0;5;6;0;0;5;6
194;1408;0;5;6;0;0;5;6
195;1419;0;5;6;0;0;5;6
196;1430;0;5;6;0;0;5;6
197;1441;0;5;6;0;0;5;6
198;1452;0;5;6;0;0;5;6
199;1463;0;5;6;0;0;5;6
200;1474;0;5;6;0;0;5;6
201;1485;0;5;6;0;0;5;6
202;1496;0;5;6;0;0;5;6
203;1507;0;5;6;0;0;5;6
204;1518;0;5;6;0;0;5;6
205;1529;0;5;6;0;0;5;6
206;1540;0;5;6;0;0;5;6
207;1551;0;5;6;0;0;5;6
208;1562;0;5;6;0;0;5;6
209;1573;0;5;6;0;0;5;6
210;1584;0;5;6;0;0;5;6
211;1595;0;5;6;0;0;5;6
212;1606;0;5;6;0;0;5;6
213;1617;0;5;6;0;0;5;6
214;1628;0;5;6;0;0;5;6
215;1639;0;5;6;0;0;5;6
216;1650;0;5;6;0;0;5;6
217;1661;0;5;6;0;0;5;6
218;1672;0;5;6;0;0;5;6
219;1683;0;5;6;0;0;5;6
220;1694;0;5;6;0;0;5;6
221;1705;0;5;6;0;0;5;6
222;1716;0;5;6;0;0;5;6
223;1727;0;5;6;0;0;5;6
224;1738;0;5;6;0;0;5;6
225;1749;0;5;6;0;0;5;6
226;1760;0;5;6;0;0;5;6
227;1771;0;5;6;0;0;5;6
228;1782;0;5;6;0;0;5;6
229;1793;0;5;6;0;0;5;6
230;1804;0;5;6;0;0;5;6
231;1815;0;5;6;0;0;5;6
232;1826;0;5;6;0;0;5;6
233;1837;0;5;6;0;0;5;6
234;1848;0;5;6;0;0;5;6
235;1859;0;5;6;0;0;5;6
236;1870;0;5;6;0;0;5;6
237;1881;0;5;6;0;0;5;6
238;1892;0;5;6;0;0;5;6
239;1903;0;5;6;0;0;5;6
240;1914;0;5;6;0;0;5;6
241;1925;0;5;6;0;0;5;6
242;1936;0;5;6;0;0;5;6
243;1947;0;5;6;0;0;5;6
244;1958;0;5;6;0;0;5;6
245;1969;0;5;6;0;0;5;6
246;1980;0;5;6;0;0;5;6
247;1991;0;5;6;0;0;5;6
248;2002;0;5;6;0;0;5;6
249;2013;0;5;6;0;0;5;6
250;2024;0;5;6;0;0;5;6
251;2035;0;5;6;0;0;5;6
252;2046;0;5;6;0;0;5;6
253;2057;0;5;6;0;0;5;6
254;2068;0;5;6;0;0;5;6
255;2079;0;5;6;0;0;5;6
916;2090;0;5;6;0;0;5;6
960;2101;0;5;6;0;0;5;6
8212;0;12;8;8;0;0;8;8
8216;14;12;8;8;0;0;8;8
8217;28;12;8;8;0;0;8;8
8220;42;12;8;8;0;0;8;8
8221;56;12;8;8;0;0;8;8
8230;70;12;8;8;0;0;8;8
8592;84;12;8;8;0;0;8;8
8593;98;12;8;8;0;0;8;8
8594;112;12;8;8;0;0;8;8
8595;126;12;8;8;0;0;8;8
8734;140;12;8;8;0;0;8;8
9320;154;12;8;8;0;0;8;8
12288;168;12;8;8;0;0;8;8
12289;182;12;8;8;0;0;8;8
12290;196;12;8;8;0;0;8;8
12298;210;12;8;8;0;0;8;8
12299;224;12;8;8;0;0;8;8
12300;238;12;8;8;0;0;8;8
12301;252;12;8;8;0;0;8;8
12302;266;12;8;8;0;0;8;8
12303;280;12;8;8;0;0;8;8
12304;294;12;8;8;0;0;8;8
12305;308;12;8;8;0;0;8;8
12308;322;12;8;8;0;0;8;8
12309;336;12;8;8;0;0;8;8
12310;350;12;8;8;0;0;8;8
12311;364;12;8;8;0;0;8;8
12353;0;26;8;8;0;0;8;8
12354;14;26;8;8;0;0;8;8
12355;28;26;8;8;0;0;8;8
12356;42;26;8;8;0;0;8;8
12357;56;26;8;8;0;0;8;8
12358;70;26;8;8;0;0;8;8
12359;84;26;8;8;0;0;8;8
12360;98;26;8;8;0;0;8;8
12361;112;26;8;8;0;0;8;8
12362;126;26;8;8;0;0;8;8
12363;140;26;8;8;0;0;8;8
12364;154;26;8;8;0;0;8;8
12365;168;26;8;8;0;0;8;8
12366;182;26;8;8;0;0;8;8
12367;196;26;8;8;0;0;8;8
12368;210;26;8;8;0;0;8;8
12369;224;26;8;8;0;0;8;8
12370;238;26;8;8;0;0;8;8
12371;252;26;8;8;0;0;8;8
12372;266;26;8;8;0;0;8;8
12373;280;26;8;8;0;0;8;8
12374;294;26;8;8;0;0;8;8
12375;308;26;8;8;0;0;8;8
12376;322;26;8;8;0;0;8;8
12377;336;26;8;8;0;0;8;8
12378;350;26;8;8;0;0;8;8
12379;364;26;8;8;0;0;8;8
12380;378;26;8;8;0;0;8;8
12381;392;26;8;8;0;0;8;8
12382;406;26;8;8;0;0;8;8
12383;420;26;8;8;0;0;8;8
12384;434;26;8;8;0;0;8;8
12385;448;26;8;8;0;0;8;8
12386;462;26;8;8;0;0;8;8
12387;476;26;8;8;0;0;8;8
12388;490;26;8;8;0;0;8;8
12389;504;26;8;8;0;0;8;8
12390;518;26;8;8;0;0;8;8
12391;532;26;8;8;0;0;8;8
12392;546;26;8;8;0;0;8;8
12393;560;26;8;8;0;0;8;8
12394;574;26;8;8;0;0;8;8
12395;588;26;8;8;0;0;8;8
12396;602;26;8;8;0;0;8;8
12397;616;26;8;8;0;0;8;8
12398;630;26;8;8;0;0;8;8
12399;644;26;8;8;0;0;8;8
12400;658;26;8;8;0;0;8;8
12401;672;26;8;8;0;0;8;8
12402;686;26;8;8;0;0;8;8
12403;700;26;8;8;0;0;8;8
12404;714;26;8;8;0;0;8;8
12405;728;26;8;8;0;0;8;8
12406;742;26;8;8;0;0;8;8
12407;756;26;8;8;0;0;8;8
12408;770;26;8;8;0;0;8;8
12409;784;26;8;8;0;0;8;8
12410;798;26;8;8;0;0;8;8
12411;812;26;8;8;0;0;8;8
12412;826;26;8;8;0;0;8;8
12413;840;26;8;8;0;0;8;8
12414;854;26;8;8;0;0;8;8
12415;868;26;8;8;0;0;8;8
12416;882;26;8;8;0;0;8;8
12417;896;26;8;8;0;0;8;8
12418;910;26;8;8;0;0;8;8
12419;924;26;8;8;0;0;8;8
12420;938;26;8;8;0;0;8;8
12421;952;26;8;8;0;0;8;8
12422;966;26;8;8;0;0;8;8
12423;980;26;8;8;0;0;8;8
12424;994;26;8;8;0;0;8;8
12425;1008;26;8;8;0;0;8;8
12426;1022;26;8;8;0;0;8;8
12427;1036;26;8;8;0;0;8;8
12428;1050;26;8;8;0;0;8;8
12429;1064;26;8;8;0;0;8;8
12430;1078;26;8;8;0;0;8;8
12431;1092;26;8;8;0;0;8;8
12432;1106;26;8;8;0;0;8;8
12433;1120;26;8;8;0;0;8;8
12434;1134;26;8;8;0;0;8;8
12435;1148;26;8;8;0;0;8;8
12436;1162;26;8;8;0;0;8;8
12437;1176;26;8;8;0;0;8;8
12438;1190;26;8;8;0;0;8;8
12443;1204;26;8;8;0;0;8;8
12444;1218;26;8;8;0;0;8;8
12445;1232;26;8;8;0;0;8;8
12446;1246;26;8;8;0;0;8;8
12448;1260;26;8;8;0;0;8;8
12449;1274;26;8;8;0;0;8;8
12450;1288;26;8;8;0;0;8;8
12451;1302;26;8;8;0;0;8;8
12452;1316;26;8;8;0;0;8;8
12453;1330;26;8;8;0;0;8;8
12454;1344;26;8;8;0;0;8;8
12455;1358;26;8;8;0;0;8;8
12456;1372;26;8;8;0;0;8;8
12457;1386;26;8;8;0;0;8;8
12458;1400;26;8;8;0;0;8;8
12459;1414;26;8;8;0;0;8;8
12460;1428;26;8;8;0;0;8;8
12461;1442;26;8;8;0;0;8;8
12462;1456;26;8;8;0;0;8;8
12463;1470;26;8;8;0;0;8;8
12464;1484;26;8;8;0;0;8;8
12465;1498;26;8;8;0;0;8;8
12466;1512;26;8;8;0;0;8;8
12467;1526;26;8;8;0;0;8;8
12468;1540;26;8;8;0;0;8;8
12469;1554;26;8;8;0;0;8;8
12470;1568;26;8;8;0;0;8;8
12471;1582;26;8;8;0;0;8;8
12472;1596;26;8;8;0;0;8;8
12473;1610;26;8;8;0;0;8;8
12474;1624;26;8;8;0;0;8;8
12475;1638;26;8;8;0;0;8;8
12476;1652;26;8;8;0;0;8;8
12477;1666;26;8;8;0;0;8;8
12478;1680;26;8;8;0;0;8;8
12479;1694;26;8;8;0;0;8;8
12480;1708;26;8;8;0;0;8;8
12481;1722;26;8;8;0;0;8;8
12482;1736;26;8;8;0;0;8;8
12483;1750;26;8;8;0;0;8;8
12484;1764;26;8;8;0;0;8;8
12485;1778;26;8;8;0;0;8;8
12486;1792;26;8;8;0;0;8;8
12487;1806;26;8;8;0;0;8;8
12488;1820;26;8;8;0;0;8;8
12489;1834;26;8;8;0;0;8;8
12490;1848;26;8;8;0;0;8;8
12491;1862;26;8;8;0;0;8;8
12492;1876;26;8;8;0;0;8;8
12493;1890;26;8;8;0;0;8;8
12494;1904;26;8;8;0;0;8;8
12495;1918;26;8;8;0;0;8;8
12496;1932;26;8;8;0;0;8;8
12497;1946;26;8;8;0;0;8;8
12498;1960;26;8;8;0;0;8;8
12499;1974;26;8;8;0;0;8;8
12500;1988;26;8;8;0;0;8;8
12501;2002;26;8;8;0;0;8;8
12502;2016;26;8;8;0;0;8;8
12503;2030;26;8;8;0;0;8;8
12504;2044;26;8;8;0;0;8;8
12505;2058;26;8;8;0;0;8;8
12506;2072;26;8;8;0;0;8;8
12507;2086;26;8;8;0;0;8;8
12508;2100;26;8;8;0;0;8;8
12509;2114;26;8;8;0;0;8;8
12510;2128;26;8;8;0;0;8;8
12511;2142;26;8;8;0;0;8;8
12512;2156;26;8;8;0;0;8;8
12513;2170;26;8;8;0;0;8;8
12514;2184;26;8;8;0;0;8;8
12515;2198;26;8;8;0;0;8;8
12516;2212;26;8;8;0;0;8;8
12517;2226;26;8;8;0;0;8;8
12518;2240;26;8;8;0;0;8;8
12519;2254;26;8;8;0;0;8;8
12520;2268;26;8;8;0;0;8;8
12521;2282;26;8;8;0;0;8;8
12522;2296;26;8;8;0;0;8;8
12523;2310;26;8;8;0;0;8;8
12524;2324;26;8;8;0;0;8;8
12525;2338;26;8;8;0;0;8;8
12526;2352;26;8;8;0;0;8;8
12527;2366;26;8;8;0;0;8;8
12528;2380;26;8;8;0;0;8;8
12529;2394;26;8;8;0;0;8;8
12530;2408;26;8;8;0;0;8;8
12531;2422;26;8;8;0;0;8;8
12532;2436;26;8;8;0;0;8;8
12533;2450;26;8;8;0;0;8;8
12534;2464;26;8;8;0;0;8;8
12535;2478;26;8;8;0;0;8;8
12536;2492;26;8;8;0;0;8;8
12537;2506;26;8;8;0;0;8;8
12538;2520;26;8;8;0;0;8;8
12539;2534;26;8;8;0;0;8;8
12540;2548;26;8;8;0;0;8;8
12541;2562;26;8;8;0;0;8;8
12542;2576;26;8;8;0;0;8;8
17868;2590;26;8;8;0;0;8;8
19968;2604;26;8;8;0;0;8;8
19969;2618;26;8;8;0;0;8;8
19971;2632;26;8;8;0;0;8;8
19975;2646;26;8;8;0;0;8;8
19976;2660;26;8;8;0;0;8;8
19977;2674;26;8;8;0;0;8;8
19978;2688;26;8;8;0;0;8;8
19979;2702;26;8;8;0;0;8;8
19981;2716;26;8;8;0;0;8;8
19982;2730;26;8;8;0;0;8;8
19988;2744;26;8;8;0;0;8;8
19990;2758;26;8;8;0;0;8;8
19992;2772;26;8;8;0;0;8;8
19993;2786;26;8;8;0;0;8;8
20001;2800;26;8;8;0;0;8;8
20006;2814;26;8;8;0;0;8;8
20013;2828;26;8;8;0;0;8;8
20018;2842;26;8;8;0;0;8;8
20024;2856;26;8;8;0;0;8;8
20025;2870;26;8;8;0;0;8;8
20027;2884;26;8;8;0;0;8;8
20028;2898;26;8;8;0;0;8;8
20037;2912;26;8;8;0;0;8;8
20047;2926;26;8;8;0;0;8;8
20055;2940;26;8;8;0;0;8;8
20057;2954;26;8;8;0;0;8;8
20061;2968;26;8;8;0;0;8;8
20062;2982;26;8;8;0;0;8;8
20081;2996;26;8;8;0;0;8;8
20083;3010;26;8;8;0;0;8;8
20094;3024;26;8;8;0;0;8;8
20096;3038;26;8;8;0;0;8;8
20102;3052;26;8;8;0;0;8;8
20104;3066;26;8;8;0;0;8;8
20105;3080;26;8;8;0;0;8;8
20107;3094;26;8;8;0;0;8;8
20108;3108;26;8;8;0;0;8;8
20114;3122;26;8;8;0;0;8;8
20116;3136;26;8;8;0;0;8;8
20117;3150;26;8;8;0;0;8;8
20124;3164;26;8;8;0;0;8;8
20129;3178;26;8;8;0;0;8;8
20132;3192;26;8;8;0;0;8;8
20139;3206;26;8;8;0;0;8;8
20140;3220;26;8;8;0;0;8;8
20141;3234;26;8;8;0;0;8;8
20154;3248;26;8;8;0;0;8;8
20161;3262;26;8;8;0;0;8;8
20170;3276;26;8;8;0;0;8;8
20171;3290;26;8;8;0;0;8;8
20175;3304;26;8;8;0;0;8;8
20181;3318;26;8;8;0;0;8;8
20182;3332;26;8;8;0;0;8;8
20184;3346;26;8;8;0;0;8;8
20185;3360;26;8;8;0;0;8;8
20195;3374;26;8;8;0;0;8;8
20196;3388;26;8;8;0;0;8;8
20197;3402;26;8;8;0;0;8;8
20206;3416;26;8;8;0;0;8;8
20208;3430;26;8;8;0;0;8;8
20210;3444;26;8;8;0;0;8;8
20214;3458;26;8;8;0;0;8;8
20219;3472;26;8;8;0;0;8;8
20225;3486;26;8;8;0;0;8;8
20238;3500;26;8;8;0;0;8;8
20239;3514;26;8;8;0;0;8;8
20240;3528;26;8;8;0;0;8;8
20241;3542;26;8;8;0;0;8;8
20250;3556;26;8;8;0;0;8;8
20253;3570;26;8;8;0;0;8;8
20271;3584;26;8;8;0;0;8;8
20276;3598;26;8;8;0;0;8;8
20280;3612;26;8;8;0;0;8;8
20282;3626;26;8;8;0;0;8;8
20284;3640;26;8;8;0;0;8;8
20294;3654;26;8;8;0;0;8;8
20301;3668;26;8;8;0;0;8;8
20302;3682;26;8;8;0;0;8;8
20303;3696;26;8;8;0;0;8;8
20304;3710;26;8;8;0;0;8;8
20307;3724;26;8;8;0;0;8;8
20309;3738;26;8;8;0;0;8;8
20313;3752;26;8;8;0;0;8;8
20316;3766;26;8;8;0;0;8;8
20339;3780;26;8;8;0;0;8;8
20341;3794;26;8;8;0;0;8;8
20351;3808;26;8;8;0;0;8;8
20363;3822;26;8;8;0;0;8;8
20365;3836;26;8;8;0;0;8;8
20379;3850;26;8;8;0;0;8;8
20381;3864;26;8;8;0;0;8;8
20385;3878;26;8;8;0;0;8;8
20398;3892;26;8;8;0;0;8;8
20399;3906;26;8;8;0;0;8;8
20405;3920;26;8;8;0;0;8;8
20406;3934;26;8;8;0;0;8;8
20415;3948;26;8;8;0;0;8;8
20418;3962;26;8;8;0;0;8;8
20419;3976;26;8;8;0;0;8;8
20426;3990;26;8;8;0;0;8;8
20439;4004;26;8;8;0;0;8;8
20445;4018;26;8;8;0;0;8;8
20449;4032;26;8;8;0;0;8;8
20462;4046;26;8;8;0;0;8;8
20467;4060;26;8;8;0;0;8;8
20469;4074;26;8;8;0;0;8;8
20472;4088;26;8;8;0;0;8;8
20474;0;40;8;8;0;0;8;8
20489;14;40;8;8;0;0;8;8
20491;28;40;8;8;0;0;8;8
20493;42;40;8;8;0;0;8;8
20498;56;40;8;8;0;0;8;8
20505;70;40;8;8;0;0;8;8
20511;84;40;8;8;0;0;8;8
20515;98;40;8;8;0;0;8;8
20516;112;40;8;8;0;0;8;8
20523;126;40;8;8;0;0;8;8
20537;140;40;8;8;0;0;8;8
20553;154;40;8;8;0;0;8;8
20559;168;40;8;8;0;0;8;8
20572;182;40;8;8;0;0;8;8
20581;196;40;8;8;0;0;8;8
20596;210;40;8;8;0;0;8;8
20597;224;40;8;8;0;0;8;8
20598;238;40;8;8;0;0;8;8
20605;252;40;8;8;0;0;8;8
20621;266;40;8;8;0;0;8;8
20625;280;40;8;8;0;0;8;8
20632;294;40;8;8;0;0;8;8
20633;308;40;8;8;0;0;8;8
20652;322;40;8;8;0;0;8;8
20658;336;40;8;8;0;0;8;8
20661;350;40;8;8;0;0;8;8
20663;364;40;8;8;0;0;8;8
20670;378;40;8;8;0;0;8;8
20677;392;40;8;8;0;0;8;8
20685;406;40;8;8;0;0;8;8
20687;420;40;8;8;0;0;8;8
20693;434;40;8;8;0;0;8;8
20698;448;40;8;8;0;0;8;8
20711;462;40;8;8;0;0;8;8
20736;476;40;8;8;0;0;8;8
20740;490;40;8;8;0;0;8;8
20754;504;40;8;8;0;0;8;8
20767;518;40;8;8;0;0;8;8
20778;532;40;8;8;0;0;8;8
20803;546;40;8;8;0;0;8;8
20804;560;40;8;8;0;0;8;8
20805;574;40;8;8;0;0;8;8
20806;588;40;8;8;0;0;8;8
20808;602;40;8;8;0;0;8;8
20809;616;40;8;8;0;0;8;8
20811;630;40;8;8;0;0;8;8
20813;644;40;8;8;0;0;8;8
20816;658;40;8;8;0;0;8;8
20826;672;40;8;8;0;0;8;8
20837;686;40;8;8;0;0;8;8
20840;700;40;8;8;0;0;8;8
20843;714;40;8;8;0;0;8;8
20844;728;40;8;8;0;0;8;8
20845;742;40;8;8;0;0;8;8
20849;756;40;8;8;0;0;8;8
20853;770;40;8;8;0;0;8;8
20855;784;40;8;8;0;0;8;8
20856;798;40;8;8;0;0;8;8
20860;812;40;8;8;0;0;8;8
20869;826;40;8;8;0;0;8;8
20870;840;40;8;8;0;0;8;8
20874;854;40;8;8;0;0;8;8
20877;868;40;8;8;0;0;8;8
20882;882;40;8;8;0;0;8;8
20887;896;40;8;8;0;0;8;8
20889;910;40;8;8;0;0;8;8
20896;924;40;8;8;0;0;8;8
20901;938;40;8;8;0;0;8;8
20908;952;40;8;8;0;0;8;8
20918;966;40;8;8;0;0;8;8
20919;980;40;8;8;0;0;8;8
20932;994;40;8;8;0;0;8;8
20934;1008;40;8;8;0;0;8;8
20941;1022;40;8;8;0;0;8;8
20957;1036;40;8;8;0;0;8;8
20961;1050;40;8;8;0;0;8;8
20966;1064;40;8;8;0;0;8;8
20982;1078;40;8;8;0;0;8;8
20984;1092;40;8;8;0;0;8;8
20985;1106;40;8;8;0;0;8;8
20986;1120;40;8;8;0;0;8;8
20992;1134;40;8;8;0;0;8;8
20995;1148;40;8;8;0;0;8;8
20998;1162;40;8;8;0;0;8;8
20999;1176;40;8;8;0;0;8;8
21000;1190;40;8;8;0;0;8;8
21002;1204;40;8;8;0;0;8;8
21009;1218;40;8;8;0;0;8;8
21015;1232;40;8;8;0;0;8;8
21021;1246;40;8;8;0;0;8;8
21028;1260;40;8;8;0;0;8;8
21029;1274;40;8;8;0;0;8;8
21033;1288;40;8;8;0;0;8;8
21040;1302;40;8;8;0;0;8;8
21046;1316;40;8;8;0;0;8;8
21047;1330;40;8;8;0;0;8;8
21048;1344;40;8;8;0;0;8;8
21049;1358;40;8;8;0;0;8;8
21050;1372;40;8;8;0;0;8;8
21051;1386;40;8;8;0;0;8;8
21063;1400;40;8;8;0;0;8;8
21066;1414;40;8;8;0;0;8;8
21069;1428;40;8;8;0;0;8;8
21078;1442;40;8;8;0;0;8;8
21083;1456;40;8;8;0;0;8;8
21085;1470;40;8;8;0;0;8;8
21091;1484;40;8;8;0;0;8;8
21092;1498;40;8;8;0;0;8;8
21103;1512;40;8;8;0;0;8;8
21104;1526;40;8;8;0;0;8;8
21106;1540;40;8;8;0;0;8;8
21109;1554;40;8;8;0;0;8;8
21127;1568;40;8;8;0;0;8;8
21147;1582;40;8;8;0;0;8;8
21151;1596;40;8;8;0;0;8;8
21152;1610;40;8;8;0;0;8;8
21155;1624;40;8;8;0;0;8;8
21161;1638;40;8;8;0;0;8;8
21162;1652;40;8;8;0;0;8;8
21169;1666;40;8;8;0;0;8;8
21172;1680;40;8;8;0;0;8;8
21177;1694;40;8;8;0;0;8;8
21182;1708;40;8;8;0;0;8;8
21187;1722;40;8;8;0;0;8;8
21189;1736;40;8;8;0;0;8;8
21191;1750;40;8;8;0;0;8;8
21193;1764;40;8;8;0;0;8;8
21205;1778;40;8;8;0;0;8;8
21208;1792;40;8;8;0;0;8;8
21209;1806;40;8;8;0;0;8;8
21213;1820;40;8;8;0;0;8;8
21215;1834;40;8;8;0;0;8;8
21218;1848;40;8;8;0;0;8;8
21220;1862;40;8;8;0;0;8;8
21223;1876;40;8;8;0;0;8;8
21234;1890;40;8;8;0;0;8;8
21246;1904;40;8;8;0;0;8;8
21250;1918;40;8;8;0;0;8;8
21253;1932;40;8;8;0;0;8;8
21270;1946;40;8;8;0;0;8;8
21271;1960;40;8;8;0;0;8;8
21280;1974;40;8;8;0;0;8;8
21305;1988;40;8;8;0;0;8;8
21306;2002;40;8;8;0;0;8;8
21307;2016;40;8;8;0;0;8;8
21311;2030;40;8;8;0;0;8;8
21313;2044;40;8;8;0;0;8;8
21315;2058;40;8;8;0;0;8;8
21319;2072;40;8;8;0;0;8;8
21320;2086;40;8;8;0;0;8;8
21322;2100;40;8;8;0;0;8;8
21329;2114;40;8;8;0;0;8;8
21330;2128;40;8;8;0;0;8;8
21331;2142;40;8;8;0;0;8;8
21332;2156;40;8;8;0;0;8;8
21335;2170;40;8;8;0;0;8;8
21336;2184;40;8;8;0;0;8;8
21338;2198;40;8;8;0;0;8;8
21344;2212;40;8;8;0;0;8;8
21360;2226;40;8;8;0;0;8;8
21361;2240;40;8;8;0;0;8;8
21363;2254;40;8;8;0;0;8;8
21364;2268;40;8;8;0;0;8;8
21365;2282;40;8;8;0;0;8;8
21368;2296;40;8;8;0;0;8;8
21380;2310;40;8;8;0;0;8;8
21400;2324;40;8;8;0;0;8;8
21402;2338;40;8;8;0;0;8;8
21407;2352;40;8;8;0;0;8;8
21427;2366;40;8;8;0;0;8;8
21435;2380;40;8;8;0;0;8;8
21442;2394;40;8;8;0;0;8;8
21448;2408;40;8;8;0;0;8;8
21450;2422;40;8;8;0;0;8;8
21451;2436;40;8;8;0;0;8;8
21452;2450;40;8;8;0;0;8;8
21453;2464;40;8;8;0;0;8;8
21454;2478;40;8;8;0;0;8;8
21460;2492;40;8;8;0;0;8;8
21462;2506;40;8;8;0;0;8;8
21463;2520;40;8;8;0;0;8;8
21465;2534;40;8;8;0;0;8;8
21475;2548;40;8;8;0;0;8;8
21476;2562;40;8;8;0;0;8;8
21477;2576;40;8;8;0;0;8;8
21483;2590;40;8;8;0;0;8;8
21484;2604;40;8;8;0;0;8;8
21487;2618;40;8;8;0;0;8;8
21488;2632;40;8;8;0;0;8;8
21490;2646;40;8;8;0;0;8;8
21491;2660;40;8;8;0;0;8;8
21495;2674;40;8;8;0;0;8;8
21496;2688;40;8;8;0;0;8;8
21508;2702;40;8;8;0;0;8;8
21512;2716;40;8;8;0;0;8;8
21513;2730;40;8;8;0;0;8;8
21516;2744;40;8;8;0;0;8;8
21517;2758;40;8;8;0;0;8;8
21518;2772;40;8;8;0;0;8;8
21519;2786;40;8;8;0;0;8;8
21520;2800;40;8;8;0;0;8;8
21521;2814;40;8;8;0;0;8;8
21531;2828;40;8;8;0;0;8;8
21535;2842;40;8;8;0;0;8;8
21542;2856;40;8;8;0;0;8;8
21547;2870;40;8;8;0;0;8;8
21560;2884;40;8;8;0;0;8;8
21561;2898;40;8;8;0;0;8;8
21570;2912;40;8;8;0;0;8;8
21576;2926;40;8;8;0;0;8;8
21577;2940;40;8;8;0;0;8;8
21578;2954;40;8;8;0;0;8;8
21608;2968;40;8;8;0;0;8;8
21610;2982;40;8;8;0;0;8;8
21619;2996;40;8;8;0;0;8;8
21628;3010;40;8;8;0;0;8;8
21629;3024;40;8;8;0;0;8;8
21644;3038;40;8;8;0;0;8;8
21682;3052;40;8;8;0;0;8;8
21693;3066;40;8;8;0;0;8;8
21696;3080;40;8;8;0;0;8;8
21697;3094;40;8;8;0;0;8;8
21729;3108;40;8;8;0;0;8;8
21746;3122;40;8;8;0;0;8;8
21754;3136;40;8;8;0;0;8;8
21764;3150;40;8;8;0;0;8;8
21766;3164;40;8;8;0;0;8;8
21767;3178;40;8;8;0;0;8;8
21776;3192;40;8;8;0;0;8;8
21807;3206;40;8;8;0;0;8;8
21809;3220;40;8;8;0;0;8;8
21822;3234;40;8;8;0;0;8;8
21830;3248;40;8;8;0;0;8;8
21839;3262;40;8;8;0;0;8;8
21843;3276;40;8;8;0;0;8;8
21892;3290;40;8;8;0;0;8;8
21897;3304;40;8;8;0;0;8;8
21914;3318;40;8;8;0;0;8;8
21916;3332;40;8;8;0;0;8;8
21917;3346;40;8;8;0;0;8;8
21929;3360;40;8;8;0;0;8;8
21930;3374;40;8;8;0;0;8;8
21931;3388;40;8;8;0;0;8;8
21942;3402;40;8;8;0;0;8;8
21957;3416;40;8;8;0;0;8;8
21987;3430;40;8;8;0;0;8;8
22022;3444;40;8;8;0;0;8;8
22065;3458;40;8;8;0;0;8;8
22066;3472;40;8;8;0;0;8;8
22120;3486;40;8;8;0;0;8;8
22132;3500;40;8;8;0;0;8;8
22151;3514;40;8;8;0;0;8;8
22234;3528;40;8;8;0;0;8;8
22235;3542;40;8;8;0;0;8;8
22238;3556;40;8;8;0;0;8;8
22240;3570;40;8;8;0;0;8;8
22243;3584;40;8;8;0;0;8;8
22256;3598;40;8;8;0;0;8;8
22258;3612;40;8;8;0;0;8;8
22259;3626;40;8;8;0;0;8;8
22266;3640;40;8;8;0;0;8;8
22269;3654;40;8;8;0;0;8;8
22287;3668;40;8;8;0;0;8;8
22290;3682;40;8;8;0;0;8;8
22303;3696;40;8;8;0;0;8;8
22311;3710;40;8;8;0;0;8;8
22312;3724;40;8;8;0;0;8;8
22320;3738;40;8;8;0;0;8;8
22338;3752;40;8;8;0;0;8;8
22343;3766;40;8;8;0;0;8;8
22346;3780;40;8;8;0;0;8;8
22353;3794;40;8;8;0;0;8;8
22378;3808;40;8;8;0;0;8;8
22402;3822;40;8;8;0;0;8;8
22411;3836;40;8;8;0;0;8;8
22435;3850;40;8;8;0;0;8;8
22475;3864;40;8;8;0;0;8;8
22478;3878;40;8;8;0;0;8;8
22495;3892;40;8;8;0;0;8;8
22519;3906;40;8;8;0;0;8;8
22521;3920;40;8;8;0;0;8;8
22522;3934;40;8;8;0;0;8;8
22524;3948;40;8;8;0;0;8;8
22528;3962;40;8;8;0;0;8;8
22530;3976;40;8;8;0;0;8;8
22533;3990;40;8;8;0;0;8;8
22534;4004;40;8;8;0;0;8;8
22549;4018;40;8;8;0;0;8;8
22564;4032;40;8;8;0;0;8;8
22570;4046;40;8;8;0;0;8;8
22577;4060;40;8;8;0;0;8;8
22580;4074;40;8;8;0;0;8;8
22592;4088;40;8;8;0;0;8;8
22593;0;54;8;8;0;0;8;8
22602;14;54;8;8;0;0;8;8
22609;28;54;8;8;0;0;8;8
22612;42;54;8;8;0;0;8;8
22615;56;54;8;8;0;0;8;8
22618;70;54;8;8;0;0;8;8
22622;84;54;8;8;0;0;8;8
22625;98;54;8;8;0;0;8;8
22633;112;54;8;8;0;0;8;8
22654;126;54;8;8;0;0;8;8
22659;140;54;8;8;0;0;8;8
22675;154;54;8;8;0;0;8;8
22679;168;54;8;8;0;0;8;8
22684;182;54;8;8;0;0;8;8
22696;196;54;8;8;0;0;8;8
22707;210;54;8;8;0;0;8;8
22718;224;54;8;8;0;0;8;8
22721;238;54;8;8;0;0;8;8
22727;252;54;8;8;0;0;8;8
22730;266;54;8;8;0;0;8;8
22732;280;54;8;8;0;0;8;8
22763;294;54;8;8;0;0;8;8
22766;308;54;8;8;0;0;8;8
22768;322;54;8;8;0;0;8;8
22769;336;54;8;8;0;0;8;8
22770;350;54;8;8;0;0;8;8
22793;364;54;8;8;0;0;8;8
22799;378;54;8;8;0;0;8;8
22805;392;54;8;8;0;0;8;8
22806;406;54;8;8;0;0;8;8
22810;420;54;8;8;0;0;8;8
22812;434;54;8;8;0;0;8;8
22818;448;54;8;8;0;0;8;8
22823;462;54;8;8;0;0;8;8
22825;476;54;8;8;0;0;8;8
22826;490;54;8;8;0;0;8;8
22827;504;54;8;8;0;0;8;8
22830;518;54;8;8;0;0;8;8
22833;532;54;8;8;0;0;8;8
22855;546;54;8;8;0;0;8;8
22856;560;54;8;8;0;0;8;8
22857;574;54;8;8;0;0;8;8
22863;588;54;8;8;0;0;8;8
22865;602;54;8;8;0;0;8;8
22868;616;54;8;8;0;0;8;8
22885;630;54;8;8;0;0;8;8
22888;644;54;8;8;0;0;8;8
22890;658;54;8;8;0;0;8;8
22894;672;54;8;8;0;0;8;8
22899;686;54;8;8;0;0;8;8
22900;700;54;8;8;0;0;8;8
22909;714;54;8;8;0;0;8;8
22914;728;54;8;8;0;0;8;8
22915;742;54;8;8;0;0;8;8
22916;756;54;8;8;0;0;8;8
22922;770;54;8;8;0;0;8;8
22934;784;54;8;8;0;0;8;8
22937;798;54;8;8;0;0;8;8
22949;812;54;8;8;0;0;8;8
22952;826;54;8;8;0;0;8;8
22956;840;54;8;8;0;0;8;8
22969;854;54;8;8;0;0;8;8
22971;868;54;8;8;0;0;8;8
22985;882;54;8;8;0;0;8;8
22987;896;54;8;8;0;0;8;8
22995;910;54;8;8;0;0;8;8
22996;924;54;8;8;0;0;8;8
23019;938;54;8;8;0;0;8;8
23035;952;54;8;8;0;0;8;8
23039;966;54;8;8;0;0;8;8
23041;980;54;8;8;0;0;8;8
23064;994;54;8;8;0;0;8;8
23072;1008;54;8;8;0;0;8;8
23087;1022;54;8;8;0;0;8;8
23110;1036;54;8;8;0;0;8;8
23130;1050;54;8;8;0;0;8;8
23142;1064;54;8;8;0;0;8;8
23167;1078;54;8;8;0;0;8;8
23186;1092;54;8;8;0;0;8;8
23195;1106;54;8;8;0;0;8;8
23233;1120;54;8;8;0;0;8;8
23241;1134;54;8;8;0;0;8;8
23244;1148;54;8;8;0;0;8;8
23265;1162;54;8;8;0;0;8;8
23330;1176;54;8;8;0;0;8;8
23376;1190;54;8;8;0;0;8;8
23380;1204;54;8;8;0;0;8;8
23383;1218;54;8;8;0;0;8;8
23384;1232;54;8;8;0;0;8;8
23389;1246;54;8;8;0;0;8;8
23395;1260;54;8;8;0;0;8;8
23396;1274;54;8;8;0;0;8;8
23398;1288;54;8;8;0;0;8;8
23403;1302;54;8;8;0;0;8;8
23429;1316;54;8;8;0;0;8;8
23431;1330;54;8;8;0;0;8;8
23432;1344;54;8;8;0;0;8;8
23433;1358;54;8;8;0;0;8;8
23436;1372;54;8;8;0;0;8;8
23447;1386;54;8;8;0;0;8;8
23448;1400;54;8;8;0;0;8;8
23449;1414;54;8;8;0;0;8;8
23450;1428;54;8;8;0;0;8;8
23451;1442;54;8;8;0;0;8;8
23452;1456;54;8;8;0;0;8;8
23453;1470;54;8;8;0;0;8;8
23455;1484;54;8;8;0;0;8;8
23458;1498;54;8;8;0;0;8;8
23459;1512;54;8;8;0;0;8;8
23460;1526;54;8;8;0;0;8;8
23470;1540;54;8;8;0;0;8;8
23472;1554;54;8;8;0;0;8;8
23475;1568;54;8;8;0;0;8;8
23476;1582;54;8;8;0;0;8;8
23477;1596;54;8;8;0;0;8;8
23478;1610;54;8;8;0;0;8;8
23481;1624;54;8;8;0;0;8;8
23487;1638;54;8;8;0;0;8;8
23490;1652;54;8;8;0;0;8;8
23492;1666;54;8;8;0;0;8;8
23494;1680;54;8;8;0;0;8;8
23500;1694;54;8;8;0;0;8;8
23506;1708;54;8;8;0;0;8;8
23515;1722;54;8;8;0;0;8;8
23517;1736;54;8;8;0;0;8;8
23519;1750;54;8;8;0;0;8;8
23521;1764;54;8;8;0;0;8;8
23527;1778;54;8;8;0;0;8;8
23529;1792;54;8;8;0;0;8;8
23534;1806;54;8;8;0;0;8;8
23544;1820;54;8;8;0;0;8;8
23546;1834;54;8;8;0;0;8;8
23550;1848;54;8;8;0;0;8;8
23551;1862;54;8;8;0;0;8;8
23553;1876;54;8;8;0;0;8;8
23554;1890;54;8;8;0;0;8;8
23556;1904;54;8;8;0;0;8;8
23558;1918;54;8;8;0;0;8;8
23561;1932;54;8;8;0;0;8;8
23562;1946;54;8;8;0;0;8;8
23563;1960;54;8;8;0;0;8;8
23566;1974;54;8;8;0;0;8;8
23567;1988;54;8;8;0;0;8;8
23569;2002;54;8;8;0;0;8;8
23578;2016;54;8;8;0;0;8;8
23601;2030;54;8;8;0;0;8;8
23610;2044;54;8;8;0;0;8;8
23611;2058;54;8;8;0;0;8;8
23612;2072;54;8;8;0;0;8;8
23613;2086;54;8;8;0;0;8;8
23614;2100;54;8;8;0;0;8;8
23615;2114;54;8;8;0;0;8;8
23616;2128;54;8;8;0;0;8;8
23621;2142;54;8;8;0;0;8;8
23624;2156;54;8;8;0;0;8;8
23626;2170;54;8;8;0;0;8;8
23627;2184;54;8;8;0;0;8;8
23637;2198;54;8;8;0;0;8;8
23646;2212;54;8;8;0;0;8;8
23652;2226;54;8;8;0;0;8;8
23653;2240;54;8;8;0;0;8;8
23663;2254;54;8;8;0;0;8;8
23665;2268;54;8;8;0;0;8;8
23696;2282;54;8;8;0;0;8;8
23713;2296;54;8;8;0;0;8;8
23721;2310;54;8;8;0;0;8;8
23724;2324;54;8;8;0;0;8;8
23731;2338;54;8;8;0;0;8;8
23736;2352;54;8;8;0;0;8;8
23776;2366;54;8;8;0;0;8;8
23777;2380;54;8;8;0;0;8;8
23792;2394;54;8;8;0;0;8;8
23798;2408;54;8;8;0;0;8;8
23815;2422;54;8;8;0;0;8;8
23822;2436;54;8;8;0;0;8;8
23830;2450;54;8;8;0;0;8;8
23849;2464;54;8;8;0;0;8;8
23888;2478;54;8;8;0;0;8;8
24029;2492;54;8;8;0;0;8;8
24030;2506;54;8;8;0;0;8;8
24033;2520;54;8;8;0;0;8;8
24035;2534;54;8;8;0;0;8;8
24037;2548;54;8;8;0;0;8;8
24038;2562;54;8;8;0;0;8;8
24039;2576;54;8;8;0;0;8;8
24040;2590;54;8;8;0;0;8;8
24046;2604;54;8;8;0;0;8;8
24049;2618;54;8;8;0;0;8;8
24059;2632;54;8;8;0;0;8;8
24062;2646;54;8;8;0;0;8;8
24066;2660;54;8;8;0;0;8;8
24067;2674;54;8;8;0;0;8;8
24070;2688;54;8;8;0;0;8;8
24076;2702;54;8;8;0;0;8;8
24093;2716;54;8;8;0;0;8;8
24101;2730;54;8;8;0;0;8;8
24107;2744;54;8;8;0;0;8;8
24109;2758;54;8;8;0;0;8;8
24111;2772;54;8;8;0;0;8;8
24112;2786;54;8;8;0;0;8;8
24115;2800;54;8;8;0;0;8;8
24120;2814;54;8;8;0;0;8;8
24125;2828;54;8;8;0;0;8;8
24133;2842;54;8;8;0;0;8;8
24149;2856;54;8;8;0;0;8;8
24163;2870;54;8;8;0;0;8;8
24178;2884;54;8;8;0;0;8;8
24179;2898;54;8;8;0;0;8;8
24180;2912;54;8;8;0;0;8;8
24184;2926;54;8;8;0;0;8;8
24185;2940;54;8;8;0;0;8;8
24187;2954;54;8;8;0;0;8;8
24188;2968;54;8;8;0;0;8;8
24189;2982;54;8;8;0;0;8;8
24190;2996;54;8;8;0;0;8;8
24193;3010;54;8;8;0;0;8;8
24195;3024;54;8;8;0;0;8;8
24202;3038;54;8;8;0;0;8;8
24207;3052;54;8;8;0;0;8;8
24213;3066;54;8;8;0;0;8;8
24215;3080;54;8;8;0;0;8;8
24220;3094;54;8;8;0;0;8;8
24230;3108;54;8;8;0;0;8;8
24231;3122;54;8;8;0;0;8;8
24235;3136;54;8;8;0;0;8;8
24237;3150;54;8;8;0;0;8;8
24246;3164;54;8;8;0;0;8;8
24247;3178;54;8;8;0;0;8;8
24248;3192;54;8;8;0;0;8;8
24259;3206;54;8;8;0;0;8;8
24265;3220;54;8;8;0;0;8;8
24266;3234;54;8;8;0;0;8;8
24310;3248;54;8;8;0;0;8;8
24311;3262;54;8;8;0;0;8;8
24314;3276;54;8;8;0;0;8;8
24321;3290;54;8;8;0;0;8;8
24324;3304;54;8;8;0;0;8;8
24330;3318;54;8;8;0;0;8;8
24335;3332;54;8;8;0;0;8;8
24336;3346;54;8;8;0;0;8;8
24339;3360;54;8;8;0;0;8;8
24340;3374;54;8;8;0;0;8;8
24341;3388;54;8;8;0;0;8;8
24351;3402;54;8;8;0;0;8;8
24357;3416;54;8;8;0;0;8;8
24358;3430;54;8;8;0;0;8;8
24359;3444;54;8;8;0;0;8;8
24369;3458;54;8;8;0;0;8;8
24373;3472;54;8;8;0;0;8;8
24375;3486;54;8;8;0;0;8;8
24382;3500;54;8;8;0;0;8;8
24403;3514;54;8;8;0;0;8;8
24409;3528;54;8;8;0;0;8;8
24418;3542;54;8;8;0;0;8;8
24425;3556;54;8;8;0;0;8;8
24427;3570;54;8;8;0;0;8;8
24432;3584;54;8;8;0;0;8;8
24433;3598;54;8;8;0;0;8;8
24441;3612;54;8;8;0;0;8;8
24444;3626;54;8;8;0;0;8;8
24448;3640;54;8;8;0;0;8;8
24449;3654;54;8;8;0;0;8;8
24452;3668;54;8;8;0;0;8;8
24453;3682;54;8;8;0;0;8;8
24459;3696;54;8;8;0;0;8;8
24460;3710;54;8;8;0;0;8;8
24464;3724;54;8;8;0;0;8;8
24466;3738;54;8;8;0;0;8;8
24467;3752;54;8;8;0;0;8;8
24471;3766;54;8;8;0;0;8;8
24481;3780;54;8;8;0;0;8;8
24489;3794;54;8;8;0;0;8;8
24490;3808;54;8;8;0;0;8;8
24494;3822;54;8;8;0;0;8;8
24499;3836;54;8;8;0;0;8;8
24500;3850;54;8;8;0;0;8;8
24505;3864;54;8;8;0;0;8;8
24515;3878;54;8;8;0;0;8;8
24517;3892;54;8;8;0;0;8;8
24524;3906;54;8;8;0;0;8;8
24525;3920;54;8;8;0;0;8;8
24535;3934;54;8;8;0;0;8;8
24536;3948;54;8;8;0;0;8;8
24537;3962;54;8;8;0;0;8;8
24540;3976;54;8;8;0;0;8;8
24544;3990;54;8;8;0;0;8;8
24555;4004;54;8;8;0;0;8;8
24565;4018;54;8;8;0;0;8;8
24594;4032;54;8;8;0;0;8;8
24598;4046;54;8;8;0;0;8;8
24605;4060;54;8;8;0;0;8;8
24608;4074;54;8;8;0;0;8;8
24613;4088;54;8;8;0;0;8;8
24615;0;68;8;8;0;0;8;8
24616;14;68;8;8;0;0;8;8
24618;28;68;8;8;0;0;8;8
24651;42;68;8;8;0;0;8;8
24656;56;68;8;8;0;0;8;8
24658;70;68;8;8;0;0;8;8
24675;84;68;8;8;0;0;8;8
24677;98;68;8;8;0;0;8;8
24680;112;68;8;8;0;0;8;8
24681;126;68;8;8;0;0;8;8
24685;140;68;8;8;0;0;8;8
24687;154;68;8;8;0;0;8;8
24693;168;68;8;8;0;0;8;8
24724;182;68;8;8;0;0;8;8
24735;196;68;8;8;0;0;8;8
24736;210;68;8;8;0;0;8;8
24739;224;68;8;8;0;0;8;8
24742;238;68;8;8;0;0;8;8
24745;252;68;8;8;0;0;8;8
24746;266;68;8;8;0;0;8;8
24754;280;68;8;8;0;0;8;8
24764;294;68;8;8;0;0;8;8
24773;308;68;8;8;0;0;8;8
24785;322;68;8;8;0;0;8;8
24796;336;68;8;8;0;0;8;8
24807;350;68;8;8;0;0;8;8
24808;364;68;8;8;0;0;8;8
24816;378;68;8;8;0;0;8;8
24819;392;68;8;8;0;0;8;8
24833;406;68;8;8;0;0;8;8
24841;420;68;8;8;0;0;8;8
24847;434;68;8;8;0;0;8;8
24858;448;68;8;8;0;0;8;8
24859;462;68;8;8;0;0;8;8
24863;476;68;8;8;0;0;8;8
24900;490;68;8;8;0;0;8;8
24904;504;68;8;8;0;0;8;8
24907;518;68;8;8;0;0;8;8
24908;532;68;8;8;0;0;8;8
24910;546;68;8;8;0;0;8;8
24917;560;68;8;8;0;0;8;8
24930;574;68;8;8;0;0;8;8
24931;588;68;8;8;0;0;8;8
24936;602;68;8;8;0;0;8;8
24942;616;68;8;8;0;0;8;8
24944;630;68;8;8;0;0;8;8
24950;644;68;8;8;0;0;8;8
24962;658;68;8;8;0;0;8;8
24974;672;68;8;8;0;0;8;8
24996;686;68;8;8;0;0;8;8
24999;700;68;8;8;0;0;8;8
25001;714;68;8;8;0;0;8;8
25004;728;68;8;8;0;0;8;8
25010;742;68;8;8;0;0;8;8
25014;756;68;8;8;0;0;8;8
25022;770;68;8;8;0;0;8;8
25031;784;68;8;8;0;0;8;8
25040;798;68;8;8;0;0;8;8
25074;812;68;8;8;0;0;8;8
25080;826;68;8;8;0;0;8;8
25104;840;68;8;8;0;0;8;8
25105;854;68;8;8;0;0;8;8
25106;868;68;8;8;0;0;8;8
25114;882;68;8;8;0;0;8;8
25126;896;68;8;8;0;0;8;8
25135;910;68;8;8;0;0;8;8
25140;924;68;8;8;0;0;8;8
25144;938;68;8;8;0;0;8;8
25147;952;68;8;8;0;0;8;8
25151;966;68;8;8;0;0;8;8
25152;980;68;8;8;0;0;8;8
25159;994;68;8;8;0;0;8;8
25161;1008;68;8;8;0;0;8;8
25163;1022;68;8;8;0;0;8;8
25165;1036;68;8;8;0;0;8;8
25171;1050;68;8;8;0;0;8;8
25173;1064;68;8;8;0;0;8;8
25201;1078;68;8;8;0;0;8;8
25206;1092;68;8;8;0;0;8;8
25209;1106;68;8;8;0;0;8;8
25215;1120;68;8;8;0;0;8;8
25216;1134;68;8;8;0;0;8;8
25220;1148;68;8;8;0;0;8;8
25226;1162;68;8;8;0;0;8;8
25233;1176;68;8;8;0;0;8;8
25237;1190;68;8;8;0;0;8;8
25239;1204;68;8;8;0;0;8;8
25240;1218;68;8;8;0;0;8;8
25244;1232;68;8;8;0;0;8;8
25246;1246;68;8;8;0;0;8;8
25259;1260;68;8;8;0;0;8;8
25265;1274;68;8;8;0;0;8;8
25269;1288;68;8;8;0;0;8;8
25273;1302;68;8;8;0;0;8;8
25276;1316;68;8;8;0;0;8;8
25277;1330;68;8;8;0;0;8;8
25285;1344;68;8;8;0;0;8;8
25289;1358;68;8;8;0;0;8;8
25293;1372;68;8;8;0;0;8;8
25296;1386;68;8;8;0;0;8;8
25298;1400;68;8;8;0;0;8;8
25299;1414;68;8;8;0;0;8;8
25304;1428;68;8;8;0;0;8;8
25305;1442;68;8;8;0;0;8;8
25307;1456;68;8;8;0;0;8;8
25309;1470;68;8;8;0;0;8;8
25312;1484;68;8;8;0;0;8;8
25313;1498;68;8;8;0;0;8;8
25324;1512;68;8;8;0;0;8;8
25325;1526;68;8;8;0;0;8;8
25331;1540;68;8;8;0;0;8;8
25334;1554;68;8;8;0;0;8;8
25335;1568;68;8;8;0;0;8;8
25342;1582;68;8;8;0;0;8;8
25345;1596;68;8;8;0;0;8;8
25351;1610;68;8;8;0;0;8;8
25361;1624;68;8;8;0;0;8;8
25369;1638;68;8;8;0;0;8;8
25375;1652;68;8;8;0;0;8;8
25384;1666;68;8;8;0;0;8;8
25387;1680;68;8;8;0;0;8;8
25391;1694;68;8;8;0;0;8;8
25407;1708;68;8;8;0;0;8;8
25417;1722;68;8;8;0;0;8;8
25429;1736;68;8;8;0;0;8;8
25431;1750;68;8;8;0;0;8;8
25436;1764;68;8;8;0;0;8;8
25448;1778;68;8;8;0;0;8;8
25454;1792;68;8;8;0;0;8;8
25467;1806;68;8;8;0;0;8;8
25475;1820;68;8;8;0;0;8;8
25480;1834;68;8;8;0;0;8;8
25484;1848;68;8;8;0;0;8;8
25490;1862;68;8;8;0;0;8;8
25496;1876;68;8;8;0;0;8;8
25499;1890;68;8;8;0;0;8;8
25505;1904;68;8;8;0;0;8;8
25506;1918;68;8;8;0;0;8;8
25509;1932;68;8;8;0;0;8;8
25511;1946;68;8;8;0;0;8;8
25512;1960;68;8;8;0;0;8;8
25514;1974;68;8;8;0;0;8;8
25522;1988;68;8;8;0;0;8;8
25551;2002;68;8;8;0;0;8;8
25552;2016;68;8;8;0;0;8;8
25562;2030;68;8;8;0;0;8;8
25563;2044;68;8;8;0;0;8;8
25569;2058;68;8;8;0;0;8;8
25582;2072;68;8;8;0;0;8;8
25588;2086;68;8;8;0;0;8;8
25594;2100;68;8;8;0;0;8;8
25613;2114;68;8;8;0;0;8;8
25644;2128;68;8;8;0;0;8;8
25645;2142;68;8;8;0;0;8;8
25658;2156;68;8;8;0;0;8;8
25662;2170;68;8;8;0;0;8;8
25666;2184;68;8;8;0;0;8;8
25688;2198;68;8;8;0;0;8;8
25705;2212;68;8;8;0;0;8;8
25711;2226;68;8;8;0;0;8;8
25731;2240;68;8;8;0;0;8;8
25764;2254;68;8;8;0;0;8;8
25774;2268;68;8;8;0;0;8;8
25778;2282;68;8;8;0;0;8;8
25793;2296;68;8;8;0;0;8;8
25805;2310;68;8;8;0;0;8;8
25830;2324;68;8;8;0;0;8;8
25836;2338;68;8;8;0;0;8;8
25903;2352;68;8;8;0;0;8;8
25913;2366;68;8;8;0;0;8;8
25915;2380;68;8;8;0;0;8;8
25918;2394;68;8;8;0;0;8;8
25919;2408;68;8;8;0;0;8;8
25925;2422;68;8;8;0;0;8;8
25935;2436;68;8;8;0;0;8;8
25937;2450;68;8;8;0;0;8;8
25943;2464;68;8;8;0;0;8;8
25945;2478;68;8;8;0;0;8;8
25954;2492;68;8;8;0;0;8;8
25955;2506;68;8;8;0;0;8;8
25964;2520;68;8;8;0;0;8;8
25968;2534;68;8;8;0;0;8;8
25972;2548;68;8;8;0;0;8;8
25973;2562;68;8;8;0;0;8;8
25975;2576;68;8;8;0;0;8;8
25991;2590;68;8;8;0;0;8;8
25993;2604;68;8;8;0;0;8;8
25998;2618;68;8;8;0;0;8;8
26001;2632;68;8;8;0;0;8;8
26007;2646;68;8;8;0;0;8;8
26009;2660;68;8;8;0;0;8;8
26012;2674;68;8;8;0;0;8;8
26020;2688;68;8;8;0;0;8;8
26021;2702;68;8;8;0;0;8;8
26028;2716;68;8;8;0;0;8;8
26029;2730;68;8;8;0;0;8;8
26032;2744;68;8;8;0;0;8;8
26041;2758;68;8;8;0;0;8;8
26045;2772;68;8;8;0;0;8;8
26053;2786;68;8;8;0;0;8;8
26059;2800;68;8;8;0;0;8;8
26063;2814;68;8;8;0;0;8;8
26071;2828;68;8;8;0;0;8;8
26082;2842;68;8;8;0;0;8;8
26085;2856;68;8;8;0;0;8;8
26086;2870;68;8;8;0;0;8;8
26087;2884;68;8;8;0;0;8;8
26088;2898;68;8;8;0;0;8;8
26089;2912;68;8;8;0;0;8;8
26092;2926;68;8;8;0;0;8;8
26106;2940;68;8;8;0;0;8;8
26118;2954;68;8;8;0;0;8;8
26119;2968;68;8;8;0;0;8;8
26126;2982;68;8;8;0;0;8;8
26131;2996;68;8;8;0;0;8;8
26132;3010;68;8;8;0;0;8;8
26143;3024;68;8;8;0;0;8;8
26144;3038;68;8;8;0;0;8;8
26149;3052;68;8;8;0;0;8;8
26151;3066;68;8;8;0;0;8;8
26152;3080;68;8;8;0;0;8;8
26157;3094;68;8;8;0;0;8;8
26159;3108;68;8;8;0;0;8;8
26172;3122;68;8;8;0;0;8;8
26178;3136;68;8;8;0;0;8;8
26217;3150;68;8;8;0;0;8;8
26222;3164;68;8;8;0;0;8;8
26223;3178;68;8;8;0;0;8;8
26228;3192;68;8;8;0;0;8;8
26230;3206;68;8;8;0;0;8;8
26241;3220;68;8;8;0;0;8;8
26247;3234;68;8;8;0;0;8;8
26257;3248;68;8;8;0;0;8;8
26262;3262;68;8;8;0;0;8;8
26263;3276;68;8;8;0;0;8;8
26278;3290;68;8;8;0;0;8;8
26283;3304;68;8;8;0;0;8;8
26286;3318;68;8;8;0;0;8;8
26292;3332;68;8;8;0;0;8;8
26311;3346;68;8;8;0;0;8;8
26326;3360;68;8;8;0;0;8;8
26332;3374;68;8;8;0;0;8;8
26354;3388;68;8;8;0;0;8;8
26356;3402;68;8;8;0;0;8;8
26360;3416;68;8;8;0;0;8;8
26361;3430;68;8;8;0;0;8;8
26365;3444;68;8;8;0;0;8;8
26367;3458;68;8;8;0;0;8;8
26368;3472;68;8;8;0;0;8;8
26376;3486;68;8;8;0;0;8;8
26377;3500;68;8;8;0;0;8;8
26381;3514;68;8;8;0;0;8;8
26389;3528;68;8;8;0;0;8;8
26391;3542;68;8;8;0;0;8;8
26395;3556;68;8;8;0;0;8;8
26397;3570;68;8;8;0;0;8;8
26399;3584;68;8;8;0;0;8;8
26408;3598;68;8;8;0;0;8;8
26410;3612;68;8;8;0;0;8;8
26411;3626;68;8;8;0;0;8;8
26412;3640;68;8;8;0;0;8;8
26413;3654;68;8;8;0;0;8;8
26417;3668;68;8;8;0;0;8;8
26420;3682;68;8;8;0;0;8;8
26426;3696;68;8;8;0;0;8;8
26429;3710;68;8;8;0;0;8;8
26441;3724;68;8;8;0;0;8;8
26448;3738;68;8;8;0;0;8;8
26449;3752;68;8;8;0;0;8;8
26463;3766;68;8;8;0;0;8;8
26465;3780;68;8;8;0;0;8;8
26469;3794;68;8;8;0;0;8;8
26479;3808;68;8;8;0;0;8;8
26481;3822;68;8;8;0;0;8;8
26494;3836;68;8;8;0;0;8;8
26495;3850;68;8;8;0;0;8;8
26512;3864;68;8;8;0;0;8;8
26517;3878;68;8;8;0;0;8;8
26519;3892;68;8;8;0;0;8;8
26522;3906;68;8;8;0;0;8;8
26524;3920;68;8;8;0;0;8;8
26525;3934;68;8;8;0;0;8;8
26528;3948;68;8;8;0;0;8;8
26530;3962;68;8;8;0;0;8;8
26543;3976;68;8;8;0;0;8;8
26550;3990;68;8;8;0;0;8;8
26564;4004;68;8;8;0;0;8;8
26576;4018;68;8;8;0;0;8;8
26579;4032;68;8;8;0;0;8;8
26580;4046;68;8;8;0;0;8;8
26609;4060;68;8;8;0;0;8;8
26611;4074;68;8;8;0;0;8;8
26613;4088;68;8;8;0;0;8;8
26619;0;82;8;8;0;0;8;8
26623;14;82;8;8;0;0;8;8
26627;28;82;8;8;0;0;8;8
26628;42;82;8;8;0;0;8;8
26643;56;82;8;8;0;0;8;8
26657;70;82;8;8;0;0;8;8
26666;84;82;8;8;0;0;8;8
26680;98;82;8;8;0;0;8;8
26681;112;82;8;8;0;0;8;8
26684;126;82;8;8;0;0;8;8
26685;140;82;8;8;0;0;8;8
26689;154;82;8;8;0;0;8;8
26691;168;82;8;8;0;0;8;8
26696;182;82;8;8;0;0;8;8
26705;196;82;8;8;0;0;8;8
26716;210;82;8;8;0;0;8;8
26719;224;82;8;8;0;0;8;8
26757;238;82;8;8;0;0;8;8
26775;252;82;8;8;0;0;8;8
26792;266;82;8;8;0;0;8;8
26800;280;82;8;8;0;0;8;8
26820;294;82;8;8;0;0;8;8
26827;308;82;8;8;0;0;8;8
26834;322;82;8;8;0;0;8;8
26842;336;82;8;8;0;0;8;8
26847;350;82;8;8;0;0;8;8
26862;364;82;8;8;0;0;8;8
26874;378;82;8;8;0;0;8;8
26885;392;82;8;8;0;0;8;8
26893;406;82;8;8;0;0;8;8
26894;420;82;8;8;0;0;8;8
26908;434;82;8;8;0;0;8;8
26989;448;82;8;8;0;0;8;8
26997;462;82;8;8;0;0;8;8
26999;476;82;8;8;0;0;8;8
27004;490;82;8;8;0;0;8;8
27005;504;82;8;8;0;0;8;8
27010;518;82;8;8;0;0;8;8
27083;532;82;8;8;0;0;8;8
27096;546;82;8;8;0;0;8;8
27133;560;82;8;8;0;0;8;8
27161;574;82;8;8;0;0;8;8
27169;588;82;8;8;0;0;8;8
27177;602;82;8;8;0;0;8;8
27178;616;82;8;8;0;0;8;8
27193;630;82;8;8;0;0;8;8
27211;644;82;8;8;0;0;8;8
27231;658;82;8;8;0;0;8;8
27396;672;82;8;8;0;0;8;8
27424;686;82;8;8;0;0;8;8
27425;700;82;8;8;0;0;8;8
27431;714;82;8;8;0;0;8;8
27442;728;82;8;8;0;0;8;8
27450;742;82;8;8;0;0;8;8
27454;756;82;8;8;0;0;8;8
27468;770;82;8;8;0;0;8;8
27475;784;82;8;8;0;0;8;8
27490;798;82;8;8;0;0;8;8
27491;812;82;8;8;0;0;8;8
27494;826;82;8;8;0;0;8;8
27497;840;82;8;8;0;0;8;8
27503;854;82;8;8;0;0;8;8
27507;868;82;8;8;0;0;8;8
27508;882;82;8;8;0;0;8;8
27515;896;82;8;8;0;0;8;8
27529;910;82;8;8;0;0;8;8
27530;924;82;8;8;0;0;8;8
27531;938;82;8;8;0;0;8;8
27542;952;82;8;8;0;0;8;8
27572;966;82;8;8;0;0;8;8
27573;980;82;8;8;0;0;8;8
27578;994;82;8;8;0;0;8;8
27579;1008;82;8;8;0;0;8;8
27583;1022;82;8;8;0;0;8;8
27584;1036;82;8;8;0;0;8;8
27597;1050;82;8;8;0;0;8;8
27598;1064;82;8;8;0;0;8;8
27602;1078;82;8;8;0;0;8;8
27604;1092;82;8;8;0;0;8;8
27611;1106;82;8;8;0;0;8;8
27663;1120;82;8;8;0;0;8;8
27665;1134;82;8;8;0;0;8;8
27671;1148;82;8;8;0;0;8;8
27700;1162;82;8;8;0;0;8;8
27703;1176;82;8;8;0;0;8;8
27704;1190;82;8;8;0;0;8;8
27710;1204;82;8;8;0;0;8;8
27713;1218;82;8;8;0;0;8;8
27714;1232;82;8;8;0;0;8;8
27726;1246;82;8;8;0;0;8;8
27735;1260;82;8;8;0;0;8;8
27738;1274;82;8;8;0;0;8;8
27743;1288;82;8;8;0;0;8;8
27744;1302;82;8;8;0;0;8;8
27760;1316;82;8;8;0;0;8;8
27770;1330;82;8;8;0;0;8;8
27773;1344;82;8;8;0;0;8;8
27779;1358;82;8;8;0;0;8;8
27784;1372;82;8;8;0;0;8;8
27798;1386;82;8;8;0;0;8;8
27801;1400;82;8;8;0;0;8;8
27809;1414;82;8;8;0;0;8;8
27810;1428;82;8;8;0;0;8;8
27827;1442;82;8;8;0;0;8;8
27832;1456;82;8;8;0;0;8;8
27833;1470;82;8;8;0;0;8;8
27835;1484;82;8;8;0;0;8;8
27836;1498;82;8;8;0;0;8;8
27839;1512;82;8;8;0;0;8;8
27841;1526;82;8;8;0;0;8;8
27849;1540;82;8;8;0;0;8;8
27850;1554;82;8;8;0;0;8;8
27852;1568;82;8;8;0;0;8;8
27861;1582;82;8;8;0;0;8;8
27873;1596;82;8;8;0;0;8;8
27874;1610;82;8;8;0;0;8;8
27875;1624;82;8;8;0;0;8;8
27877;1638;82;8;8;0;0;8;8
27880;1652;82;8;8;0;0;8;8
27888;1666;82;8;8;0;0;8;8
27891;1680;82;8;8;0;0;8;8
27915;1694;82;8;8;0;0;8;8
27927;1708;82;8;8;0;0;8;8
27934;1722;82;8;8;0;0;8;8
27941;1736;82;8;8;0;0;8;8
27946;1750;82;8;8;0;0;8;8
27963;1764;82;8;8;0;0;8;8
27966;1778;82;8;8;0;0;8;8
27969;1792;82;8;8;0;0;8;8
27972;1806;82;8;8;0;0;8;8
27973;1820;82;8;8;0;0;8;8
27996;1834;82;8;8;0;0;8;8
28006;1848;82;8;8;0;0;8;8
28010;1862;82;8;8;0;0;8;8
28014;1876;82;8;8;0;0;8;8
28020;1890;82;8;8;0;0;8;8
28023;1904;82;8;8;0;0;8;8
28024;1918;82;8;8;0;0;8;8
28040;1932;82;8;8;0;0;8;8
28057;1946;82;8;8;0;0;8;8
28079;1960;82;8;8;0;0;8;8
28082;1974;82;8;8;0;0;8;8
28092;1988;82;8;8;0;0;8;8
28113;2002;82;8;8;0;0;8;8
28129;2016;82;8;8;0;0;8;8
28139;2030;82;8;8;0;0;8;8
28145;2044;82;8;8;0;0;8;8
28151;2058;82;8;8;0;0;8;8
28155;2072;82;8;8;0;0;8;8
28165;2086;82;8;8;0;0;8;8
28167;2100;82;8;8;0;0;8;8
28168;2114;82;8;8;0;0;8;8
28169;2128;82;8;8;0;0;8;8
28171;2142;82;8;8;0;0;8;8
28179;2156;82;8;8;0;0;8;8
28187;2170;82;8;8;0;0;8;8
28193;2184;82;8;8;0;0;8;8
28198;2198;82;8;8;0;0;8;8
28201;2212;82;8;8;0;0;8;8
28204;2226;82;8;8;0;0;8;8
28207;2240;82;8;8;0;0;8;8
28246;2254;82;8;8;0;0;8;8
28263;2268;82;8;8;0;0;8;8
28271;2282;82;8;8;0;0;8;8
28286;2296;82;8;8;0;0;8;8
28287;2310;82;8;8;0;0;8;8
28288;2324;82;8;8;0;0;8;8
28304;2338;82;8;8;0;0;8;8
28310;2352;82;8;8;0;0;8;8
28317;2366;82;8;8;0;0;8;8
28342;2380;82;8;8;0;0;8;8
28346;2394;82;8;8;0;0;8;8
28357;2408;82;8;8;0;0;8;8
28363;2422;82;8;8;0;0;8;8
28369;2436;82;8;8;0;0;8;8
28381;2450;82;8;8;0;0;8;8
28382;2464;82;8;8;0;0;8;8
28404;2478;82;8;8;0;0;8;8
28417;2492;82;8;8;0;0;8;8
28418;2506;82;8;8;0;0;8;8
28422;2520;82;8;8;0;0;8;8
28431;2534;82;8;8;0;0;8;8
28436;2548;82;8;8;0;0;8;8
28448;2562;82;8;8;0;0;8;8
28450;2576;82;8;8;0;0;8;8
28459;2590;82;8;8;0;0;8;8
28460;2604;82;8;8;0;0;8;8
28472;2618;82;8;8;0;0;8;8
28500;2632;82;8;8;0;0;8;8
28508;2646;82;8;8;0;0;8;8
28511;2660;82;8;8;0;0;8;8
28516;2674;82;8;8;0;0;8;8
28526;2688;82;8;8;0;0;8;8
28528;2702;82;8;8;0;0;8;8
28548;2716;82;8;8;0;0;8;8
28608;2730;82;8;8;0;0;8;8
28609;2744;82;8;8;0;0;8;8
28611;2758;82;8;8;0;0;8;8
28651;2772;82;8;8;0;0;8;8
28655;2786;82;8;8;0;0;8;8
28716;2800;82;8;8;0;0;8;8
28779;2814;82;8;8;0;0;8;8
28783;2828;82;8;8;0;0;8;8
28784;2842;82;8;8;0;0;8;8
28797;2856;82;8;8;0;0;8;8
28809;2870;82;8;8;0;0;8;8
28810;2884;82;8;8;0;0;8;8
28814;2898;82;8;8;0;0;8;8
28845;2912;82;8;8;0;0;8;8
28857;2926;82;8;8;0;0;8;8
28858;2940;82;8;8;0;0;8;8
28872;2954;82;8;8;0;0;8;8
28961;2968;82;8;8;0;0;8;8
28966;2982;82;8;8;0;0;8;8
28982;2996;82;8;8;0;0;8;8
28988;3010;82;8;8;0;0;8;8
29006;3024;82;8;8;0;0;8;8
29017;3038;82;8;8;0;0;8;8
29031;3052;82;8;8;0;0;8;8
29033;3066;82;8;8;0;0;8;8
29038;3080;82;8;8;0;0;8;8
29066;3094;82;8;8;0;0;8;8
29087;3108;82;8;8;0;0;8;8
29105;3122;82;8;8;0;0;8;8
29123;3136;82;8;8;0;0;8;8
29157;3150;82;8;8;0;0;8;8
29190;3164;82;8;8;0;0;8;8
29226;3178;82;8;8;0;0;8;8
29237;3192;82;8;8;0;0;8;8
29238;3206;82;8;8;0;0;8;8
29245;3220;82;8;8;0;0;8;8
29255;3234;82;8;8;0;0;8;8
29256;3248;82;8;8;0;0;8;8
29273;3262;82;8;8;0;0;8;8
29275;3276;82;8;8;0;0;8;8
29287;3290;82;8;8;0;0;8;8
29289;3304;82;8;8;0;0;8;8
29298;3318;82;8;8;0;0;8;8
29305;3332;82;8;8;0;0;8;8
29344;3346;82;8;8;0;0;8;8
29356;3360;82;8;8;0;0;8;8
29359;3374;82;8;8;0;0;8;8
29366;3388;82;8;8;0;0;8;8
29378;3402;82;8;8;0;0;8;8
29401;3416;82;8;8;0;0;8;8
29417;3430;82;8;8;0;0;8;8
29420;3444;82;8;8;0;0;8;8
29421;3458;82;8;8;0;0;8;8
29467;3472;82;8;8;0;0;8;8
29471;3486;82;8;8;0;0;8;8
29483;3500;82;8;8;0;0;8;8
29486;3514;82;8;8;0;0;8;8
29494;3528;82;8;8;0;0;8;8
29503;3542;82;8;8;0;0;8;8
29508;3556;82;8;8;0;0;8;8
29539;3570;82;8;8;0;0;8;8
29554;3584;82;8;8;0;0;8;8
29572;3598;82;8;8;0;0;8;8
29575;3612;82;8;8;0;0;8;8
29577;3626;82;8;8;0;0;8;8
29579;3640;82;8;8;0;0;8;8
29609;3654;82;8;8;0;0;8;8
29645;3668;82;8;8;0;0;8;8
29664;3682;82;8;8;0;0;8;8
29677;3696;82;8;8;0;0;8;8
29694;3710;82;8;8;0;0;8;8
29699;3724;82;8;8;0;0;8;8
29702;3738;82;8;8;0;0;8;8
29748;3752;82;8;8;0;0;8;8
29792;3766;82;8;8;0;0;8;8
29827;3780;82;8;8;0;0;8;8
29863;3794;82;8;8;0;0;8;8
29872;3808;82;8;8;0;0;8;8
29885;3822;82;8;8;0;0;8;8
29926;3836;82;8;8;0;0;8;8
29942;3850;82;8;8;0;0;8;8
29976;3864;82;8;8;0;0;8;8
29978;3878;82;8;8;0;0;8;8
29983;3892;82;8;8;0;0;8;8
29987;3906;82;8;8;0;0;8;8
29992;3920;82;8;8;0;0;8;8
30000;3934;82;8;8;0;0;8;8
30001;3948;82;8;8;0;0;8;8
30002;3962;82;8;8;0;0;8;8
30003;3976;82;8;8;0;0;8;8
30007;3990;82;8;8;0;0;8;8
30010;4004;82;8;8;0;0;8;8
30011;4018;82;8;8;0;0;8;8
30028;4032;82;8;8;0;0;8;8
30031;4046;82;8;8;0;0;8;8
30033;4060;82;8;8;0;0;8;8
30036;4074;82;8;8;0;0;8;8
30041;4088;82;8;8;0;0;8;8
30044;0;96;8;8;0;0;8;8
30045;14;96;8;8;0;0;8;8
30053;28;96;8;8;0;0;8;8
30058;42;96;8;8;0;0;8;8
30064;56;96;8;8;0;0;8;8
30067;70;96;8;8;0;0;8;8
30079;84;96;8;8;0;0;8;8
30094;98;96;8;8;0;0;8;8
30097;112;96;8;8;0;0;8;8
30123;126;96;8;8;0;0;8;8
30130;140;96;8;8;0;0;8;8
30142;154;96;8;8;0;0;8;8
30149;168;96;8;8;0;0;8;8
30151;182;96;8;8;0;0;8;8
30165;196;96;8;8;0;0;8;8
30168;210;96;8;8;0;0;8;8
30171;224;96;8;8;0;0;8;8
30178;238;96;8;8;0;0;8;8
30185;252;96;8;8;0;0;8;8
30196;266;96;8;8;0;0;8;8
30221;280;96;8;8;0;0;8;8
30274;294;96;8;8;0;0;8;8
30290;308;96;8;8;0;0;8;8
30294;322;96;8;8;0;0;8;8
30330;336;96;8;8;0;0;8;8
30331;350;96;8;8;0;0;8;8
30333;364;96;8;8;0;0;8;8
30334;378;96;8;8;0;0;8;8
30340;392;96;8;8;0;0;8;8
30342;406;96;8;8;0;0;8;8
30343;420;96;8;8;0;0;8;8
30382;434;96;8;8;0;0;8;8
30399;448;96;8;8;0;0;8;8
30406;462;96;8;8;0;0;8;8
30410;476;96;8;8;0;0;8;8
30423;490;96;8;8;0;0;8;8
30427;504;96;8;8;0;0;8;8
30431;518;96;8;8;0;0;8;8
30435;532;96;8;8;0;0;8;8
30436;546;96;8;8;0;0;8;8
30446;560;96;8;8;0;0;8;8
30450;574;96;8;8;0;0;8;8
30452;588;96;8;8;0;0;8;8
30456;602;96;8;8;0;0;8;8
30462;616;96;8;8;0;0;8;8
30465;630;96;8;8;0;0;8;8
30473;644;96;8;8;0;0;8;8
30475;658;96;8;8;0;0;8;8
30476;672;96;8;8;0;0;8;8
30495;686;96;8;8;0;0;8;8
30496;700;96;8;8;0;0;8;8
30522;714;96;8;8;0;0;8;8
30524;728;96;8;8;0;0;8;8
30528;742;96;8;8;0;0;8;8
30561;756;96;8;8;0;0;8;8
30563;770;96;8;8;0;0;8;8
30566;784;96;8;8;0;0;8;8
30636;798;96;8;8;0;0;8;8
30637;812;96;8;8;0;0;8;8
30643;826;96;8;8;0;0;8;8
30683;840;96;8;8;0;0;8;8
30690;854;96;8;8;0;0;8;8
30693;868;96;8;8;0;0;8;8
30701;882;96;8;8;0;0;8;8
30703;896;96;8;8;0;0;8;8
30707;910;96;8;8;0;0;8;8
30722;924;96;8;8;0;0;8;8
30740;938;96;8;8;0;0;8;8
30741;952;96;8;8;0;0;8;8
30770;966;96;8;8;0;0;8;8
30772;980;96;8;8;0;0;8;8
30813;994;96;8;8;0;0;8;8
30827;1008;96;8;8;0;0;8;8
30828;1022;96;8;8;0;0;8;8
30849;1036;96;8;8;0;0;8;8
30865;1050;96;8;8;0;0;8;8
30906;1064;96;8;8;0;0;8;8
30913;1078;96;8;8;0;0;8;8
30952;1092;96;8;8;0;0;8;8
30977;1106;96;8;8;0;0;8;8
30990;1120;96;8;8;0;0;8;8
31034;1134;96;8;8;0;0;8;8
31036;1148;96;8;8;0;0;8;8
31038;1162;96;8;8;0;0;8;8
31048;1176;96;8;8;0;0;8;8
31049;1190;96;8;8;0;0;8;8
31062;1204;96;8;8;0;0;8;8
31069;1218;96;8;8;0;0;8;8
31070;1232;96;8;8;0;0;8;8
31077;1246;96;8;8;0;0;8;8
31080;1260;96;8;8;0;0;8;8
31085;1274;96;8;8;0;0;8;8
31105;1288;96;8;8;0;0;8;8
31109;1302;96;8;8;0;0;8;8
31117;1316;96;8;8;0;0;8;8
31119;1330;96;8;8;0;0;8;8
31168;1344;96;8;8;0;0;8;8
31169;1358;96;8;8;0;0;8;8
31179;1372;96;8;8;0;0;8;8
31185;1386;96;8;8;0;0;8;8
31186;1400;96;8;8;0;0;8;8
31192;1414;96;8;8;0;0;8;8
31199;1428;96;8;8;0;0;8;8
31209;1442;96;8;8;0;0;8;8
31216;1456;96;8;8;0;0;8;8
31227;1470;96;8;8;0;0;8;8
31243;1484;96;8;8;0;0;8;8
31246;1498;96;8;8;0;0;8;8
31258;1512;96;8;8;0;0;8;8
31278;1526;96;8;8;0;0;8;8
31282;1540;96;8;8;0;0;8;8
31292;1554;96;8;8;0;0;8;8
31293;1568;96;8;8;0;0;8;8
31295;1582;96;8;8;0;0;8;8
31296;1596;96;8;8;0;0;8;8
31298;1610;96;8;8;0;0;8;8
31309;1624;96;8;8;0;0;8;8
31311;1638;96;8;8;0;0;8;8
31339;1652;96;8;8;0;0;8;8
31348;1666;96;8;8;0;0;8;8
31350;1680;96;8;8;0;0;8;8
31354;1694;96;8;8;0;0;8;8
31361;1708;96;8;8;0;0;8;8
31363;1722;96;8;8;0;0;8;8
31378;1736;96;8;8;0;0;8;8
31379;1750;96;8;8;0;0;8;8
31391;1764;96;8;8;0;0;8;8
31406;1778;96;8;8;0;0;8;8
31407;1792;96;8;8;0;0;8;8
31435;1806;96;8;8;0;0;8;8
31452;1820;96;8;8;0;0;8;8
31456;1834;96;8;8;0;0;8;8
31461;1848;96;8;8;0;0;8;8
31471;1862;96;8;8;0;0;8;8
31478;1876;96;8;8;0;0;8;8
31481;1890;96;8;8;0;0;8;8
31505;1904;96;8;8;0;0;8;8
31515;1918;96;8;8;0;0;8;8
31526;1932;96;8;8;0;0;8;8
31532;1946;96;8;8;0;0;8;8
31558;1960;96;8;8;0;0;8;8
31561;1974;96;8;8;0;0;8;8
31563;1988;96;8;8;0;0;8;8
31570;2002;96;8;8;0;0;8;8
31572;2016;96;8;8;0;0;8;8
31574;2030;96;8;8;0;0;8;8
31623;2044;96;8;8;0;0;8;8
31627;2058;96;8;8;0;0;8;8
31639;2072;96;8;8;0;0;8;8
31649;2086;96;8;8;0;0;8;8
31665;2100;96;8;8;0;0;8;8
31672;2114;96;8;8;0;0;8;8
31680;2128;96;8;8;0;0;8;8
31684;2142;96;8;8;0;0;8;8
31689;2156;96;8;8;0;0;8;8
31716;2170;96;8;8;0;0;8;8
31777;2184;96;8;8;0;0;8;8
31807;2198;96;8;8;0;0;8;8
31821;2212;96;8;8;0;0;8;8
31840;2226;96;8;8;0;0;8;8
31859;2240;96;8;8;0;0;8;8
31881;2254;96;8;8;0;0;8;8
31883;2268;96;8;8;0;0;8;8
31890;2282;96;8;8;0;0;8;8
31895;2296;96;8;8;0;0;8;8
31896;2310;96;8;8;0;0;8;8
31899;2324;96;8;8;0;0;8;8
31911;2338;96;8;8;0;0;8;8
31934;2352;96;8;8;0;0;8;8
31958;2366;96;8;8;0;0;8;8
31975;2380;96;8;8;0;0;8;8
31992;2394;96;8;8;0;0;8;8
31995;2408;96;8;8;0;0;8;8
31998;2422;96;8;8;0;0;8;8
32000;2436;96;8;8;0;0;8;8
32004;2450;96;8;8;0;0;8;8
32005;2464;96;8;8;0;0;8;8
32011;2478;96;8;8;0;0;8;8
32013;2492;96;8;8;0;0;8;8
32020;2506;96;8;8;0;0;8;8
32025;2520;96;8;8;0;0;8;8
32026;2534;96;8;8;0;0;8;8
32027;2548;96;8;8;0;0;8;8
32032;2562;96;8;8;0;0;8;8
32033;2576;96;8;8;0;0;8;8
32034;2590;96;8;8;0;0;8;8
32043;2604;96;8;8;0;0;8;8
32047;2618;96;8;8;0;0;8;8
32048;2632;96;8;8;0;0;8;8
32051;2646;96;8;8;0;0;8;8
32057;2660;96;8;8;0;0;8;8
32058;2674;96;8;8;0;0;8;8
32066;2688;96;8;8;0;0;8;8
32068;2702;96;8;8;0;0;8;8
32076;2716;96;8;8;0;0;8;8
32080;2730;96;8;8;0;0;8;8
32094;2744;96;8;8;0;0;8;8
32097;2758;96;8;8;0;0;8;8
32102;2772;96;8;8;0;0;8;8
32113;2786;96;8;8;0;0;8;8
32117;2800;96;8;8;0;0;8;8
32118;2814;96;8;8;0;0;8;8
32121;2828;96;8;8;0;0;8;8
32153;2842;96;8;8;0;0;8;8
32154;2856;96;8;8;0;0;8;8
32173;2870;96;8;8;0;0;8;8
32177;2884;96;8;8;0;0;8;8
32178;2898;96;8;8;0;0;8;8
32187;2912;96;8;8;0;0;8;8
32191;2926;96;8;8;0;0;8;8
32202;2940;96;8;8;0;0;8;8
32207;2954;96;8;8;0;0;8;8
32209;2968;96;8;8;0;0;8;8
32210;2982;96;8;8;0;0;8;8
32218;2996;96;8;8;0;0;8;8
32224;3010;96;8;8;0;0;8;8
32232;3024;96;8;8;0;0;8;8
32233;3038;96;8;8;0;0;8;8
32239;3052;96;8;8;0;0;8;8
32244;3066;96;8;8;0;0;8;8
32251;3080;96;8;8;0;0;8;8
32257;3094;96;8;8;0;0;8;8
32260;3108;96;8;8;0;0;8;8
32283;3122;96;8;8;0;0;8;8
32294;3136;96;8;8;0;0;8;8
32299;3150;96;8;8;0;0;8;8
32302;3164;96;8;8;0;0;8;8
32318;3178;96;8;8;0;0;8;8
32321;3192;96;8;8;0;0;8;8
32330;3206;96;8;8;0;0;8;8
32340;3220;96;8;8;0;0;8;8
32341;3234;96;8;8;0;0;8;8
32365;3248;96;8;8;0;0;8;8
32368;3262;96;8;8;0;0;8;8
32566;3276;96;8;8;0;0;8;8
32618;3290;96;8;8;0;0;8;8
32622;3304;96;8;8;0;0;8;8
32624;3318;96;8;8;0;0;8;8
32626;3332;96;8;8;0;0;8;8
32629;3346;96;8;8;0;0;8;8
32631;3360;96;8;8;0;0;8;8
32645;3374;96;8;8;0;0;8;8
32650;3388;96;8;8;0;0;8;8
32654;3402;96;8;8;0;0;8;8
32670;3416;96;8;8;0;0;8;8
32676;3430;96;8;8;0;0;8;8
32680;3444;96;8;8;0;0;8;8
32681;3458;96;8;8;0;0;8;8
32701;3472;96;8;8;0;0;8;8
32705;3486;96;8;8;0;0;8;8
32716;3500;96;8;8;0;0;8;8
32722;3514;96;8;8;0;0;8;8
32763;3528;96;8;8;0;0;8;8
32764;3542;96;8;8;0;0;8;8
32769;3556;96;8;8;0;0;8;8
32771;3570;96;8;8;0;0;8;8
32773;3584;96;8;8;0;0;8;8
32784;3598;96;8;8;0;0;8;8
32789;3612;96;8;8;0;0;8;8
32791;3626;96;8;8;0;0;8;8
32819;3640;96;8;8;0;0;8;8
32854;3654;96;8;8;0;0;8;8
32862;3668;96;8;8;0;0;8;8
32884;3682;96;8;8;0;0;8;8
32887;3696;96;8;8;0;0;8;8
32905;3710;96;8;8;0;0;8;8
32908;3724;96;8;8;0;0;8;8
32918;3738;96;8;8;0;0;8;8
32920;3752;96;8;8;0;0;8;8
32925;3766;96;8;8;0;0;8;8
32929;3780;96;8;8;0;0;8;8
32930;3794;96;8;8;0;0;8;8
32933;3808;96;8;8;0;0;8;8
32937;3822;96;8;8;0;0;8;8
32938;3836;96;8;8;0;0;8;8
32943;3850;96;8;8;0;0;8;8
32946;3864;96;8;8;0;0;8;8
32954;3878;96;8;8;0;0;8;8
32963;3892;96;8;8;0;0;8;8
32966;3906;96;8;8;0;0;8;8
32972;3920;96;8;8;0;0;8;8
32974;3934;96;8;8;0;0;8;8
32990;3948;96;8;8;0;0;8;8
33012;3962;96;8;8;0;0;8;8
33016;3976;96;8;8;0;0;8;8
33021;3990;96;8;8;0;0;8;8
33026;4004;96;8;8;0;0;8;8
33029;4018;96;8;8;0;0;8;8
33031;4032;96;8;8;0;0;8;8
33032;4046;96;8;8;0;0;8;8
33034;4060;96;8;8;0;0;8;8
33050;4074;96;8;8;0;0;8;8
33073;4088;96;8;8;0;0;8;8
33075;0;110;8;8;0;0;8;8
33102;14;110;8;8;0;0;8;8
33104;28;110;8;8;0;0;8;8
33109;42;110;8;8;0;0;8;8
33131;56;110;8;8;0;0;8;8
33136;70;110;8;8;0;0;8;8
33144;84;110;8;8;0;0;8;8
33145;98;110;8;8;0;0;8;8
33146;112;110;8;8;0;0;8;8
33178;126;110;8;8;0;0;8;8
33180;140;110;8;8;0;0;8;8
33181;154;110;8;8;0;0;8;8
33192;168;110;8;8;0;0;8;8
33203;182;110;8;8;0;0;8;8
33222;196;110;8;8;0;0;8;8
33235;210;110;8;8;0;0;8;8
33251;224;110;8;8;0;0;8;8
33256;238;110;8;8;0;0;8;8
33258;252;110;8;8;0;0;8;8
33261;266;110;8;8;0;0;8;8
33267;280;110;8;8;0;0;8;8
33268;294;110;8;8;0;0;8;8
33276;308;110;8;8;0;0;8;8
33288;322;110;8;8;0;0;8;8
33292;336;110;8;8;0;0;8;8
33294;350;110;8;8;0;0;8;8
33303;364;110;8;8;0;0;8;8
33310;378;110;8;8;0;0;8;8
33311;392;110;8;8;0;0;8;8
33322;406;110;8;8;0;0;8;8
33324;420;110;8;8;0;0;8;8
33334;434;110;8;8;0;0;8;8
33335;448;110;8;8;0;0;8;8
33337;462;110;8;8;0;0;8;8
33351;476;110;8;8;0;0;8;8
33382;490;110;8;8;0;0;8;8
33391;504;110;8;8;0;0;8;8
33394;518;110;8;8;0;0;8;8
33398;532;110;8;8;0;0;8;8
33419;546;110;8;8;0;0;8;8
33437;560;110;8;8;0;0;8;8
33455;574;110;8;8;0;0;8;8
33457;588;110;8;8;0;0;8;8
33459;602;110;8;8;0;0;8;8
33464;616;110;8;8;0;0;8;8
33469;630;110;8;8;0;0;8;8
33495;644;110;8;8;0;0;8;8
33499;658;110;8;8;0;0;8;8
33509;672;110;8;8;0;0;8;8
33510;686;110;8;8;0;0;8;8
33521;700;110;8;8;0;0;8;8
33538;714;110;8;8;0;0;8;8
33550;728;110;8;8;0;0;8;8
33576;742;110;8;8;0;0;8;8
33590;756;110;8;8;0;0;8;8
33609;770;110;8;8;0;0;8;8
33618;784;110;8;8;0;0;8;8
33624;798;110;8;8;0;0;8;8
33655;812;110;8;8;0;0;8;8
33738;826;110;8;8;0;0;8;8
33740;840;110;8;8;0;0;8;8
33747;854;110;8;8;0;0;8;8
33756;868;110;8;8;0;0;8;8
33775;882;110;8;8;0;0;8;8
33806;896;110;8;8;0;0;8;8
33853;910;110;8;8;0;0;8;8
33865;924;110;8;8;0;0;8;8
33879;938;110;8;8;0;0;8;8
33883;952;110;8;8;0;0;8;8
33900;966;110;8;8;0;0;8;8
33976;980;110;8;8;0;0;8;8
33988;994;110;8;8;0;0;8;8
33995;1008;110;8;8;0;0;8;8
34065;1022;110;8;8;0;0;8;8
34101;1036;110;8;8;0;0;8;8
34109;1050;110;8;8;0;0;8;8
34180;1064;110;8;8;0;0;8;8
34214;1078;110;8;8;0;0;8;8
34218;1092;110;8;8;0;0;8;8
34219;1106;110;8;8;0;0;8;8
34220;1120;110;8;8;0;0;8;8
34253;1134;110;8;8;0;0;8;8
34276;1148;110;8;8;0;0;8;8
34281;1162;110;8;8;0;0;8;8
34299;1176;110;8;8;0;0;8;8
34382;1190;110;8;8;0;0;8;8
34384;1204;110;8;8;0;0;8;8
34394;1218;110;8;8;0;0;8;8
34396;1232;110;8;8;0;0;8;8
34398;1246;110;8;8;0;0;8;8
34411;1260;110;8;8;0;0;8;8
34425;1274;110;8;8;0;0;8;8
34442;1288;110;8;8;0;0;8;8
34453;1302;110;8;8;0;0;8;8
34503;1316;110;8;8;0;0;8;8
34509;1330;110;8;8;0;0;8;8
34542;1344;110;8;8;0;0;8;8
34562;1358;110;8;8;0;0;8;8
34588;1372;110;8;8;0;0;8;8
34701;1386;110;8;8;0;0;8;8
34880;1400;110;8;8;0;0;8;8
34886;1414;110;8;8;0;0;8;8
34892;1428;110;8;8;0;0;8;8
34899;1442;110;8;8;0;0;8;8
34903;1456;110;8;8;0;0;8;8
34907;1470;110;8;8;0;0;8;8
34909;1484;110;8;8;0;0;8;8
34913;1498;110;8;8;0;0;8;8
34915;1512;110;8;8;0;0;8;8
34920;1526;110;8;8;0;0;8;8
34928;1540;110;8;8;0;0;8;8
34935;1554;110;8;8;0;0;8;8
34955;1568;110;8;8;0;0;8;8
34966;1582;110;8;8;0;0;8;8
34987;1596;110;8;8;0;0;8;8
35009;1610;110;8;8;0;0;8;8
35010;1624;110;8;8;0;0;8;8
35013;1638;110;8;8;0;0;8;8
35023;1652;110;8;8;0;0;8;8
35029;1666;110;8;8;0;0;8;8
35036;1680;110;8;8;0;0;8;8
35064;1694;110;8;8;0;0;8;8
35069;1708;110;8;8;0;0;8;8
35070;1722;110;8;8;0;0;8;8
35079;1736;110;8;8;0;0;8;8
35088;1750;110;8;8;0;0;8;8
35090;1764;110;8;8;0;0;8;8
35167;1778;110;8;8;0;0;8;8
35186;1792;110;8;8;0;0;8;8
35199;1806;110;8;8;0;0;8;8
35201;1820;110;8;8;0;0;8;8
35206;1834;110;8;8;0;0;8;8
35207;1848;110;8;8;0;0;8;8
35211;1862;110;8;8;0;0;8;8
35215;1876;110;8;8;0;0;8;8
35222;1890;110;8;8;0;0;8;8
35226;1904;110;8;8;0;0;8;8
35239;1918;110;8;8;0;0;8;8
35242;1932;110;8;8;0;0;8;8
35251;1946;110;8;8;0;0;8;8
35282;1960;110;8;8;0;0;8;8
35299;1974;110;8;8;0;0;8;8
35302;1988;110;8;8;0;0;8;8
35328;2002;110;8;8;0;0;8;8
35330;2016;110;8;8;0;0;8;8
35331;2030;110;8;8;0;0;8;8
35336;2044;110;8;8;0;0;8;8
35342;2058;110;8;8;0;0;8;8
35347;2072;110;8;8;0;0;8;8
35351;2086;110;8;8;0;0;8;8
35352;2100;110;8;8;0;0;8;8
35359;2114;110;8;8;0;0;8;8
35370;2128;110;8;8;0;0;8;8
35373;2142;110;8;8;0;0;8;8
35377;2156;110;8;8;0;0;8;8
35379;2170;110;8;8;0;0;8;8
35380;2184;110;8;8;0;0;8;8
35386;2198;110;8;8;0;0;8;8
35388;2212;110;8;8;0;0;8;8
35408;2226;110;8;8;0;0;8;8
35412;2240;110;8;8;0;0;8;8
35413;2254;110;8;8;0;0;8;8
35422;2268;110;8;8;0;0;8;8
35424;2282;110;8;8;0;0;8;8
35427;2296;110;8;8;0;0;8;8
35430;2310;110;8;8;0;0;8;8
35433;2324;110;8;8;0;0;8;8
35438;2338;110;8;8;0;0;8;8
35440;2352;110;8;8;0;0;8;8
35441;2366;110;8;8;0;0;8;8
35442;2380;110;8;8;0;0;8;8
35443;2394;110;8;8;0;0;8;8
35463;2408;110;8;8;0;0;8;8
35465;2422;110;8;8;0;0;8;8
35468;2436;110;8;8;0;0;8;8
35469;2450;110;8;8;0;0;8;8
35475;2464;110;8;8;0;0;8;8
35477;2478;110;8;8;0;0;8;8
35480;2492;110;8;8;0;0;8;8
35486;2506;110;8;8;0;0;8;8
35488;2520;110;8;8;0;0;8;8
35492;2534;110;8;8;0;0;8;8
35500;2548;110;8;8;0;0;8;8
35501;2562;110;8;8;0;0;8;8
35504;2576;110;8;8;0;0;8;8
35506;2590;110;8;8;0;0;8;8
35519;2604;110;8;8;0;0;8;8
35527;2618;110;8;8;0;0;8;8
35531;2632;110;8;8;0;0;8;8
35542;2646;110;8;8;0;0;8;8
35558;2660;110;8;8;0;0;8;8
35559;2674;110;8;8;0;0;8;8
35565;2688;110;8;8;0;0;8;8
35566;2702;110;8;8;0;0;8;8
35576;2716;110;8;8;0;0;8;8
35582;2730;110;8;8;0;0;8;8
35584;2744;110;8;8;0;0;8;8
35585;2758;110;8;8;0;0;8;8
35588;2772;110;8;8;0;0;8;8
35598;2786;110;8;8;0;0;8;8
35609;2800;110;8;8;0;0;8;8
35611;2814;110;8;8;0;0;8;8
35613;2828;110;8;8;0;0;8;8
35617;2842;110;8;8;0;0;8;8
35641;2856;110;8;8;0;0;8;8
35672;2870;110;8;8;0;0;8;8
35676;2884;110;8;8;0;0;8;8
35686;2898;110;8;8;0;0;8;8
35696;2912;110;8;8;0;0;8;8
35698;2926;110;8;8;0;0;8;8
35703;2940;110;8;8;0;0;8;8
35895;2954;110;8;8;0;0;8;8
35910;2968;110;8;8;0;0;8;8
35914;2982;110;8;8;0;0;8;8
35930;2996;110;8;8;0;0;8;8
35937;3010;110;8;8;0;0;8;8
35946;3024;110;8;8;0;0;8;8
35980;3038;110;8;8;0;0;8;8
35997;3052;110;8;8;0;0;8;8
35998;3066;110;8;8;0;0;8;8
36000;3080;110;8;8;0;0;8;8
36001;3094;110;8;8;0;0;8;8
36002;3108;110;8;8;0;0;8;8
36007;3122;110;8;8;0;0;8;8
36008;3136;110;8;8;0;0;8;8
36009;3150;110;8;8;0;0;8;8
36010;3164;110;8;8;0;0;8;8
36011;3178;110;8;8;0;0;8;8
36012;3192;110;8;8;0;0;8;8
36015;3206;110;8;8;0;0;8;8
36020;3220;110;8;8;0;0;8;8
36023;3234;110;8;8;0;0;8;8
36024;3248;110;8;8;0;0;8;8
36027;3262;110;8;8;0;0;8;8
36028;3276;110;8;8;0;0;8;8
36031;3290;110;8;8;0;0;8;8
36032;3304;110;8;8;0;0;8;8
36034;3318;110;8;8;0;0;8;8
36035;3332;110;8;8;0;0;8;8
36036;3346;110;8;8;0;0;8;8
36039;3360;110;8;8;0;0;8;8
36042;3374;110;8;8;0;0;8;8
36051;3388;110;8;8;0;0;8;8
36059;3402;110;8;8;0;0;8;8
36060;3416;110;8;8;0;0;8;8
36062;3430;110;8;8;0;0;8;8
36064;3444;110;8;8;0;0;8;8
36066;3458;110;8;8;0;0;8;8
36070;3472;110;8;8;0;0;8;8
36074;3486;110;8;8;0;0;8;8
36077;3500;110;8;8;0;0;8;8
36092;3514;110;8;8;0;0;8;8
36104;3528;110;8;8;0;0;8;8
36196;3542;110;8;8;0;0;8;8
36198;3556;110;8;8;0;0;8;8
36208;3570;110;8;8;0;0;8;8
36212;3584;110;8;8;0;0;8;8
36215;3598;110;8;8;0;0;8;8
36229;3612;110;8;8;0;0;8;8
36234;3626;110;8;8;0;0;8;8
36259;3640;110;8;8;0;0;8;8
36275;3654;110;8;8;0;0;8;8
36317;3668;110;8;8;0;0;8;8
36321;3682;110;8;8;0;0;8;8
36335;3696;110;8;8;0;0;8;8
36339;3710;110;8;8;0;0;8;8
36341;3724;110;8;8;0;0;8;8
36362;3738;110;8;8;0;0;8;8
36367;3752;110;8;8;0;0;8;8
36394;3766;110;8;8;0;0;8;8
36468;3780;110;8;8;0;0;8;8
36493;3794;110;8;8;0;0;8;8
36523;3808;110;8;8;0;0;8;8
36554;3822;110;8;8;0;0;8;8
36556;3836;110;8;8;0;0;8;8
36557;3850;110;8;8;0;0;8;8
36562;3864;110;8;8;0;0;8;8
36575;3878;110;8;8;0;0;8;8
36578;3892;110;8;8;0;0;8;8
36600;3906;110;8;8;0;0;8;8
36605;3920;110;8;8;0;0;8;8
36611;3934;110;8;8;0;0;8;8
36617;3948;110;8;8;0;0;8;8
36637;3962;110;8;8;0;0;8;8
36649;3976;110;8;8;0;0;8;8
36650;3990;110;8;8;0;0;8;8
36664;4004;110;8;8;0;0;8;8
36676;4018;110;8;8;0;0;8;8
36763;4032;110;8;8;0;0;8;8
36766;4046;110;8;8;0;0;8;8
36771;4060;110;8;8;0;0;8;8
36785;4074;110;8;8;0;0;8;8
36786;4088;110;8;8;0;0;8;8
36794;0;124;8;8;0;0;8;8
36796;14;124;8;8;0;0;8;8
36805;28;124;8;8;0;0;8;8
36814;42;124;8;8;0;0;8;8
36817;56;124;8;8;0;0;8;8
36820;70;124;8;8;0;0;8;8
36843;84;124;8;8;0;0;8;8
36845;98;124;8;8;0;0;8;8
36848;112;124;8;8;0;0;8;8
36855;126;124;8;8;0;0;8;8
36861;140;124;8;8;0;0;8;8
36864;154;124;8;8;0;0;8;8
36865;168;124;8;8;0;0;8;8
36867;182;124;8;8;0;0;8;8
36870;196;124;8;8;0;0;8;8
36879;210;124;8;8;0;0;8;8
36880;224;124;8;8;0;0;8;8
36883;238;124;8;8;0;0;8;8
36884;252;124;8;8;0;0;8;8
36890;266;124;8;8;0;0;8;8
36893;280;124;8;8;0;0;8;8
36895;294;124;8;8;0;0;8;8
36896;308;124;8;8;0;0;8;8
36899;322;124;8;8;0;0;8;8
36910;336;124;8;8;0;0;8;8
36913;350;124;8;8;0;0;8;8
36914;364;124;8;8;0;0;8;8
36920;378;124;8;8;0;0;8;8
36930;392;124;8;8;0;0;8;8
36933;406;124;8;8;0;0;8;8
36935;420;124;8;8;0;0;8;8
36938;434;124;8;8;0;0;8;8
36939;448;124;8;8;0;0;8;8
36941;462;124;8;8;0;0;8;8
36942;476;124;8;8;0;0;8;8
36947;490;124;8;8;0;0;8;8
36948;504;124;8;8;0;0;8;8
36949;518;124;8;8;0;0;8;8
36956;532;124;8;8;0;0;8;8
36960;546;124;8;8;0;0;8;8
36961;560;124;8;8;0;0;8;8
36963;574;124;8;8;0;0;8;8
36969;588;124;8;8;0;0;8;8
36973;602;124;8;8;0;0;8;8
36974;616;124;8;8;0;0;8;8
36981;630;124;8;8;0;0;8;8
36983;644;124;8;8;0;0;8;8
36984;658;124;8;8;0;0;8;8
36986;672;124;8;8;0;0;8;8
36991;686;124;8;8;0;0;8;8
36996;700;124;8;8;0;0;8;8
37027;714;124;8;8;0;0;8;8
37030;728;124;8;8;0;0;8;8
37034;742;124;8;8;0;0;8;8
37048;756;124;8;8;0;0;8;8
37066;770;124;8;8;0;0;8;8
37070;784;124;8;8;0;0;8;8
37089;798;124;8;8;0;0;8;8
37096;812;124;8;8;0;0;8;8
37101;826;124;8;8;0;0;8;8
37109;840;124;8;8;0;0;8;8
37111;854;124;8;8;0;0;8;8
37117;868;124;8;8;0;0;8;8
37196;882;124;8;8;0;0;8;8
37197;896;124;8;8;0;0;8;8
37198;910;124;8;8;0;0;8;8
37202;924;124;8;8;0;0;8;8
37204;938;124;8;8;0;0;8;8
37218;952;124;8;8;0;0;8;8
37226;966;124;8;8;0;0;8;8
37228;980;124;8;8;0;0;8;8
37237;994;124;8;8;0;0;8;8
37239;1008;124;8;8;0;0;8;8
37240;1022;124;8;8;0;0;8;8
37266;1036;124;8;8;0;0;8;8
37276;1050;124;8;8;0;0;8;8
37304;1064;124;8;8;0;0;8;8
37319;1078;124;8;8;0;0;8;8
37320;1092;124;8;8;0;0;8;8
37324;1106;124;8;8;0;0;8;8
37325;1120;124;8;8;0;0;8;8
37326;1134;124;8;8;0;0;8;8
37327;1148;124;8;8;0;0;8;8
37329;1162;124;8;8;0;0;8;8
37340;1176;124;8;8;0;0;8;8
37341;1190;124;8;8;0;0;8;8
37347;1204;124;8;8;0;0;8;8
37389;1218;124;8;8;0;0;8;8
37428;1232;124;8;8;0;0;8;8
37444;1246;124;8;8;0;0;8;8
37467;1260;124;8;8;0;0;8;8
37474;1274;124;8;8;0;0;8;8
37489;1288;124;8;8;0;0;8;8
37504;1302;124;8;8;0;0;8;8
37507;1316;124;8;8;0;0;8;8
37509;1330;124;8;8;0;0;8;8
37528;1344;124;8;8;0;0;8;8
37549;1358;124;8;8;0;0;8;8
37613;1372;124;8;8;0;0;8;8
37619;1386;124;8;8;0;0;8;8
37628;1400;124;8;8;0;0;8;8
37664;1414;124;8;8;0;0;8;8
37670;1428;124;8;8;0;0;8;8
37676;1442;124;8;8;0;0;8;8
37678;1456;124;8;8;0;0;8;8
37679;1470;124;8;8;0;0;8;8
37682;1484;124;8;8;0;0;8;8
37707;1498;124;8;8;0;0;8;8
37723;1512;124;8;8;0;0;8;8
37749;1526;124;8;8;0;0;8;8
37772;1540;124;8;8;0;0;8;8
37782;1554;124;8;8;0;0;8;8
37806;1568;124;8;8;0;0;8;8
37857;1582;124;8;8;0;0;8;8
37912;1596;124;8;8;0;0;8;8
37969;1610;124;8;8;0;0;8;8
38263;1624;124;8;8;0;0;8;8
38272;1638;124;8;8;0;0;8;8
38281;1652;124;8;8;0;0;8;8
38283;1666;124;8;8;0;0;8;8
38289;1680;124;8;8;0;0;8;8
38291;1694;124;8;8;0;0;8;8
38306;1708;124;8;8;0;0;8;8
38307;1722;124;8;8;0;0;8;8
38309;1736;124;8;8;0;0;8;8
38322;1750;124;8;8;0;0;8;8
38343;1764;124;8;8;0;0;8;8
38360;1778;124;8;8;0;0;8;8
38428;1792;124;8;8;0;0;8;8
38442;1806;124;8;8;0;0;8;8
38450;1820;124;8;8;0;0;8;8
38459;1834;124;8;8;0;0;8;8
38468;1848;124;8;8;0;0;8;8
38477;1862;124;8;8;0;0;8;8
38480;1876;124;8;8;0;0;8;8
38491;1890;124;8;8;0;0;8;8
38498;1904;124;8;8;0;0;8;8
38499;1918;124;8;8;0;0;8;8
38500;1932;124;8;8;0;0;8;8
38501;1946;124;8;8;0;0;8;8
38506;1960;124;8;8;0;0;8;8
38512;1974;124;8;8;0;0;8;8
38515;1988;124;8;8;0;0;8;8
38517;2002;124;8;8;0;0;8;8
38518;2016;124;8;8;0;0;8;8
38520;2030;124;8;8;0;0;8;8
38522;2044;124;8;8;0;0;8;8
38525;2058;124;8;8;0;0;8;8
38533;2072;124;8;8;0;0;8;8
38534;2086;124;8;8;0;0;8;8
38538;2100;124;8;8;0;0;8;8
38542;2114;124;8;8;0;0;8;8
38543;2128;124;8;8;0;0;8;8
38548;2142;124;8;8;0;0;8;8
38553;2156;124;8;8;0;0;8;8
38555;2170;124;8;8;0;0;8;8
38556;2184;124;8;8;0;0;8;8
38560;2198;124;8;8;0;0;8;8
38563;2212;124;8;8;0;0;8;8
38583;2226;124;8;8;0;0;8;8
38587;2240;124;8;8;0;0;8;8
38596;2254;124;8;8;0;0;8;8
38597;2268;124;8;8;0;0;8;8
38598;2282;124;8;8;0;0;8;8
38599;2296;124;8;8;0;0;8;8
38604;2310;124;8;8;0;0;8;8
38609;2324;124;8;8;0;0;8;8
38626;2338;124;8;8;0;0;8;8
38627;2352;124;8;8;0;0;8;8
38632;2366;124;8;8;0;0;8;8
38634;2380;124;8;8;0;0;8;8
38640;2394;124;8;8;0;0;8;8
38642;2408;124;8;8;0;0;8;8
38646;2422;124;8;8;0;0;8;8
38647;2436;124;8;8;0;0;8;8
38651;2450;124;8;8;0;0;8;8
38656;2464;124;8;8;0;0;8;8
38663;2478;124;8;8;0;0;8;8
38666;2492;124;8;8;0;0;8;8
38684;2506;124;8;8;0;0;8;8
38695;2520;124;8;8;0;0;8;8
38706;2534;124;8;8;0;0;8;8
38738;2548;124;8;8;0;0;8;8
38745;2562;124;8;8;0;0;8;8
38750;2576;124;8;8;0;0;8;8
38754;2590;124;8;8;0;0;8;8
38761;2604;124;8;8;0;0;8;8
38772;2618;124;8;8;0;0;8;8
38867;2632;124;8;8;0;0;8;8
38899;2646;124;8;8;0;0;8;8
38907;2660;124;8;8;0;0;8;8
38911;2674;124;8;8;0;0;8;8
38914;2688;124;8;8;0;0;8;8
38915;2702;124;8;8;0;0;8;8
38917;2716;124;8;8;0;0;8;8
38918;2730;124;8;8;0;0;8;8
38920;2744;124;8;8;0;0;8;8
38928;2758;124;8;8;0;0;8;8
38929;2772;124;8;8;0;0;8;8
38930;2786;124;8;8;0;0;8;8
38931;2800;124;8;8;0;0;8;8
38936;2814;124;8;8;0;0;8;8
38957;2828;124;8;8;0;0;8;8
38960;2842;124;8;8;0;0;8;8
38971;2856;124;8;8;0;0;8;8
38972;2870;124;8;8;0;0;8;8
38988;2884;124;8;8;0;0;8;8
38989;2898;124;8;8;0;0;8;8
38990;2912;124;8;8;0;0;8;8
38996;2926;124;8;8;0;0;8;8
38997;2940;124;8;8;0;0;8;8
39000;2954;124;8;8;0;0;8;8
39006;2968;124;8;8;0;0;8;8
39015;2982;124;8;8;0;0;8;8
39080;2996;124;8;8;0;0;8;8
39131;3010;124;8;8;0;0;8;8
39135;3024;124;8;8;0;0;8;8
39138;3038;124;8;8;0;0;8;8
39151;3052;124;8;8;0;0;8;8
39154;3066;124;8;8;0;0;8;8
39164;3080;124;8;8;0;0;8;8
39165;3094;124;8;8;0;0;8;8
39166;3108;124;8;8;0;0;8;8
39173;3122;124;8;8;0;0;8;8
39178;3136;124;8;8;0;0;8;8
39180;3150;124;8;8;0;0;8;8
39187;3164;124;8;8;0;0;8;8
39208;3178;124;8;8;0;0;8;8
39318;3192;124;8;8;0;0;8;8
39321;3206;124;8;8;0;0;8;8
39340;3220;124;8;8;0;0;8;8
39364;3234;124;8;8;0;0;8;8
39365;3248;124;8;8;0;0;8;8
39366;3262;124;8;8;0;0;8;8
39376;3276;124;8;8;0;0;8;8
39378;3290;124;8;8;0;0;8;8
39438;3304;124;8;8;0;0;8;8
39442;3318;124;8;8;0;0;8;8
39443;3332;124;8;8;0;0;8;8
39472;3346;124;8;8;0;0;8;8
39514;3360;124;8;8;0;0;8;8
39592;3374;124;8;8;0;0;8;8
39608;3388;124;8;8;0;0;8;8
39620;3402;124;8;8;0;0;8;8
39640;3416;124;8;8;0;0;8;8
39658;3430;124;8;8;0;0;8;8
39729;3444;124;8;8;0;0;8;8
39740;3458;124;8;8;0;0;8;8
39746;3472;124;8;8;0;0;8;8
39749;3486;124;8;8;0;0;8;8
39764;3500;124;8;8;0;0;8;8
39770;3514;124;8;8;0;0;8;8
39854;3528;124;8;8;0;0;8;8
39912;3542;124;8;8;0;0;8;8
40165;3556;124;8;8;0;0;8;8
40180;3570;124;8;8;0;0;8;8
40335;3584;124;8;8;0;0;8;8
40372;3598;124;8;8;0;0;8;8
40575;3612;124;8;8;0;0;8;8
40595;3626;124;8;8;0;0;8;8
40599;3640;124;8;8;0;0;8;8
40614;3654;124;8;8;0;0;8;8
40634;3668;124;8;8;0;0;8;8
40635;3682;124;8;8;0;0;8;8
40644;3696;124;8;8;0;0;8;8
40658;3710;124;8;8;0;0;8;8
40665;3724;124;8;8;0;0;8;8
40723;3738;124;8;8;0;0;8;8
40763;3752;124;8;8;0;0;8;8
40802;3766;124;8;8;0;0;8;8
65381;3780;124;8;8;0;0;8;8
65382;3794;124;8;8;0;0;8;8
65383;3808;124;8;8;0;0;8;8
65384;3822;124;8;8;0;0;8;8
65385;3836;124;8;8;0;0;8;8
65386;3850;124;8;8;0;0;8;8
65387;3864;124;8;8;0;0;8;8
65388;3878;124;8;8;0;0;8;8
65389;3892;124;8;8;0;0;8;8
65390;3906;124;8;8;0;0;8;8
65391;3920;124;8;8;0;0;8;8
65392;3934;124;8;8;0;0;8;8
65393;3948;124;8;8;0;0;8;8
65394;3962;124;8;8;0;0;8;8
65395;3976;124;8;8;0;0;8;8
65396;3990;124;8;8;0;0;8;8
65397;4004;124;8;8;0;0;8;8
65398;4018;124;8;8;0;0;8;8
65399;4032;124;8;8;0;0;8;8
65400;4046;124;8;8;0;0;8;8
65401;4060;124;8;8;0;0;8;8
65402;4074;124;8;8;0;0;8;8
65403;4088;124;8;8;0;0;8;8
65404;0;138;8;8;0;0;8;8
65405;14;138;8;8;0;0;8;8
65406;28;138;8;8;0;0;8;8
65407;42;138;8;8;0;0;8;8
65408;56;138;8;8;0;0;8;8
65409;70;138;8;8;0;0;8;8
65410;84;138;8;8;0;0;8;8
65411;98;138;8;8;0;0;8;8
65412;112;138;8;8;0;0;8;8
65413;126;138;8;8;0;0;8;8
65414;140;138;8;8;0;0;8;8
65415;154;138;8;8;0;0;8;8
65416;168;138;8;8;0;0;8;8
65417;182;138;8;8;0;0;8;8
65418;196;138;8;8;0;0;8;8
65419;210;138;8;8;0;0;8;8
65420;224;138;8;8;0;0;8;8
65421;238;138;8;8;0;0;8;8
65422;252;138;8;8;0;0;8;8
65423;266;138;8;8;0;0;8;8
65424;280;138;8;8;0;0;8;8
65425;294;138;8;8;0;0;8;8
65426;308;138;8;8;0;0;8;8
65427;322;138;8;8;0;0;8;8
65428;336;138;8;8;0;0;8;8
65429;350;138;8;8;0;0;8;8
65430;364;138;8;8;0;0;8;8
65431;378;138;8;8;0;0;8;8
65432;392;138;8;8;0;0;8;8
65433;406;138;8;8;0;0;8;8
65434;420;138;8;8;0;0;8;8
65435;434;138;8;8;0;0;8;8
65436;448;138;8;8;0;0;8;8
65437;462;138;8;8;0;0;8;8
65438;476;138;8;8;0;0;8;8
65439;490;138;8;8;0;0;8;8
65281;0;152;8;8;0;0;8;8
65283;14;152;8;8;0;0;8;8
65284;28;152;8;8;0;0;8;8
65285;42;152;8;8;0;0;8;8
65288;56;152;8;8;0;0;8;8
65289;70;152;8;8;0;0;8;8
65292;84;152;8;8;0;0;8;8
65296;98;152;8;8;0;0;8;8
65297;112;152;8;8;0;0;8;8
65298;126;152;8;8;0;0;8;8
65299;140;152;8;8;0;0;8;8
65300;154;152;8;8;0;0;8;8
65301;168;152;8;8;0;0;8;8
65302;182;152;8;8;0;0;8;8
65303;196;152;8;8;0;0;8;8
65304;210;152;8;8;0;0;8;8
65305;224;152;8;8;0;0;8;8
65306;238;152;8;8;0;0;8;8
65307;252;152;8;8;0;0;8;8
65311;266;152;8;8;0;0;8;8
65371;280;152;8;8;0;0;8;8
65373;294;152;8;8;0;0;8;8
65374;308;152;8;8;0;0;8;8
65509;322;152;8;8;0;0;8;8
