16;0.5;0.5;14
32;0;0;5;14;0;0;5;14
33;11;0;7;14;0;0;7;14
34;24;0;7;14;0;0;7;14
35;37;0;8;14;0;0;8;14
36;51;0;7;14;0;0;7;14
37;64;0;8;14;0;0;8;14
38;78;0;7;14;0;0;7;14
39;91;0;7;14;0;0;7;14
40;104;0;5;14;0;0;5;14
41;115;0;5;14;0;0;5;14
42;126;0;8;14;0;0;8;14
43;140;0;7;14;0;0;7;14
44;153;0;7;14;0;0;7;14
45;166;0;7;14;0;0;7;14
46;179;0;7;14;0;0;7;14
47;192;0;7;14;0;0;7;14
48;205;0;7;14;0;0;7;14
49;218;0;7;14;0;0;7;14
50;231;0;7;14;0;0;7;14
51;244;0;7;14;0;0;7;14
52;257;0;7;14;0;0;7;14
53;270;0;7;14;0;0;7;14
54;283;0;7;14;0;0;7;14
55;296;0;7;14;0;0;7;14
56;309;0;7;14;0;0;7;14
57;322;0;7;14;0;0;7;14
58;335;0;5;14;0;0;5;14
59;346;0;7;14;0;0;7;14
60;359;0;7;14;0;0;7;14
61;372;0;7;14;0;0;7;14
62;385;0;7;14;0;0;7;14
63;398;0;7;14;0;0;7;14
64;411;0;7;14;0;0;7;14
65;424;0;7;14;0;0;7;14
66;437;0;7;14;0;0;7;14
67;450;0;7;14;0;0;7;14
68;463;0;7;14;0;0;7;14
69;476;0;7;14;0;0;7;14
70;489;0;7;14;0;0;7;14
71;502;0;7;14;0;0;7;14
72;515;0;7;14;0;0;7;14
73;528;0;7;14;0;0;7;14
74;541;0;7;14;0;0;7;14
75;554;0;7;14;0;0;7;14
76;567;0;7;14;0;0;7;14
77;580;0;8;14;0;0;8;14
78;594;0;7;14;0;0;7;14
79;607;0;7;14;0;0;7;14
80;620;0;7;14;0;0;7;14
81;633;0;7;14;0;0;7;14
82;646;0;7;14;0;0;7;14
83;659;0;7;14;0;0;7;14
84;672;0;7;14;0;0;7;14
85;685;0;7;14;0;0;7;14
86;698;0;7;14;0;0;7;14
87;711;0;8;14;0;0;8;14
88;725;0;7;14;0;0;7;14
89;738;0;7;14;0;0;7;14
90;751;0;7;14;0;0;7;14
91;764;0;5;14;0;0;5;14
92;775;0;7;14;0;0;7;14
93;788;0;5;14;0;0;5;14
94;799;0;7;14;0;0;7;14
95;812;0;7;14;0;0;7;14
96;825;0;7;14;0;0;7;14
97;838;0;7;14;0;0;7;14
98;851;0;7;14;0;0;7;14
99;864;0;7;14;0;0;7;14
100;877;0;7;14;0;0;7;14
101;890;0;7;14;0;0;7;14
102;903;0;7;14;0;0;7;14
103;916;0;7;14;0;0;7;14
104;929;0;7;14;0;0;7;14
105;942;0;7;14;0;0;7;14
106;955;0;7;14;0;0;7;14
107;968;0;7;14;0;0;7;14
108;981;0;7;14;0;0;7;14
109;994;0;8;14;0;0;8;14
110;1008;0;7;14;0;0;7;14
111;1021;0;7;14;0;0;7;14
112;1034;0;7;14;0;0;7;14
113;1047;0;7;14;0;0;7;14
114;1060;0;7;14;0;0;7;14
115;1073;0;7;14;0;0;7;14
116;1086;0;7;14;0;0;7;14
117;1099;0;7;14;0;0;7;14
118;1112;0;7;14;0;0;7;14
119;1125;0;8;14;0;0;8;14
120;1139;0;7;14;0;0;7;14
121;1152;0;7;14;0;0;7;14
122;1165;0;7;14;0;0;7;14
123;1178;0;5;14;0;0;5;14
124;1189;0;7;14;0;0;7;14
125;1202;0;5;14;0;0;5;14
126;1213;0;7;14;0;0;7;14
161;1226;0;7;14;0;0;7;14
162;1239;0;7;14;0;0;7;14
163;1252;0;7;14;0;0;7;14
164;1265;0;7;14;0;0;7;14
165;1278;0;7;14;0;0;7;14
166;1291;0;7;14;0;0;7;14
167;1304;0;7;14;0;0;7;14
168;1317;0;7;14;0;0;7;14
169;1330;0;7;14;0;0;7;14
170;1343;0;7;14;0;0;7;14
171;1356;0;7;14;0;0;7;14
172;1369;0;7;14;0;0;7;14
173;1382;0;7;14;0;0;7;14
174;1395;0;7;14;0;0;7;14
175;1408;0;7;14;0;0;7;14
176;1421;0;7;14;0;0;7;14
177;1434;0;7;14;0;0;7;14
178;1447;0;7;14;0;0;7;14
179;1460;0;7;14;0;0;7;14
180;1473;0;7;14;0;0;7;14
181;1486;0;7;14;0;0;7;14
182;1499;0;7;14;0;0;7;14
183;1512;0;15;14;0;0;15;14
184;1533;0;7;14;0;0;7;14
185;1546;0;7;14;0;0;7;14
186;1559;0;7;14;0;0;7;14
187;1572;0;7;14;0;0;7;14
188;1585;0;7;14;0;0;7;14
189;1598;0;7;14;0;0;7;14
190;1611;0;7;14;0;0;7;14
191;1624;0;7;14;0;0;7;14
192;1637;0;7;14;0;0;7;14
193;1650;0;7;14;0;0;7;14
194;1663;0;7;14;0;0;7;14
195;1676;0;7;14;0;0;7;14
196;1689;0;7;14;0;0;7;14
197;1702;0;7;14;0;0;7;14
198;1715;0;7;14;0;0;7;14
199;1728;0;7;14;0;0;7;14
200;1741;0;7;14;0;0;7;14
201;1754;0;7;14;0;0;7;14
202;1767;0;7;14;0;0;7;14
203;1780;0;7;14;0;0;7;14
204;1793;0;7;14;0;0;7;14
205;1806;0;7;14;0;0;7;14
206;1819;0;7;14;0;0;7;14
207;1832;0;7;14;0;0;7;14
208;1845;0;7;14;0;0;7;14
209;1858;0;7;14;0;0;7;14
210;1871;0;7;14;0;0;7;14
211;1884;0;7;14;0;0;7;14
212;1897;0;7;14;0;0;7;14
213;1910;0;7;14;0;0;7;14
214;1923;0;7;14;0;0;7;14
215;1936;0;7;14;0;0;7;14
216;1949;0;7;14;0;0;7;14
217;1962;0;7;14;0;0;7;14
218;1975;0;7;14;0;0;7;14
219;1988;0;7;14;0;0;7;14
220;2001;0;7;14;0;0;7;14
221;2014;0;7;14;0;0;7;14
222;2027;0;7;14;0;0;7;14
223;2040;0;7;14;0;0;7;14
224;2053;0;7;14;0;0;7;14
225;2066;0;7;14;0;0;7;14
226;2079;0;7;14;0;0;7;14
227;2092;0;7;14;0;0;7;14
228;2105;0;7;14;0;0;7;14
229;2118;0;7;14;0;0;7;14
230;2131;0;7;14;0;0;7;14
231;2144;0;7;14;0;0;7;14
232;2157;0;7;14;0;0;7;14
233;2170;0;7;14;0;0;7;14
234;2183;0;7;14;0;0;7;14
235;2196;0;7;14;0;0;7;14
236;2209;0;7;14;0;0;7;14
237;2222;0;7;14;0;0;7;14
238;2235;0;7;14;0;0;7;14
239;2248;0;7;14;0;0;7;14
240;2261;0;7;14;0;0;7;14
241;2274;0;7;14;0;0;7;14
242;2287;0;7;14;0;0;7;14
243;2300;0;7;14;0;0;7;14
244;2313;0;7;14;0;0;7;14
245;2326;0;7;14;0;0;7;14
246;2339;0;7;14;0;0;7;14
247;2352;0;7;14;0;0;7;14
248;2365;0;7;14;0;0;7;14
249;2378;0;7;14;0;0;7;14
250;2391;0;7;14;0;0;7;14
251;2404;0;7;14;0;0;7;14
252;2417;0;7;14;0;0;7;14
253;2430;0;7;14;0;0;7;14
254;2443;0;7;14;0;0;7;14
255;2456;0;7;14;0;0;7;14
916;2469;0;9;14;0;0;9;14
960;2484;0;7;14;0;0;7;14
8212;0;20;14;12;0;0;14;12
8216;20;20;5;12;0;0;5;12
8217;31;20;5;12;0;0;5;12
8220;42;20;9;12;0;0;9;12
8221;57;20;9;12;0;0;9;12
8230;72;20;14;12;0;0;14;12
8592;92;20;14;12;0;0;14;12
8593;112;20;14;12;0;0;14;12
8594;132;20;14;12;0;0;14;12
8595;152;20;14;12;0;0;14;12
8734;172;20;25;12;0;0;25;12
9320;203;20;14;12;0;0;14;12
12288;223;20;14;12;0;0;14;12
12289;243;20;14;12;0;0;14;12
12290;263;20;14;12;0;0;14;12
12298;283;20;14;12;0;0;14;12
12299;303;20;14;12;0;0;14;12
12300;323;20;14;12;0;0;14;12
12301;343;20;14;12;0;0;14;12
12302;363;20;14;12;0;0;14;12
12303;383;20;14;12;0;0;14;12
12304;403;20;14;12;0;0;14;12
12305;423;20;14;12;0;0;14;12
12308;443;20;14;12;0;0;14;12
12309;463;20;14;12;0;0;14;12
12310;483;20;14;12;0;0;14;12
12311;503;20;14;12;0;0;14;12
12353;0;38;14;12;0;0;14;12
12354;20;38;14;12;0;0;14;12
12355;40;38;14;12;0;0;14;12
12356;60;38;14;12;0;0;14;12
12357;80;38;14;12;0;0;14;12
12358;100;38;14;12;0;0;14;12
12359;120;38;14;12;0;0;14;12
12360;140;38;14;12;0;0;14;12
12361;160;38;14;12;0;0;14;12
12362;180;38;14;12;0;0;14;12
12363;200;38;14;12;0;0;14;12
12364;220;38;14;12;0;0;14;12
12365;240;38;14;12;0;0;14;12
12366;260;38;14;12;0;0;14;12
12367;280;38;14;12;0;0;14;12
12368;300;38;14;12;0;0;14;12
12369;320;38;14;12;0;0;14;12
12370;340;38;14;12;0;0;14;12
12371;360;38;14;12;0;0;14;12
12372;380;38;14;12;0;0;14;12
12373;400;38;14;12;0;0;14;12
12374;420;38;14;12;0;0;14;12
12375;440;38;14;12;0;0;14;12
12376;460;38;14;12;0;0;14;12
12377;480;38;14;12;0;0;14;12
12378;500;38;14;12;0;0;14;12
12379;520;38;14;12;0;0;14;12
12380;540;38;14;12;0;0;14;12
12381;560;38;14;12;0;0;14;12
12382;580;38;14;12;0;0;14;12
12383;600;38;14;12;0;0;14;12
12384;620;38;14;12;0;0;14;12
12385;640;38;14;12;0;0;14;12
12386;660;38;14;12;0;0;14;12
12387;680;38;14;12;0;0;14;12
12388;700;38;14;12;0;0;14;12
12389;720;38;14;12;0;0;14;12
12390;740;38;14;12;0;0;14;12
12391;760;38;14;12;0;0;14;12
12392;780;38;14;12;0;0;14;12
12393;800;38;14;12;0;0;14;12
12394;820;38;14;12;0;0;14;12
12395;840;38;14;12;0;0;14;12
12396;860;38;14;12;0;0;14;12
12397;880;38;14;12;0;0;14;12
12398;900;38;14;12;0;0;14;12
12399;920;38;14;12;0;0;14;12
12400;940;38;14;12;0;0;14;12
12401;960;38;14;12;0;0;14;12
12402;980;38;14;12;0;0;14;12
12403;1000;38;14;12;0;0;14;12
12404;1020;38;14;12;0;0;14;12
12405;1040;38;14;12;0;0;14;12
12406;1060;38;14;12;0;0;14;12
12407;1080;38;14;12;0;0;14;12
12408;1100;38;14;12;0;0;14;12
12409;1120;38;14;12;0;0;14;12
12410;1140;38;14;12;0;0;14;12
12411;1160;38;14;12;0;0;14;12
12412;1180;38;14;12;0;0;14;12
12413;1200;38;14;12;0;0;14;12
12414;1220;38;14;12;0;0;14;12
12415;1240;38;14;12;0;0;14;12
12416;1260;38;14;12;0;0;14;12
12417;1280;38;14;12;0;0;14;12
12418;1300;38;14;12;0;0;14;12
12419;1320;38;14;12;0;0;14;12
12420;1340;38;14;12;0;0;14;12
12421;1360;38;14;12;0;0;14;12
12422;1380;38;14;12;0;0;14;12
12423;1400;38;14;12;0;0;14;12
12424;1420;38;14;12;0;0;14;12
12425;1440;38;14;12;0;0;14;12
12426;1460;38;14;12;0;0;14;12
12427;1480;38;14;12;0;0;14;12
12428;1500;38;14;12;0;0;14;12
12429;1520;38;14;12;0;0;14;12
12430;1540;38;14;12;0;0;14;12
12431;1560;38;14;12;0;0;14;12
12432;1580;38;14;12;0;0;14;12
12433;1600;38;14;12;0;0;14;12
12434;1620;38;14;12;0;0;14;12
12435;1640;38;14;12;0;0;14;12
12436;1660;38;14;12;0;0;14;12
12437;1680;38;14;12;0;0;14;12
12438;1700;38;14;12;0;0;14;12
12443;1720;38;14;12;0;0;14;12
12444;1740;38;14;12;0;0;14;12
12445;1760;38;14;12;0;0;14;12
12446;1780;38;14;12;0;0;14;12
12448;1800;38;14;12;0;0;14;12
12449;1820;38;14;12;0;0;14;12
12450;1840;38;14;12;0;0;14;12
12451;1860;38;14;12;0;0;14;12
12452;1880;38;14;12;0;0;14;12
12453;1900;38;14;12;0;0;14;12
12454;1920;38;14;12;0;0;14;12
12455;1940;38;14;12;0;0;14;12
12456;1960;38;14;12;0;0;14;12
12457;1980;38;14;12;0;0;14;12
12458;2000;38;14;12;0;0;14;12
12459;2020;38;14;12;0;0;14;12
12460;2040;38;14;12;0;0;14;12
12461;2060;38;14;12;0;0;14;12
12462;2080;38;14;12;0;0;14;12
12463;2100;38;14;12;0;0;14;12
12464;2120;38;14;12;0;0;14;12
12465;2140;38;14;12;0;0;14;12
12466;2160;38;14;12;0;0;14;12
12467;2180;38;14;12;0;0;14;12
12468;2200;38;14;12;0;0;14;12
12469;2220;38;14;12;0;0;14;12
12470;2240;38;14;12;0;0;14;12
12471;2260;38;14;12;0;0;14;12
12472;2280;38;14;12;0;0;14;12
12473;2300;38;14;12;0;0;14;12
12474;2320;38;14;12;0;0;14;12
12475;2340;38;14;12;0;0;14;12
12476;2360;38;14;12;0;0;14;12
12477;2380;38;14;12;0;0;14;12
12478;2400;38;14;12;0;0;14;12
12479;2420;38;14;12;0;0;14;12
12480;2440;38;14;12;0;0;14;12
12481;2460;38;14;12;0;0;14;12
12482;2480;38;14;12;0;0;14;12
12483;2500;38;14;12;0;0;14;12
12484;2520;38;14;12;0;0;14;12
12485;2540;38;14;12;0;0;14;12
12486;2560;38;14;12;0;0;14;12
12487;2580;38;14;12;0;0;14;12
12488;2600;38;14;12;0;0;14;12
12489;2620;38;14;12;0;0;14;12
12490;2640;38;14;12;0;0;14;12
12491;2660;38;14;12;0;0;14;12
12492;2680;38;14;12;0;0;14;12
12493;2700;38;14;12;0;0;14;12
12494;2720;38;14;12;0;0;14;12
12495;2740;38;14;12;0;0;14;12
12496;2760;38;14;12;0;0;14;12
12497;2780;38;14;12;0;0;14;12
12498;2800;38;14;12;0;0;14;12
12499;2820;38;14;12;0;0;14;12
12500;2840;38;14;12;0;0;14;12
12501;2860;38;14;12;0;0;14;12
12502;2880;38;14;12;0;0;14;12
12503;2900;38;14;12;0;0;14;12
12504;2920;38;14;12;0;0;14;12
12505;2940;38;14;12;0;0;14;12
12506;2960;38;14;12;0;0;14;12
12507;2980;38;14;12;0;0;14;12
12508;3000;38;14;12;0;0;14;12
12509;3020;38;14;12;0;0;14;12
12510;3040;38;14;12;0;0;14;12
12511;3060;38;14;12;0;0;14;12
12512;3080;38;14;12;0;0;14;12
12513;3100;38;14;12;0;0;14;12
12514;3120;38;14;12;0;0;14;12
12515;3140;38;14;12;0;0;14;12
12516;3160;38;14;12;0;0;14;12
12517;3180;38;14;12;0;0;14;12
12518;3200;38;14;12;0;0;14;12
12519;3220;38;14;12;0;0;14;12
12520;3240;38;14;12;0;0;14;12
12521;3260;38;14;12;0;0;14;12
12522;3280;38;14;12;0;0;14;12
12523;3300;38;14;12;0;0;14;12
12524;3320;38;14;12;0;0;14;12
12525;3340;38;14;12;0;0;14;12
12526;3360;38;14;12;0;0;14;12
12527;3380;38;14;12;0;0;14;12
12528;3400;38;14;12;0;0;14;12
12529;3420;38;14;12;0;0;14;12
12530;3440;38;14;12;0;0;14;12
12531;3460;38;14;12;0;0;14;12
12532;3480;38;14;12;0;0;14;12
12533;3500;38;14;12;0;0;14;12
12534;3520;38;14;12;0;0;14;12
12535;3540;38;14;12;0;0;14;12
12536;3560;38;14;12;0;0;14;12
12537;3580;38;14;12;0;0;14;12
12538;3600;38;14;12;0;0;14;12
12539;3620;38;14;12;0;0;14;12
12540;3640;38;14;12;0;0;14;12
12541;3660;38;14;12;0;0;14;12
12542;3680;38;14;12;0;0;14;12
17868;3700;38;14;12;0;0;14;12
19968;3720;38;14;12;0;0;14;12
19969;3740;38;14;12;0;0;14;12
19971;3760;38;14;12;0;0;14;12
19975;3780;38;14;12;0;0;14;12
19976;3800;38;14;12;0;0;14;12
19977;3820;38;14;12;0;0;14;12
19978;3840;38;14;12;0;0;14;12
19979;3860;38;14;12;0;0;14;12
19981;3880;38;14;12;0;0;14;12
19982;3900;38;14;12;0;0;14;12
19988;3920;38;14;12;0;0;14;12
19990;3940;38;14;12;0;0;14;12
19992;3960;38;14;12;0;0;14;12
19993;3980;38;14;12;0;0;14;12
20001;4000;38;14;12;0;0;14;12
20006;4020;38;14;12;0;0;14;12
20013;4040;38;14;12;0;0;14;12
20018;4060;38;14;12;0;0;14;12
20024;4080;38;14;12;0;0;14;12
20025;0;56;14;12;0;0;14;12
20027;20;56;14;12;0;0;14;12
20028;40;56;14;12;0;0;14;12
20037;60;56;14;12;0;0;14;12
20047;80;56;14;12;0;0;14;12
20055;100;56;14;12;0;0;14;12
20057;120;56;14;12;0;0;14;12
20061;140;56;14;12;0;0;14;12
20062;160;56;14;12;0;0;14;12
20081;180;56;14;12;0;0;14;12
20083;200;56;14;12;0;0;14;12
20094;220;56;14;12;0;0;14;12
20096;240;56;14;12;0;0;14;12
20102;260;56;14;12;0;0;14;12
20104;280;56;14;12;0;0;14;12
20105;300;56;14;12;0;0;14;12
20107;320;56;14;12;0;0;14;12
20108;340;56;14;12;0;0;14;12
20114;360;56;14;12;0;0;14;12
20116;380;56;14;12;0;0;14;12
20117;400;56;14;12;0;0;14;12
20124;420;56;14;12;0;0;14;12
20129;440;56;14;12;0;0;14;12
20132;460;56;14;12;0;0;14;12
20139;480;56;14;12;0;0;14;12
20140;500;56;14;12;0;0;14;12
20141;520;56;14;12;0;0;14;12
20154;540;56;14;12;0;0;14;12
20161;560;56;14;12;0;0;14;12
20170;580;56;14;12;0;0;14;12
20171;600;56;14;12;0;0;14;12
20175;620;56;14;12;0;0;14;12
20181;640;56;14;12;0;0;14;12
20182;660;56;14;12;0;0;14;12
20184;680;56;14;12;0;0;14;12
20185;700;56;14;12;0;0;14;12
20195;720;56;14;12;0;0;14;12
20196;740;56;14;12;0;0;14;12
20197;760;56;14;12;0;0;14;12
20206;780;56;14;12;0;0;14;12
20208;800;56;14;12;0;0;14;12
20210;820;56;14;12;0;0;14;12
20214;840;56;14;12;0;0;14;12
20219;860;56;14;12;0;0;14;12
20225;880;56;14;12;0;0;14;12
20238;900;56;14;12;0;0;14;12
20239;920;56;14;12;0;0;14;12
20240;940;56;14;12;0;0;14;12
20241;960;56;14;12;0;0;14;12
20250;980;56;14;12;0;0;14;12
20253;1000;56;14;12;0;0;14;12
20271;1020;56;14;12;0;0;14;12
20276;1040;56;14;12;0;0;14;12
20280;1060;56;14;12;0;0;14;12
20282;1080;56;14;12;0;0;14;12
20284;1100;56;14;12;0;0;14;12
20294;1120;56;14;12;0;0;14;12
20301;1140;56;14;12;0;0;14;12
20302;1160;56;14;12;0;0;14;12
20303;1180;56;14;12;0;0;14;12
20304;1200;56;14;12;0;0;14;12
20307;1220;56;14;12;0;0;14;12
20309;1240;56;14;12;0;0;14;12
20313;1260;56;14;12;0;0;14;12
20316;1280;56;14;12;0;0;14;12
20339;1300;56;14;12;0;0;14;12
20341;1320;56;14;12;0;0;14;12
20351;1340;56;14;12;0;0;14;12
20363;1360;56;14;12;0;0;14;12
20365;1380;56;14;12;0;0;14;12
20379;1400;56;14;12;0;0;14;12
20381;1420;56;14;12;0;0;14;12
20385;1440;56;14;12;0;0;14;12
20398;1460;56;14;12;0;0;14;12
20399;1480;56;14;12;0;0;14;12
20405;1500;56;14;12;0;0;14;12
20406;1520;56;14;12;0;0;14;12
20415;1540;56;14;12;0;0;14;12
20418;1560;56;14;12;0;0;14;12
20419;1580;56;14;12;0;0;14;12
20426;1600;56;14;12;0;0;14;12
20439;1620;56;14;12;0;0;14;12
20445;1640;56;14;12;0;0;14;12
20449;1660;56;14;12;0;0;14;12
20462;1680;56;14;12;0;0;14;12
20467;1700;56;14;12;0;0;14;12
20469;1720;56;14;12;0;0;14;12
20472;1740;56;14;12;0;0;14;12
20474;1760;56;14;12;0;0;14;12
20489;1780;56;14;12;0;0;14;12
20491;1800;56;14;12;0;0;14;12
20493;1820;56;14;12;0;0;14;12
20498;1840;56;14;12;0;0;14;12
20505;1860;56;14;12;0;0;14;12
20511;1880;56;14;12;0;0;14;12
20515;1900;56;14;12;0;0;14;12
20516;1920;56;14;12;0;0;14;12
20523;1940;56;14;12;0;0;14;12
20537;1960;56;14;12;0;0;14;12
20553;1980;56;14;12;0;0;14;12
20559;2000;56;14;12;0;0;14;12
20572;2020;56;14;12;0;0;14;12
20581;2040;56;14;12;0;0;14;12
20596;2060;56;14;12;0;0;14;12
20597;2080;56;14;12;0;0;14;12
20598;2100;56;14;12;0;0;14;12
20605;2120;56;14;12;0;0;14;12
20621;2140;56;14;12;0;0;14;12
20625;2160;56;14;12;0;0;14;12
20632;2180;56;14;12;0;0;14;12
20633;2200;56;14;12;0;0;14;12
20652;2220;56;14;12;0;0;14;12
20658;2240;56;14;12;0;0;14;12
20661;2260;56;14;12;0;0;14;12
20663;2280;56;14;12;0;0;14;12
20670;2300;56;14;12;0;0;14;12
20677;2320;56;14;12;0;0;14;12
20685;2340;56;14;12;0;0;14;12
20687;2360;56;14;12;0;0;14;12
20693;2380;56;14;12;0;0;14;12
20698;2400;56;14;12;0;0;14;12
20711;2420;56;14;12;0;0;14;12
20736;2440;56;14;12;0;0;14;12
20740;2460;56;14;12;0;0;14;12
20754;2480;56;14;12;0;0;14;12
20767;2500;56;14;12;0;0;14;12
20778;2520;56;14;12;0;0;14;12
20803;2540;56;14;12;0;0;14;12
20804;2560;56;14;12;0;0;14;12
20805;2580;56;14;12;0;0;14;12
20806;2600;56;14;12;0;0;14;12
20808;2620;56;14;12;0;0;14;12
20809;2640;56;14;12;0;0;14;12
20811;2660;56;14;12;0;0;14;12
20813;2680;56;14;12;0;0;14;12
20816;2700;56;14;12;0;0;14;12
20826;2720;56;14;12;0;0;14;12
20837;2740;56;14;12;0;0;14;12
20840;2760;56;14;12;0;0;14;12
20843;2780;56;14;12;0;0;14;12
20844;2800;56;14;12;0;0;14;12
20845;2820;56;14;12;0;0;14;12
20849;2840;56;14;12;0;0;14;12
20853;2860;56;14;12;0;0;14;12
20855;2880;56;14;12;0;0;14;12
20856;2900;56;14;12;0;0;14;12
20860;2920;56;14;12;0;0;14;12
20869;2940;56;14;12;0;0;14;12
20870;2960;56;14;12;0;0;14;12
20874;2980;56;14;12;0;0;14;12
20877;3000;56;14;12;0;0;14;12
20882;3020;56;14;12;0;0;14;12
20887;3040;56;14;12;0;0;14;12
20889;3060;56;14;12;0;0;14;12
20896;3080;56;14;12;0;0;14;12
20901;3100;56;14;12;0;0;14;12
20908;3120;56;14;12;0;0;14;12
20918;3140;56;14;12;0;0;14;12
20919;3160;56;14;12;0;0;14;12
20932;3180;56;14;12;0;0;14;12
20934;3200;56;14;12;0;0;14;12
20941;3220;56;14;12;0;0;14;12
20957;3240;56;14;12;0;0;14;12
20961;3260;56;14;12;0;0;14;12
20966;3280;56;14;12;0;0;14;12
20982;3300;56;14;12;0;0;14;12
20984;3320;56;14;12;0;0;14;12
20985;3340;56;14;12;0;0;14;12
20986;3360;56;14;12;0;0;14;12
20992;3380;56;14;12;0;0;14;12
20995;3400;56;14;12;0;0;14;12
20998;3420;56;14;12;0;0;14;12
20999;3440;56;14;12;0;0;14;12
21000;3460;56;14;12;0;0;14;12
21002;3480;56;14;12;0;0;14;12
21009;3500;56;14;12;0;0;14;12
21015;3520;56;14;12;0;0;14;12
21021;3540;56;14;12;0;0;14;12
21028;3560;56;14;12;0;0;14;12
21029;3580;56;14;12;0;0;14;12
21033;3600;56;14;12;0;0;14;12
21040;3620;56;14;12;0;0;14;12
21046;3640;56;14;12;0;0;14;12
21047;3660;56;14;12;0;0;14;12
21048;3680;56;14;12;0;0;14;12
21049;3700;56;14;12;0;0;14;12
21050;3720;56;14;12;0;0;14;12
21051;3740;56;14;12;0;0;14;12
21063;3760;56;14;12;0;0;14;12
21066;3780;56;14;12;0;0;14;12
21069;3800;56;14;12;0;0;14;12
21078;3820;56;14;12;0;0;14;12
21083;3840;56;14;12;0;0;14;12
21085;3860;56;14;12;0;0;14;12
21091;3880;56;14;12;0;0;14;12
21092;3900;56;14;12;0;0;14;12
21103;3920;56;14;12;0;0;14;12
21104;3940;56;14;12;0;0;14;12
21106;3960;56;14;12;0;0;14;12
21109;3980;56;14;12;0;0;14;12
21127;4000;56;14;12;0;0;14;12
21147;4020;56;14;12;0;0;14;12
21151;4040;56;14;12;0;0;14;12
21152;4060;56;14;12;0;0;14;12
21155;4080;56;14;12;0;0;14;12
21161;0;74;14;12;0;0;14;12
21162;20;74;14;12;0;0;14;12
21169;40;74;14;12;0;0;14;12
21172;60;74;14;12;0;0;14;12
21177;80;74;14;12;0;0;14;12
21182;100;74;14;12;0;0;14;12
21187;120;74;14;12;0;0;14;12
21189;140;74;14;12;0;0;14;12
21191;160;74;14;12;0;0;14;12
21193;180;74;14;12;0;0;14;12
21205;200;74;14;12;0;0;14;12
21208;220;74;14;12;0;0;14;12
21209;240;74;14;12;0;0;14;12
21213;260;74;14;12;0;0;14;12
21215;280;74;14;12;0;0;14;12
21218;300;74;14;12;0;0;14;12
21220;320;74;14;12;0;0;14;12
21223;340;74;14;12;0;0;14;12
21234;360;74;14;12;0;0;14;12
21246;380;74;14;12;0;0;14;12
21250;400;74;14;12;0;0;14;12
21253;420;74;14;12;0;0;14;12
21270;440;74;14;12;0;0;14;12
21271;460;74;14;12;0;0;14;12
21280;480;74;14;12;0;0;14;12
21305;500;74;14;12;0;0;14;12
21306;520;74;14;12;0;0;14;12
21307;540;74;14;12;0;0;14;12
21311;560;74;14;12;0;0;14;12
21313;580;74;14;12;0;0;14;12
21315;600;74;14;12;0;0;14;12
21319;620;74;14;12;0;0;14;12
21320;640;74;14;12;0;0;14;12
21322;660;74;14;12;0;0;14;12
21329;680;74;14;12;0;0;14;12
21330;700;74;14;12;0;0;14;12
21331;720;74;14;12;0;0;14;12
21332;740;74;14;12;0;0;14;12
21335;760;74;14;12;0;0;14;12
21336;780;74;14;12;0;0;14;12
21338;800;74;14;12;0;0;14;12
21344;820;74;14;12;0;0;14;12
21360;840;74;14;12;0;0;14;12
21361;860;74;14;12;0;0;14;12
21363;880;74;14;12;0;0;14;12
21364;900;74;14;12;0;0;14;12
21365;920;74;14;12;0;0;14;12
21368;940;74;14;12;0;0;14;12
21380;960;74;14;12;0;0;14;12
21400;980;74;14;12;0;0;14;12
21402;1000;74;14;12;0;0;14;12
21407;1020;74;14;12;0;0;14;12
21427;1040;74;14;12;0;0;14;12
21435;1060;74;14;12;0;0;14;12
21442;1080;74;14;12;0;0;14;12
21448;1100;74;14;12;0;0;14;12
21450;1120;74;14;12;0;0;14;12
21451;1140;74;14;12;0;0;14;12
21452;1160;74;14;12;0;0;14;12
21453;1180;74;14;12;0;0;14;12
21454;1200;74;14;12;0;0;14;12
21460;1220;74;14;12;0;0;14;12
21462;1240;74;14;12;0;0;14;12
21463;1260;74;14;12;0;0;14;12
21465;1280;74;14;12;0;0;14;12
21475;1300;74;14;12;0;0;14;12
21476;1320;74;14;12;0;0;14;12
21477;1340;74;14;12;0;0;14;12
21483;1360;74;14;12;0;0;14;12
21484;1380;74;14;12;0;0;14;12
21487;1400;74;14;12;0;0;14;12
21488;1420;74;14;12;0;0;14;12
21490;1440;74;14;12;0;0;14;12
21491;1460;74;14;12;0;0;14;12
21495;1480;74;14;12;0;0;14;12
21496;1500;74;14;12;0;0;14;12
21508;1520;74;14;12;0;0;14;12
21512;1540;74;14;12;0;0;14;12
21513;1560;74;14;12;0;0;14;12
21516;1580;74;14;12;0;0;14;12
21517;1600;74;14;12;0;0;14;12
21518;1620;74;14;12;0;0;14;12
21519;1640;74;14;12;0;0;14;12
21520;1660;74;14;12;0;0;14;12
21521;1680;74;14;12;0;0;14;12
21531;1700;74;14;12;0;0;14;12
21535;1720;74;14;12;0;0;14;12
21542;1740;74;14;12;0;0;14;12
21547;1760;74;14;12;0;0;14;12
21560;1780;74;14;12;0;0;14;12
21561;1800;74;14;12;0;0;14;12
21570;1820;74;14;12;0;0;14;12
21576;1840;74;14;12;0;0;14;12
21577;1860;74;14;12;0;0;14;12
21578;1880;74;14;12;0;0;14;12
21608;1900;74;14;12;0;0;14;12
21610;1920;74;14;12;0;0;14;12
21619;1940;74;14;12;0;0;14;12
21628;1960;74;14;12;0;0;14;12
21629;1980;74;14;12;0;0;14;12
21644;2000;74;14;12;0;0;14;12
21682;2020;74;14;12;0;0;14;12
21693;2040;74;14;12;0;0;14;12
21696;2060;74;14;12;0;0;14;12
21697;2080;74;14;12;0;0;14;12
21729;2100;74;14;12;0;0;14;12
21746;2120;74;14;12;0;0;14;12
21754;2140;74;14;12;0;0;14;12
21764;2160;74;14;12;0;0;14;12
21766;2180;74;14;12;0;0;14;12
21767;2200;74;14;12;0;0;14;12
21776;2220;74;14;12;0;0;14;12
21807;2240;74;14;12;0;0;14;12
21809;2260;74;14;12;0;0;14;12
21822;2280;74;14;12;0;0;14;12
21830;2300;74;14;12;0;0;14;12
21839;2320;74;14;12;0;0;14;12
21843;2340;74;14;12;0;0;14;12
21892;2360;74;14;12;0;0;14;12
21897;2380;74;14;12;0;0;14;12
21914;2400;74;14;12;0;0;14;12
21916;2420;74;14;12;0;0;14;12
21917;2440;74;14;12;0;0;14;12
21929;2460;74;14;12;0;0;14;12
21930;2480;74;14;12;0;0;14;12
21931;2500;74;14;12;0;0;14;12
21942;2520;74;14;12;0;0;14;12
21957;2540;74;14;12;0;0;14;12
21987;2560;74;14;12;0;0;14;12
22022;2580;74;14;12;0;0;14;12
22065;2600;74;14;12;0;0;14;12
22066;2620;74;14;12;0;0;14;12
22120;2640;74;14;12;0;0;14;12
22132;2660;74;14;12;0;0;14;12
22151;2680;74;14;12;0;0;14;12
22234;2700;74;14;12;0;0;14;12
22235;2720;74;14;12;0;0;14;12
22238;2740;74;14;12;0;0;14;12
22240;2760;74;14;12;0;0;14;12
22243;2780;74;14;12;0;0;14;12
22256;2800;74;14;12;0;0;14;12
22258;2820;74;14;12;0;0;14;12
22259;2840;74;14;12;0;0;14;12
22266;2860;74;14;12;0;0;14;12
22269;2880;74;14;12;0;0;14;12
22287;2900;74;14;12;0;0;14;12
22290;2920;74;14;12;0;0;14;12
22303;2940;74;14;12;0;0;14;12
22311;2960;74;14;12;0;0;14;12
22312;2980;74;14;12;0;0;14;12
22320;3000;74;14;12;0;0;14;12
22338;3020;74;14;12;0;0;14;12
22343;3040;74;14;12;0;0;14;12
22346;3060;74;14;12;0;0;14;12
22353;3080;74;14;12;0;0;14;12
22378;3100;74;14;12;0;0;14;12
22402;3120;74;14;12;0;0;14;12
22411;3140;74;14;12;0;0;14;12
22435;3160;74;14;12;0;0;14;12
22475;3180;74;14;12;0;0;14;12
22478;3200;74;14;12;0;0;14;12
22495;3220;74;14;12;0;0;14;12
22519;3240;74;14;12;0;0;14;12
22521;3260;74;14;12;0;0;14;12
22522;3280;74;14;12;0;0;14;12
22524;3300;74;14;12;0;0;14;12
22528;3320;74;14;12;0;0;14;12
22530;3340;74;14;12;0;0;14;12
22533;3360;74;14;12;0;0;14;12
22534;3380;74;14;12;0;0;14;12
22549;3400;74;14;12;0;0;14;12
22564;3420;74;14;12;0;0;14;12
22570;3440;74;14;12;0;0;14;12
22577;3460;74;14;12;0;0;14;12
22580;3480;74;14;12;0;0;14;12
22592;3500;74;14;12;0;0;14;12
22593;3520;74;14;12;0;0;14;12
22602;3540;74;14;12;0;0;14;12
22609;3560;74;14;12;0;0;14;12
22612;3580;74;14;12;0;0;14;12
22615;3600;74;14;12;0;0;14;12
22618;3620;74;14;12;0;0;14;12
22622;3640;74;14;12;0;0;14;12
22625;3660;74;14;12;0;0;14;12
22633;3680;74;14;12;0;0;14;12
22654;3700;74;14;12;0;0;14;12
22659;3720;74;14;12;0;0;14;12
22675;3740;74;14;12;0;0;14;12
22679;3760;74;14;12;0;0;14;12
22684;3780;74;14;12;0;0;14;12
22696;3800;74;14;12;0;0;14;12
22707;3820;74;14;12;0;0;14;12
22718;3840;74;14;12;0;0;14;12
22721;3860;74;14;12;0;0;14;12
22727;3880;74;14;12;0;0;14;12
22730;3900;74;14;12;0;0;14;12
22732;3920;74;14;12;0;0;14;12
22763;3940;74;14;12;0;0;14;12
22766;3960;74;14;12;0;0;14;12
22768;3980;74;14;12;0;0;14;12
22769;4000;74;14;12;0;0;14;12
22770;4020;74;14;12;0;0;14;12
22793;4040;74;14;12;0;0;14;12
22799;4060;74;14;12;0;0;14;12
22805;4080;74;14;12;0;0;14;12
22806;0;92;14;12;0;0;14;12
22810;20;92;14;12;0;0;14;12
22812;40;92;14;12;0;0;14;12
22818;60;92;14;12;0;0;14;12
22823;80;92;14;12;0;0;14;12
22825;100;92;14;12;0;0;14;12
22826;120;92;14;12;0;0;14;12
22827;140;92;14;12;0;0;14;12
22830;160;92;14;12;0;0;14;12
22833;180;92;14;12;0;0;14;12
22855;200;92;14;12;0;0;14;12
22856;220;92;14;12;0;0;14;12
22857;240;92;14;12;0;0;14;12
22863;260;92;14;12;0;0;14;12
22865;280;92;14;12;0;0;14;12
22868;300;92;14;12;0;0;14;12
22885;320;92;14;12;0;0;14;12
22888;340;92;14;12;0;0;14;12
22890;360;92;14;12;0;0;14;12
22894;380;92;14;12;0;0;14;12
22899;400;92;14;12;0;0;14;12
22900;420;92;14;12;0;0;14;12
22909;440;92;14;12;0;0;14;12
22914;460;92;14;12;0;0;14;12
22915;480;92;14;12;0;0;14;12
22916;500;92;14;12;0;0;14;12
22922;520;92;14;12;0;0;14;12
22934;540;92;14;12;0;0;14;12
22937;560;92;14;12;0;0;14;12
22949;580;92;14;12;0;0;14;12
22952;600;92;14;12;0;0;14;12
22956;620;92;14;12;0;0;14;12
22969;640;92;14;12;0;0;14;12
22971;660;92;14;12;0;0;14;12
22985;680;92;14;12;0;0;14;12
22987;700;92;14;12;0;0;14;12
22995;720;92;14;12;0;0;14;12
22996;740;92;14;12;0;0;14;12
23019;760;92;14;12;0;0;14;12
23035;780;92;14;12;0;0;14;12
23039;800;92;14;12;0;0;14;12
23041;820;92;14;12;0;0;14;12
23064;840;92;14;12;0;0;14;12
23072;860;92;14;12;0;0;14;12
23087;880;92;14;12;0;0;14;12
23110;900;92;14;12;0;0;14;12
23130;920;92;14;12;0;0;14;12
23142;940;92;14;12;0;0;14;12
23167;960;92;14;12;0;0;14;12
23186;980;92;14;12;0;0;14;12
23195;1000;92;14;12;0;0;14;12
23233;1020;92;14;12;0;0;14;12
23241;1040;92;14;12;0;0;14;12
23244;1060;92;14;12;0;0;14;12
23265;1080;92;14;12;0;0;14;12
23330;1100;92;14;12;0;0;14;12
23376;1120;92;14;12;0;0;14;12
23380;1140;92;14;12;0;0;14;12
23383;1160;92;14;12;0;0;14;12
23384;1180;92;14;12;0;0;14;12
23389;1200;92;14;12;0;0;14;12
23395;1220;92;14;12;0;0;14;12
23396;1240;92;14;12;0;0;14;12
23398;1260;92;14;12;0;0;14;12
23403;1280;92;14;12;0;0;14;12
23429;1300;92;14;12;0;0;14;12
23431;1320;92;14;12;0;0;14;12
23432;1340;92;14;12;0;0;14;12
23433;1360;92;14;12;0;0;14;12
23436;1380;92;14;12;0;0;14;12
23447;1400;92;14;12;0;0;14;12
23448;1420;92;14;12;0;0;14;12
23449;1440;92;14;12;0;0;14;12
23450;1460;92;14;12;0;0;14;12
23451;1480;92;14;12;0;0;14;12
23452;1500;92;14;12;0;0;14;12
23453;1520;92;14;12;0;0;14;12
23455;1540;92;14;12;0;0;14;12
23458;1560;92;14;12;0;0;14;12
23459;1580;92;14;12;0;0;14;12
23460;1600;92;14;12;0;0;14;12
23470;1620;92;14;12;0;0;14;12
23472;1640;92;14;12;0;0;14;12
23475;1660;92;14;12;0;0;14;12
23476;1680;92;14;12;0;0;14;12
23477;1700;92;14;12;0;0;14;12
23478;1720;92;14;12;0;0;14;12
23481;1740;92;14;12;0;0;14;12
23487;1760;92;14;12;0;0;14;12
23490;1780;92;14;12;0;0;14;12
23492;1800;92;14;12;0;0;14;12
23494;1820;92;14;12;0;0;14;12
23500;1840;92;14;12;0;0;14;12
23506;1860;92;14;12;0;0;14;12
23515;1880;92;14;12;0;0;14;12
23517;1900;92;14;12;0;0;14;12
23519;1920;92;14;12;0;0;14;12
23521;1940;92;14;12;0;0;14;12
23527;1960;92;14;12;0;0;14;12
23529;1980;92;14;12;0;0;14;12
23534;2000;92;14;12;0;0;14;12
23544;2020;92;14;12;0;0;14;12
23546;2040;92;14;12;0;0;14;12
23550;2060;92;14;12;0;0;14;12
23551;2080;92;14;12;0;0;14;12
23553;2100;92;14;12;0;0;14;12
23554;2120;92;14;12;0;0;14;12
23556;2140;92;14;12;0;0;14;12
23558;2160;92;14;12;0;0;14;12
23561;2180;92;14;12;0;0;14;12
23562;2200;92;14;12;0;0;14;12
23563;2220;92;14;12;0;0;14;12
23566;2240;92;14;12;0;0;14;12
23567;2260;92;14;12;0;0;14;12
23569;2280;92;14;12;0;0;14;12
23578;2300;92;14;12;0;0;14;12
23601;2320;92;14;12;0;0;14;12
23610;2340;92;14;12;0;0;14;12
23611;2360;92;14;12;0;0;14;12
23612;2380;92;14;12;0;0;14;12
23613;2400;92;14;12;0;0;14;12
23614;2420;92;14;12;0;0;14;12
23615;2440;92;14;12;0;0;14;12
23616;2460;92;14;12;0;0;14;12
23621;2480;92;14;12;0;0;14;12
23624;2500;92;14;12;0;0;14;12
23626;2520;92;14;12;0;0;14;12
23627;2540;92;14;12;0;0;14;12
23637;2560;92;14;12;0;0;14;12
23646;2580;92;14;12;0;0;14;12
23652;2600;92;14;12;0;0;14;12
23653;2620;92;14;12;0;0;14;12
23663;2640;92;14;12;0;0;14;12
23665;2660;92;14;12;0;0;14;12
23696;2680;92;14;12;0;0;14;12
23713;2700;92;14;12;0;0;14;12
23721;2720;92;14;12;0;0;14;12
23724;2740;92;14;12;0;0;14;12
23731;2760;92;14;12;0;0;14;12
23736;2780;92;14;12;0;0;14;12
23776;2800;92;14;12;0;0;14;12
23777;2820;92;14;12;0;0;14;12
23792;2840;92;14;12;0;0;14;12
23798;2860;92;14;12;0;0;14;12
23815;2880;92;14;12;0;0;14;12
23822;2900;92;14;12;0;0;14;12
23830;2920;92;14;12;0;0;14;12
23849;2940;92;14;12;0;0;14;12
23888;2960;92;14;12;0;0;14;12
24029;2980;92;14;12;0;0;14;12
24030;3000;92;14;12;0;0;14;12
24033;3020;92;14;12;0;0;14;12
24035;3040;92;14;12;0;0;14;12
24037;3060;92;14;12;0;0;14;12
24038;3080;92;14;12;0;0;14;12
24039;3100;92;14;12;0;0;14;12
24040;3120;92;14;12;0;0;14;12
24046;3140;92;14;12;0;0;14;12
24049;3160;92;14;12;0;0;14;12
24059;3180;92;14;12;0;0;14;12
24062;3200;92;14;12;0;0;14;12
24066;3220;92;14;12;0;0;14;12
24067;3240;92;14;12;0;0;14;12
24070;3260;92;14;12;0;0;14;12
24076;3280;92;14;12;0;0;14;12
24093;3300;92;14;12;0;0;14;12
24101;3320;92;14;12;0;0;14;12
24107;3340;92;14;12;0;0;14;12
24109;3360;92;14;12;0;0;14;12
24111;3380;92;14;12;0;0;14;12
24112;3400;92;14;12;0;0;14;12
24115;3420;92;14;12;0;0;14;12
24120;3440;92;14;12;0;0;14;12
24125;3460;92;14;12;0;0;14;12
24133;3480;92;14;12;0;0;14;12
24149;3500;92;14;12;0;0;14;12
24163;3520;92;14;12;0;0;14;12
24178;3540;92;14;12;0;0;14;12
24179;3560;92;14;12;0;0;14;12
24180;3580;92;14;12;0;0;14;12
24184;3600;92;14;12;0;0;14;12
24185;3620;92;14;12;0;0;14;12
24187;3640;92;14;12;0;0;14;12
24188;3660;92;14;12;0;0;14;12
24189;3680;92;14;12;0;0;14;12
24190;3700;92;14;12;0;0;14;12
24193;3720;92;14;12;0;0;14;12
24195;3740;92;14;12;0;0;14;12
24202;3760;92;14;12;0;0;14;12
24207;3780;92;14;12;0;0;14;12
24213;3800;92;14;12;0;0;14;12
24215;3820;92;14;12;0;0;14;12
24220;3840;92;14;12;0;0;14;12
24230;3860;92;14;12;0;0;14;12
24231;3880;92;14;12;0;0;14;12
24235;3900;92;14;12;0;0;14;12
24237;3920;92;14;12;0;0;14;12
24246;3940;92;14;12;0;0;14;12
24247;3960;92;14;12;0;0;14;12
24248;3980;92;14;12;0;0;14;12
24259;4000;92;14;12;0;0;14;12
24265;4020;92;14;12;0;0;14;12
24266;4040;92;14;12;0;0;14;12
24310;4060;92;14;12;0;0;14;12
24311;4080;92;14;12;0;0;14;12
24314;0;110;14;12;0;0;14;12
24321;20;110;14;12;0;0;14;12
24324;40;110;14;12;0;0;14;12
24330;60;110;14;12;0;0;14;12
24335;80;110;14;12;0;0;14;12
24336;100;110;14;12;0;0;14;12
24339;120;110;14;12;0;0;14;12
24340;140;110;14;12;0;0;14;12
24341;160;110;14;12;0;0;14;12
24351;180;110;14;12;0;0;14;12
24357;200;110;14;12;0;0;14;12
24358;220;110;14;12;0;0;14;12
24359;240;110;14;12;0;0;14;12
24369;260;110;14;12;0;0;14;12
24373;280;110;14;12;0;0;14;12
24375;300;110;14;12;0;0;14;12
24382;320;110;14;12;0;0;14;12
24403;340;110;14;12;0;0;14;12
24409;360;110;14;12;0;0;14;12
24418;380;110;14;12;0;0;14;12
24425;400;110;14;12;0;0;14;12
24427;420;110;14;12;0;0;14;12
24432;440;110;14;12;0;0;14;12
24433;460;110;14;12;0;0;14;12
24441;480;110;14;12;0;0;14;12
24444;500;110;14;12;0;0;14;12
24448;520;110;14;12;0;0;14;12
24449;540;110;14;12;0;0;14;12
24452;560;110;14;12;0;0;14;12
24453;580;110;14;12;0;0;14;12
24459;600;110;14;12;0;0;14;12
24460;620;110;14;12;0;0;14;12
24464;640;110;14;12;0;0;14;12
24466;660;110;14;12;0;0;14;12
24467;680;110;14;12;0;0;14;12
24471;700;110;14;12;0;0;14;12
24481;720;110;14;12;0;0;14;12
24489;740;110;14;12;0;0;14;12
24490;760;110;14;12;0;0;14;12
24494;780;110;14;12;0;0;14;12
24499;800;110;14;12;0;0;14;12
24500;820;110;14;12;0;0;14;12
24505;840;110;14;12;0;0;14;12
24515;860;110;14;12;0;0;14;12
24517;880;110;14;12;0;0;14;12
24524;900;110;14;12;0;0;14;12
24525;920;110;14;12;0;0;14;12
24535;940;110;14;12;0;0;14;12
24536;960;110;14;12;0;0;14;12
24537;980;110;14;12;0;0;14;12
24540;1000;110;14;12;0;0;14;12
24544;1020;110;14;12;0;0;14;12
24555;1040;110;14;12;0;0;14;12
24565;1060;110;14;12;0;0;14;12
24594;1080;110;14;12;0;0;14;12
24598;1100;110;14;12;0;0;14;12
24605;1120;110;14;12;0;0;14;12
24608;1140;110;14;12;0;0;14;12
24613;1160;110;14;12;0;0;14;12
24615;1180;110;14;12;0;0;14;12
24616;1200;110;14;12;0;0;14;12
24618;1220;110;14;12;0;0;14;12
24651;1240;110;14;12;0;0;14;12
24656;1260;110;14;12;0;0;14;12
24658;1280;110;14;12;0;0;14;12
24675;1300;110;14;12;0;0;14;12
24677;1320;110;14;12;0;0;14;12
24680;1340;110;14;12;0;0;14;12
24681;1360;110;14;12;0;0;14;12
24685;1380;110;14;12;0;0;14;12
24687;1400;110;14;12;0;0;14;12
24693;1420;110;14;12;0;0;14;12
24724;1440;110;14;12;0;0;14;12
24735;1460;110;14;12;0;0;14;12
24736;1480;110;14;12;0;0;14;12
24739;1500;110;14;12;0;0;14;12
24742;1520;110;14;12;0;0;14;12
24745;1540;110;14;12;0;0;14;12
24746;1560;110;14;12;0;0;14;12
24754;1580;110;14;12;0;0;14;12
24764;1600;110;14;12;0;0;14;12
24773;1620;110;14;12;0;0;14;12
24785;1640;110;14;12;0;0;14;12
24796;1660;110;14;12;0;0;14;12
24807;1680;110;14;12;0;0;14;12
24808;1700;110;14;12;0;0;14;12
24816;1720;110;14;12;0;0;14;12
24819;1740;110;14;12;0;0;14;12
24833;1760;110;14;12;0;0;14;12
24841;1780;110;14;12;0;0;14;12
24847;1800;110;14;12;0;0;14;12
24858;1820;110;14;12;0;0;14;12
24859;1840;110;14;12;0;0;14;12
24863;1860;110;14;12;0;0;14;12
24900;1880;110;14;12;0;0;14;12
24904;1900;110;14;12;0;0;14;12
24907;1920;110;14;12;0;0;14;12
24908;1940;110;14;12;0;0;14;12
24910;1960;110;14;12;0;0;14;12
24917;1980;110;14;12;0;0;14;12
24930;2000;110;14;12;0;0;14;12
24931;2020;110;14;12;0;0;14;12
24936;2040;110;14;12;0;0;14;12
24942;2060;110;14;12;0;0;14;12
24944;2080;110;14;12;0;0;14;12
24950;2100;110;14;12;0;0;14;12
24962;2120;110;14;12;0;0;14;12
24974;2140;110;14;12;0;0;14;12
24996;2160;110;14;12;0;0;14;12
24999;2180;110;14;12;0;0;14;12
25001;2200;110;14;12;0;0;14;12
25004;2220;110;14;12;0;0;14;12
25010;2240;110;14;12;0;0;14;12
25014;2260;110;14;12;0;0;14;12
25022;2280;110;14;12;0;0;14;12
25031;2300;110;14;12;0;0;14;12
25040;2320;110;14;12;0;0;14;12
25074;2340;110;14;12;0;0;14;12
25080;2360;110;14;12;0;0;14;12
25104;2380;110;14;12;0;0;14;12
25105;2400;110;14;12;0;0;14;12
25106;2420;110;14;12;0;0;14;12
25114;2440;110;14;12;0;0;14;12
25126;2460;110;14;12;0;0;14;12
25135;2480;110;14;12;0;0;14;12
25140;2500;110;14;12;0;0;14;12
25144;2520;110;14;12;0;0;14;12
25147;2540;110;14;12;0;0;14;12
25151;2560;110;14;12;0;0;14;12
25152;2580;110;14;12;0;0;14;12
25159;2600;110;14;12;0;0;14;12
25161;2620;110;14;12;0;0;14;12
25163;2640;110;14;12;0;0;14;12
25165;2660;110;14;12;0;0;14;12
25171;2680;110;14;12;0;0;14;12
25173;2700;110;14;12;0;0;14;12
25201;2720;110;14;12;0;0;14;12
25206;2740;110;14;12;0;0;14;12
25209;2760;110;14;12;0;0;14;12
25215;2780;110;14;12;0;0;14;12
25216;2800;110;14;12;0;0;14;12
25220;2820;110;14;12;0;0;14;12
25226;2840;110;14;12;0;0;14;12
25233;2860;110;14;12;0;0;14;12
25237;2880;110;14;12;0;0;14;12
25239;2900;110;14;12;0;0;14;12
25240;2920;110;14;12;0;0;14;12
25244;2940;110;14;12;0;0;14;12
25246;2960;110;14;12;0;0;14;12
25259;2980;110;14;12;0;0;14;12
25265;3000;110;14;12;0;0;14;12
25269;3020;110;14;12;0;0;14;12
25273;3040;110;14;12;0;0;14;12
25276;3060;110;14;12;0;0;14;12
25277;3080;110;14;12;0;0;14;12
25285;3100;110;14;12;0;0;14;12
25289;3120;110;14;12;0;0;14;12
25293;3140;110;14;12;0;0;14;12
25296;3160;110;14;12;0;0;14;12
25298;3180;110;14;12;0;0;14;12
25299;3200;110;14;12;0;0;14;12
25304;3220;110;14;12;0;0;14;12
25305;3240;110;14;12;0;0;14;12
25307;3260;110;14;12;0;0;14;12
25309;3280;110;14;12;0;0;14;12
25312;3300;110;14;12;0;0;14;12
25313;3320;110;14;12;0;0;14;12
25324;3340;110;14;12;0;0;14;12
25325;3360;110;14;12;0;0;14;12
25331;3380;110;14;12;0;0;14;12
25334;3400;110;14;12;0;0;14;12
25335;3420;110;14;12;0;0;14;12
25342;3440;110;14;12;0;0;14;12
25345;3460;110;14;12;0;0;14;12
25351;3480;110;14;12;0;0;14;12
25361;3500;110;14;12;0;0;14;12
25369;3520;110;14;12;0;0;14;12
25375;3540;110;14;12;0;0;14;12
25384;3560;110;14;12;0;0;14;12
25387;3580;110;14;12;0;0;14;12
25391;3600;110;14;12;0;0;14;12
25407;3620;110;14;12;0;0;14;12
25417;3640;110;14;12;0;0;14;12
25429;3660;110;14;12;0;0;14;12
25431;3680;110;14;12;0;0;14;12
25436;3700;110;14;12;0;0;14;12
25448;3720;110;14;12;0;0;14;12
25454;3740;110;14;12;0;0;14;12
25467;3760;110;14;12;0;0;14;12
25475;3780;110;14;12;0;0;14;12
25480;3800;110;14;12;0;0;14;12
25484;3820;110;14;12;0;0;14;12
25490;3840;110;14;12;0;0;14;12
25496;3860;110;14;12;0;0;14;12
25499;3880;110;14;12;0;0;14;12
25505;3900;110;14;12;0;0;14;12
25506;3920;110;14;12;0;0;14;12
25509;3940;110;14;12;0;0;14;12
25511;3960;110;14;12;0;0;14;12
25512;3980;110;14;12;0;0;14;12
25514;4000;110;14;12;0;0;14;12
25522;4020;110;14;12;0;0;14;12
25551;4040;110;14;12;0;0;14;12
25552;4060;110;14;12;0;0;14;12
25562;4080;110;14;12;0;0;14;12
25563;0;128;14;12;0;0;14;12
25569;20;128;14;12;0;0;14;12
25582;40;128;14;12;0;0;14;12
25588;60;128;14;12;0;0;14;12
25594;80;128;14;12;0;0;14;12
25613;100;128;14;12;0;0;14;12
25644;120;128;14;12;0;0;14;12
25645;140;128;14;12;0;0;14;12
25658;160;128;14;12;0;0;14;12
25662;180;128;14;12;0;0;14;12
25666;200;128;14;12;0;0;14;12
25688;220;128;14;12;0;0;14;12
25705;240;128;14;12;0;0;14;12
25711;260;128;14;12;0;0;14;12
25731;280;128;14;12;0;0;14;12
25764;300;128;14;12;0;0;14;12
25774;320;128;14;12;0;0;14;12
25778;340;128;14;12;0;0;14;12
25793;360;128;14;12;0;0;14;12
25805;380;128;14;12;0;0;14;12
25830;400;128;14;12;0;0;14;12
25836;420;128;14;12;0;0;14;12
25903;440;128;14;12;0;0;14;12
25913;460;128;14;12;0;0;14;12
25915;480;128;14;12;0;0;14;12
25918;500;128;14;12;0;0;14;12
25919;520;128;14;12;0;0;14;12
25925;540;128;14;12;0;0;14;12
25935;560;128;14;12;0;0;14;12
25937;580;128;14;12;0;0;14;12
25943;600;128;14;12;0;0;14;12
25945;620;128;14;12;0;0;14;12
25954;640;128;14;12;0;0;14;12
25955;660;128;14;12;0;0;14;12
25964;680;128;14;12;0;0;14;12
25968;700;128;14;12;0;0;14;12
25972;720;128;14;12;0;0;14;12
25973;740;128;14;12;0;0;14;12
25975;760;128;14;12;0;0;14;12
25991;780;128;14;12;0;0;14;12
25993;800;128;14;12;0;0;14;12
25998;820;128;14;12;0;0;14;12
26001;840;128;14;12;0;0;14;12
26007;860;128;14;12;0;0;14;12
26009;880;128;14;12;0;0;14;12
26012;900;128;14;12;0;0;14;12
26020;920;128;14;12;0;0;14;12
26021;940;128;14;12;0;0;14;12
26028;960;128;14;12;0;0;14;12
26029;980;128;14;12;0;0;14;12
26032;1000;128;14;12;0;0;14;12
26041;1020;128;14;12;0;0;14;12
26045;1040;128;14;12;0;0;14;12
26053;1060;128;14;12;0;0;14;12
26059;1080;128;14;12;0;0;14;12
26063;1100;128;14;12;0;0;14;12
26071;1120;128;14;12;0;0;14;12
26082;1140;128;14;12;0;0;14;12
26085;1160;128;14;12;0;0;14;12
26086;1180;128;14;12;0;0;14;12
26087;1200;128;14;12;0;0;14;12
26088;1220;128;14;12;0;0;14;12
26089;1240;128;14;12;0;0;14;12
26092;1260;128;14;12;0;0;14;12
26106;1280;128;14;12;0;0;14;12
26118;1300;128;14;12;0;0;14;12
26119;1320;128;14;12;0;0;14;12
26126;1340;128;14;12;0;0;14;12
26131;1360;128;14;12;0;0;14;12
26132;1380;128;14;12;0;0;14;12
26143;1400;128;14;12;0;0;14;12
26144;1420;128;14;12;0;0;14;12
26149;1440;128;14;12;0;0;14;12
26151;1460;128;14;12;0;0;14;12
26152;1480;128;14;12;0;0;14;12
26157;1500;128;14;12;0;0;14;12
26159;1520;128;14;12;0;0;14;12
26172;1540;128;14;12;0;0;14;12
26178;1560;128;14;12;0;0;14;12
26217;1580;128;14;12;0;0;14;12
26222;1600;128;14;12;0;0;14;12
26223;1620;128;14;12;0;0;14;12
26228;1640;128;14;12;0;0;14;12
26230;1660;128;14;12;0;0;14;12
26241;1680;128;14;12;0;0;14;12
26247;1700;128;14;12;0;0;14;12
26257;1720;128;14;12;0;0;14;12
26262;1740;128;14;12;0;0;14;12
26263;1760;128;14;12;0;0;14;12
26278;1780;128;14;12;0;0;14;12
26283;1800;128;14;12;0;0;14;12
26286;1820;128;14;12;0;0;14;12
26292;1840;128;14;12;0;0;14;12
26311;1860;128;14;12;0;0;14;12
26326;1880;128;14;12;0;0;14;12
26332;1900;128;14;12;0;0;14;12
26354;1920;128;14;12;0;0;14;12
26356;1940;128;14;12;0;0;14;12
26360;1960;128;14;12;0;0;14;12
26361;1980;128;14;12;0;0;14;12
26365;2000;128;14;12;0;0;14;12
26367;2020;128;14;12;0;0;14;12
26368;2040;128;14;12;0;0;14;12
26376;2060;128;14;12;0;0;14;12
26377;2080;128;14;12;0;0;14;12
26381;2100;128;14;12;0;0;14;12
26389;2120;128;14;12;0;0;14;12
26391;2140;128;14;12;0;0;14;12
26395;2160;128;14;12;0;0;14;12
26397;2180;128;14;12;0;0;14;12
26399;2200;128;14;12;0;0;14;12
26408;2220;128;14;12;0;0;14;12
26410;2240;128;14;12;0;0;14;12
26411;2260;128;14;12;0;0;14;12
26412;2280;128;14;12;0;0;14;12
26413;2300;128;14;12;0;0;14;12
26417;2320;128;14;12;0;0;14;12
26420;2340;128;14;12;0;0;14;12
26426;2360;128;14;12;0;0;14;12
26429;2380;128;14;12;0;0;14;12
26441;2400;128;14;12;0;0;14;12
26448;2420;128;14;12;0;0;14;12
26449;2440;128;14;12;0;0;14;12
26463;2460;128;14;12;0;0;14;12
26465;2480;128;14;12;0;0;14;12
26469;2500;128;14;12;0;0;14;12
26479;2520;128;14;12;0;0;14;12
26481;2540;128;14;12;0;0;14;12
26494;2560;128;14;12;0;0;14;12
26495;2580;128;14;12;0;0;14;12
26512;2600;128;14;12;0;0;14;12
26517;2620;128;14;12;0;0;14;12
26519;2640;128;14;12;0;0;14;12
26522;2660;128;14;12;0;0;14;12
26524;2680;128;14;12;0;0;14;12
26525;2700;128;14;12;0;0;14;12
26528;2720;128;14;12;0;0;14;12
26530;2740;128;14;12;0;0;14;12
26543;2760;128;14;12;0;0;14;12
26550;2780;128;14;12;0;0;14;12
26564;2800;128;14;12;0;0;14;12
26576;2820;128;14;12;0;0;14;12
26579;2840;128;14;12;0;0;14;12
26580;2860;128;14;12;0;0;14;12
26609;2880;128;14;12;0;0;14;12
26611;2900;128;14;12;0;0;14;12
26613;2920;128;14;12;0;0;14;12
26619;2940;128;14;12;0;0;14;12
26623;2960;128;14;12;0;0;14;12
26627;2980;128;14;12;0;0;14;12
26628;3000;128;14;12;0;0;14;12
26643;3020;128;14;12;0;0;14;12
26657;3040;128;14;12;0;0;14;12
26666;3060;128;14;12;0;0;14;12
26680;3080;128;14;12;0;0;14;12
26681;3100;128;14;12;0;0;14;12
26684;3120;128;14;12;0;0;14;12
26685;3140;128;14;12;0;0;14;12
26689;3160;128;14;12;0;0;14;12
26691;3180;128;14;12;0;0;14;12
26696;3200;128;14;12;0;0;14;12
26705;3220;128;14;12;0;0;14;12
26716;3240;128;14;12;0;0;14;12
26719;3260;128;14;12;0;0;14;12
26757;3280;128;14;12;0;0;14;12
26775;3300;128;14;12;0;0;14;12
26792;3320;128;14;12;0;0;14;12
26800;3340;128;14;12;0;0;14;12
26820;3360;128;14;12;0;0;14;12
26827;3380;128;14;12;0;0;14;12
26834;3400;128;14;12;0;0;14;12
26842;3420;128;14;12;0;0;14;12
26847;3440;128;14;12;0;0;14;12
26862;3460;128;14;12;0;0;14;12
26874;3480;128;14;12;0;0;14;12
26885;3500;128;14;12;0;0;14;12
26893;3520;128;14;12;0;0;14;12
26894;3540;128;14;12;0;0;14;12
26908;3560;128;14;12;0;0;14;12
26989;3580;128;14;12;0;0;14;12
26997;3600;128;14;12;0;0;14;12
26999;3620;128;14;12;0;0;14;12
27004;3640;128;14;12;0;0;14;12
27005;3660;128;14;12;0;0;14;12
27010;3680;128;14;12;0;0;14;12
27083;3700;128;14;12;0;0;14;12
27096;3720;128;14;12;0;0;14;12
27133;3740;128;14;12;0;0;14;12
27161;3760;128;14;12;0;0;14;12
27169;3780;128;14;12;0;0;14;12
27177;3800;128;14;12;0;0;14;12
27178;3820;128;14;12;0;0;14;12
27193;3840;128;14;12;0;0;14;12
27211;3860;128;14;12;0;0;14;12
27231;3880;128;14;12;0;0;14;12
27396;3900;128;14;12;0;0;14;12
27424;3920;128;14;12;0;0;14;12
27425;3940;128;14;12;0;0;14;12
27431;3960;128;14;12;0;0;14;12
27442;3980;128;14;12;0;0;14;12
27450;4000;128;14;12;0;0;14;12
27454;4020;128;14;12;0;0;14;12
27468;4040;128;14;12;0;0;14;12
27475;4060;128;14;12;0;0;14;12
27490;4080;128;14;12;0;0;14;12
27491;0;146;14;12;0;0;14;12
27494;20;146;14;12;0;0;14;12
27497;40;146;14;12;0;0;14;12
27503;60;146;14;12;0;0;14;12
27507;80;146;14;12;0;0;14;12
27508;100;146;14;12;0;0;14;12
27515;120;146;14;12;0;0;14;12
27529;140;146;14;12;0;0;14;12
27530;160;146;14;12;0;0;14;12
27531;180;146;14;12;0;0;14;12
27542;200;146;14;12;0;0;14;12
27572;220;146;14;12;0;0;14;12
27573;240;146;14;12;0;0;14;12
27578;260;146;14;12;0;0;14;12
27579;280;146;14;12;0;0;14;12
27583;300;146;14;12;0;0;14;12
27584;320;146;14;12;0;0;14;12
27597;340;146;14;12;0;0;14;12
27598;360;146;14;12;0;0;14;12
27602;380;146;14;12;0;0;14;12
27604;400;146;14;12;0;0;14;12
27611;420;146;14;12;0;0;14;12
27663;440;146;14;12;0;0;14;12
27665;460;146;14;12;0;0;14;12
27671;480;146;14;12;0;0;14;12
27700;500;146;14;12;0;0;14;12
27703;520;146;14;12;0;0;14;12
27704;540;146;14;12;0;0;14;12
27710;560;146;14;12;0;0;14;12
27713;580;146;14;12;0;0;14;12
27714;600;146;14;12;0;0;14;12
27726;620;146;14;12;0;0;14;12
27735;640;146;14;12;0;0;14;12
27738;660;146;14;12;0;0;14;12
27743;680;146;14;12;0;0;14;12
27744;700;146;14;12;0;0;14;12
27760;720;146;14;12;0;0;14;12
27770;740;146;14;12;0;0;14;12
27773;760;146;14;12;0;0;14;12
27779;780;146;14;12;0;0;14;12
27784;800;146;14;12;0;0;14;12
27798;820;146;14;12;0;0;14;12
27801;840;146;14;12;0;0;14;12
27809;860;146;14;12;0;0;14;12
27810;880;146;14;12;0;0;14;12
27827;900;146;14;12;0;0;14;12
27832;920;146;14;12;0;0;14;12
27833;940;146;14;12;0;0;14;12
27835;960;146;14;12;0;0;14;12
27836;980;146;14;12;0;0;14;12
27839;1000;146;14;12;0;0;14;12
27841;1020;146;14;12;0;0;14;12
27849;1040;146;14;12;0;0;14;12
27850;1060;146;14;12;0;0;14;12
27852;1080;146;14;12;0;0;14;12
27861;1100;146;14;12;0;0;14;12
27873;1120;146;14;12;0;0;14;12
27874;1140;146;14;12;0;0;14;12
27875;1160;146;14;12;0;0;14;12
27877;1180;146;14;12;0;0;14;12
27880;1200;146;14;12;0;0;14;12
27888;1220;146;14;12;0;0;14;12
27891;1240;146;14;12;0;0;14;12
27915;1260;146;14;12;0;0;14;12
27927;1280;146;14;12;0;0;14;12
27934;1300;146;14;12;0;0;14;12
27941;1320;146;14;12;0;0;14;12
27946;1340;146;14;12;0;0;14;12
27963;1360;146;14;12;0;0;14;12
27966;1380;146;14;12;0;0;14;12
27969;1400;146;14;12;0;0;14;12
27972;1420;146;14;12;0;0;14;12
27973;1440;146;14;12;0;0;14;12
27996;1460;146;14;12;0;0;14;12
28006;1480;146;14;12;0;0;14;12
28010;1500;146;14;12;0;0;14;12
28014;1520;146;14;12;0;0;14;12
28020;1540;146;14;12;0;0;14;12
28023;1560;146;14;12;0;0;14;12
28024;1580;146;14;12;0;0;14;12
28040;1600;146;14;12;0;0;14;12
28057;1620;146;14;12;0;0;14;12
28079;1640;146;14;12;0;0;14;12
28082;1660;146;14;12;0;0;14;12
28092;1680;146;14;12;0;0;14;12
28113;1700;146;14;12;0;0;14;12
28129;1720;146;14;12;0;0;14;12
28139;1740;146;14;12;0;0;14;12
28145;1760;146;14;12;0;0;14;12
28151;1780;146;14;12;0;0;14;12
28155;1800;146;14;12;0;0;14;12
28165;1820;146;14;12;0;0;14;12
28167;1840;146;14;12;0;0;14;12
28168;1860;146;14;12;0;0;14;12
28169;1880;146;14;12;0;0;14;12
28171;1900;146;14;12;0;0;14;12
28179;1920;146;14;12;0;0;14;12
28187;1940;146;14;12;0;0;14;12
28193;1960;146;14;12;0;0;14;12
28198;1980;146;14;12;0;0;14;12
28201;2000;146;14;12;0;0;14;12
28204;2020;146;14;12;0;0;14;12
28207;2040;146;14;12;0;0;14;12
28246;2060;146;14;12;0;0;14;12
28263;2080;146;14;12;0;0;14;12
28271;2100;146;14;12;0;0;14;12
28286;2120;146;14;12;0;0;14;12
28287;2140;146;14;12;0;0;14;12
28288;2160;146;14;12;0;0;14;12
28304;2180;146;14;12;0;0;14;12
28310;2200;146;14;12;0;0;14;12
28317;2220;146;14;12;0;0;14;12
28342;2240;146;14;12;0;0;14;12
28346;2260;146;14;12;0;0;14;12
28357;2280;146;14;12;0;0;14;12
28363;2300;146;14;12;0;0;14;12
28369;2320;146;14;12;0;0;14;12
28381;2340;146;14;12;0;0;14;12
28382;2360;146;14;12;0;0;14;12
28404;2380;146;14;12;0;0;14;12
28417;2400;146;14;12;0;0;14;12
28418;2420;146;14;12;0;0;14;12
28422;2440;146;14;12;0;0;14;12
28431;2460;146;14;12;0;0;14;12
28436;2480;146;14;12;0;0;14;12
28448;2500;146;14;12;0;0;14;12
28450;2520;146;14;12;0;0;14;12
28459;2540;146;14;12;0;0;14;12
28460;2560;146;14;12;0;0;14;12
28472;2580;146;14;12;0;0;14;12
28500;2600;146;14;12;0;0;14;12
28508;2620;146;14;12;0;0;14;12
28511;2640;146;14;12;0;0;14;12
28516;2660;146;14;12;0;0;14;12
28526;2680;146;14;12;0;0;14;12
28528;2700;146;14;12;0;0;14;12
28548;2720;146;14;12;0;0;14;12
28608;2740;146;14;12;0;0;14;12
28609;2760;146;14;12;0;0;14;12
28611;2780;146;14;12;0;0;14;12
28651;2800;146;14;12;0;0;14;12
28655;2820;146;14;12;0;0;14;12
28716;2840;146;14;12;0;0;14;12
28779;2860;146;14;12;0;0;14;12
28783;2880;146;14;12;0;0;14;12
28784;2900;146;14;12;0;0;14;12
28797;2920;146;14;12;0;0;14;12
28809;2940;146;14;12;0;0;14;12
28810;2960;146;14;12;0;0;14;12
28814;2980;146;14;12;0;0;14;12
28845;3000;146;14;12;0;0;14;12
28857;3020;146;14;12;0;0;14;12
28858;3040;146;14;12;0;0;14;12
28872;3060;146;14;12;0;0;14;12
28961;3080;146;14;12;0;0;14;12
28966;3100;146;14;12;0;0;14;12
28982;3120;146;14;12;0;0;14;12
28988;3140;146;14;12;0;0;14;12
29006;3160;146;14;12;0;0;14;12
29017;3180;146;14;12;0;0;14;12
29031;3200;146;14;12;0;0;14;12
29033;3220;146;14;12;0;0;14;12
29038;3240;146;14;12;0;0;14;12
29066;3260;146;14;12;0;0;14;12
29087;3280;146;14;12;0;0;14;12
29105;3300;146;14;12;0;0;14;12
29123;3320;146;14;12;0;0;14;12
29157;3340;146;14;12;0;0;14;12
29190;3360;146;14;12;0;0;14;12
29226;3380;146;14;12;0;0;14;12
29237;3400;146;14;12;0;0;14;12
29238;3420;146;14;12;0;0;14;12
29245;3440;146;14;12;0;0;14;12
29255;3460;146;14;12;0;0;14;12
29256;3480;146;14;12;0;0;14;12
29273;3500;146;14;12;0;0;14;12
29275;3520;146;14;12;0;0;14;12
29287;3540;146;14;12;0;0;14;12
29289;3560;146;14;12;0;0;14;12
29298;3580;146;14;12;0;0;14;12
29305;3600;146;14;12;0;0;14;12
29344;3620;146;14;12;0;0;14;12
29356;3640;146;14;12;0;0;14;12
29359;3660;146;14;12;0;0;14;12
29366;3680;146;14;12;0;0;14;12
29378;3700;146;14;12;0;0;14;12
29401;3720;146;14;12;0;0;14;12
29417;3740;146;14;12;0;0;14;12
29420;3760;146;14;12;0;0;14;12
29421;3780;146;14;12;0;0;14;12
29467;3800;146;14;12;0;0;14;12
29471;3820;146;14;12;0;0;14;12
29483;3840;146;14;12;0;0;14;12
29486;3860;146;14;12;0;0;14;12
29494;3880;146;14;12;0;0;14;12
29503;3900;146;14;12;0;0;14;12
29508;3920;146;14;12;0;0;14;12
29539;3940;146;14;12;0;0;14;12
29554;3960;146;14;12;0;0;14;12
29572;3980;146;14;12;0;0;14;12
29575;4000;146;14;12;0;0;14;12
29577;4020;146;14;12;0;0;14;12
29579;4040;146;14;12;0;0;14;12
29609;4060;146;14;12;0;0;14;12
29645;4080;146;14;12;0;0;14;12
29664;0;164;14;12;0;0;14;12
29677;20;164;14;12;0;0;14;12
29694;40;164;14;12;0;0;14;12
29699;60;164;14;12;0;0;14;12
29702;80;164;14;12;0;0;14;12
29748;100;164;14;12;0;0;14;12
29792;120;164;14;12;0;0;14;12
29827;140;164;14;12;0;0;14;12
29863;160;164;14;12;0;0;14;12
29872;180;164;14;12;0;0;14;12
29885;200;164;14;12;0;0;14;12
29926;220;164;14;12;0;0;14;12
29942;240;164;14;12;0;0;14;12
29976;260;164;14;12;0;0;14;12
29978;280;164;14;12;0;0;14;12
29983;300;164;14;12;0;0;14;12
29987;320;164;14;12;0;0;14;12
29992;340;164;14;12;0;0;14;12
30000;360;164;14;12;0;0;14;12
30001;380;164;14;12;0;0;14;12
30002;400;164;14;12;0;0;14;12
30003;420;164;14;12;0;0;14;12
30007;440;164;14;12;0;0;14;12
30010;460;164;14;12;0;0;14;12
30011;480;164;14;12;0;0;14;12
30028;500;164;14;12;0;0;14;12
30031;520;164;14;12;0;0;14;12
30033;540;164;14;12;0;0;14;12
30036;560;164;14;12;0;0;14;12
30041;580;164;14;12;0;0;14;12
30044;600;164;14;12;0;0;14;12
30045;620;164;14;12;0;0;14;12
30053;640;164;14;12;0;0;14;12
30058;660;164;14;12;0;0;14;12
30064;680;164;14;12;0;0;14;12
30067;700;164;14;12;0;0;14;12
30079;720;164;14;12;0;0;14;12
30094;740;164;14;12;0;0;14;12
30097;760;164;14;12;0;0;14;12
30123;780;164;14;12;0;0;14;12
30130;800;164;14;12;0;0;14;12
30142;820;164;14;12;0;0;14;12
30149;840;164;14;12;0;0;14;12
30151;860;164;14;12;0;0;14;12
30165;880;164;14;12;0;0;14;12
30168;900;164;14;12;0;0;14;12
30171;920;164;14;12;0;0;14;12
30178;940;164;14;12;0;0;14;12
30185;960;164;14;12;0;0;14;12
30196;980;164;14;12;0;0;14;12
30221;1000;164;14;12;0;0;14;12
30274;1020;164;14;12;0;0;14;12
30290;1040;164;14;12;0;0;14;12
30294;1060;164;14;12;0;0;14;12
30330;1080;164;14;12;0;0;14;12
30331;1100;164;14;12;0;0;14;12
30333;1120;164;14;12;0;0;14;12
30334;1140;164;14;12;0;0;14;12
30340;1160;164;14;12;0;0;14;12
30342;1180;164;14;12;0;0;14;12
30343;1200;164;14;12;0;0;14;12
30382;1220;164;14;12;0;0;14;12
30399;1240;164;14;12;0;0;14;12
30406;1260;164;14;12;0;0;14;12
30410;1280;164;14;12;0;0;14;12
30423;1300;164;14;12;0;0;14;12
30427;1320;164;14;12;0;0;14;12
30431;1340;164;14;12;0;0;14;12
30435;1360;164;14;12;0;0;14;12
30436;1380;164;14;12;0;0;14;12
30446;1400;164;14;12;0;0;14;12
30450;1420;164;14;12;0;0;14;12
30452;1440;164;14;12;0;0;14;12
30456;1460;164;14;12;0;0;14;12
30462;1480;164;14;12;0;0;14;12
30465;1500;164;14;12;0;0;14;12
30473;1520;164;14;12;0;0;14;12
30475;1540;164;14;12;0;0;14;12
30476;1560;164;14;12;0;0;14;12
30495;1580;164;14;12;0;0;14;12
30496;1600;164;14;12;0;0;14;12
30522;1620;164;14;12;0;0;14;12
30524;1640;164;14;12;0;0;14;12
30528;1660;164;14;12;0;0;14;12
30561;1680;164;14;12;0;0;14;12
30563;1700;164;14;12;0;0;14;12
30566;1720;164;14;12;0;0;14;12
30636;1740;164;14;12;0;0;14;12
30637;1760;164;14;12;0;0;14;12
30643;1780;164;14;12;0;0;14;12
30683;1800;164;14;12;0;0;14;12
30690;1820;164;14;12;0;0;14;12
30693;1840;164;14;12;0;0;14;12
30701;1860;164;14;12;0;0;14;12
30703;1880;164;14;12;0;0;14;12
30707;1900;164;14;12;0;0;14;12
30722;1920;164;14;12;0;0;14;12
30740;1940;164;14;12;0;0;14;12
30741;1960;164;14;12;0;0;14;12
30770;1980;164;14;12;0;0;14;12
30772;2000;164;14;12;0;0;14;12
30813;2020;164;14;12;0;0;14;12
30827;2040;164;14;12;0;0;14;12
30828;2060;164;14;12;0;0;14;12
30849;2080;164;14;12;0;0;14;12
30865;2100;164;14;12;0;0;14;12
30906;2120;164;14;12;0;0;14;12
30913;2140;164;14;12;0;0;14;12
30952;2160;164;14;12;0;0;14;12
30977;2180;164;14;12;0;0;14;12
30990;2200;164;14;12;0;0;14;12
31034;2220;164;14;12;0;0;14;12
31036;2240;164;14;12;0;0;14;12
31038;2260;164;14;12;0;0;14;12
31048;2280;164;14;12;0;0;14;12
31049;2300;164;14;12;0;0;14;12
31062;2320;164;14;12;0;0;14;12
31069;2340;164;14;12;0;0;14;12
31070;2360;164;14;12;0;0;14;12
31077;2380;164;14;12;0;0;14;12
31080;2400;164;14;12;0;0;14;12
31085;2420;164;14;12;0;0;14;12
31105;2440;164;14;12;0;0;14;12
31109;2460;164;14;12;0;0;14;12
31117;2480;164;14;12;0;0;14;12
31119;2500;164;14;12;0;0;14;12
31168;2520;164;14;12;0;0;14;12
31169;2540;164;14;12;0;0;14;12
31179;2560;164;14;12;0;0;14;12
31185;2580;164;14;12;0;0;14;12
31186;2600;164;14;12;0;0;14;12
31192;2620;164;14;12;0;0;14;12
31199;2640;164;14;12;0;0;14;12
31209;2660;164;14;12;0;0;14;12
31216;2680;164;14;12;0;0;14;12
31227;2700;164;14;12;0;0;14;12
31243;2720;164;14;12;0;0;14;12
31246;2740;164;14;12;0;0;14;12
31258;2760;164;14;12;0;0;14;12
31278;2780;164;14;12;0;0;14;12
31282;2800;164;14;12;0;0;14;12
31292;2820;164;14;12;0;0;14;12
31293;2840;164;14;12;0;0;14;12
31295;2860;164;14;12;0;0;14;12
31296;2880;164;14;12;0;0;14;12
31298;2900;164;14;12;0;0;14;12
31309;2920;164;14;12;0;0;14;12
31311;2940;164;14;12;0;0;14;12
31339;2960;164;14;12;0;0;14;12
31348;2980;164;14;12;0;0;14;12
31350;3000;164;14;12;0;0;14;12
31354;3020;164;14;12;0;0;14;12
31361;3040;164;14;12;0;0;14;12
31363;3060;164;14;12;0;0;14;12
31378;3080;164;14;12;0;0;14;12
31379;3100;164;14;12;0;0;14;12
31391;3120;164;14;12;0;0;14;12
31406;3140;164;14;12;0;0;14;12
31407;3160;164;14;12;0;0;14;12
31435;3180;164;14;12;0;0;14;12
31452;3200;164;14;12;0;0;14;12
31456;3220;164;14;12;0;0;14;12
31461;3240;164;14;12;0;0;14;12
31471;3260;164;14;12;0;0;14;12
31478;3280;164;14;12;0;0;14;12
31481;3300;164;14;12;0;0;14;12
31505;3320;164;14;12;0;0;14;12
31515;3340;164;14;12;0;0;14;12
31526;3360;164;14;12;0;0;14;12
31532;3380;164;14;12;0;0;14;12
31558;3400;164;14;12;0;0;14;12
31561;3420;164;14;12;0;0;14;12
31563;3440;164;14;12;0;0;14;12
31570;3460;164;14;12;0;0;14;12
31572;3480;164;14;12;0;0;14;12
31574;3500;164;14;12;0;0;14;12
31623;3520;164;14;12;0;0;14;12
31627;3540;164;14;12;0;0;14;12
31639;3560;164;14;12;0;0;14;12
31649;3580;164;14;12;0;0;14;12
31665;3600;164;14;12;0;0;14;12
31672;3620;164;14;12;0;0;14;12
31680;3640;164;14;12;0;0;14;12
31684;3660;164;14;12;0;0;14;12
31689;3680;164;14;12;0;0;14;12
31716;3700;164;14;12;0;0;14;12
31777;3720;164;14;12;0;0;14;12
31807;3740;164;14;12;0;0;14;12
31821;3760;164;14;12;0;0;14;12
31840;3780;164;14;12;0;0;14;12
31859;3800;164;14;12;0;0;14;12
31881;3820;164;14;12;0;0;14;12
31883;3840;164;14;12;0;0;14;12
31890;3860;164;14;12;0;0;14;12
31895;3880;164;14;12;0;0;14;12
31896;3900;164;14;12;0;0;14;12
31899;3920;164;14;12;0;0;14;12
31911;3940;164;14;12;0;0;14;12
31934;3960;164;14;12;0;0;14;12
31958;3980;164;14;12;0;0;14;12
31975;4000;164;14;12;0;0;14;12
31992;4020;164;14;12;0;0;14;12
31995;4040;164;14;12;0;0;14;12
31998;4060;164;14;12;0;0;14;12
32000;4080;164;14;12;0;0;14;12
32004;0;182;14;12;0;0;14;12
32005;20;182;14;12;0;0;14;12
32011;40;182;14;12;0;0;14;12
32013;60;182;14;12;0;0;14;12
32020;80;182;14;12;0;0;14;12
32025;100;182;14;12;0;0;14;12
32026;120;182;14;12;0;0;14;12
32027;140;182;14;12;0;0;14;12
32032;160;182;14;12;0;0;14;12
32033;180;182;14;12;0;0;14;12
32034;200;182;14;12;0;0;14;12
32043;220;182;14;12;0;0;14;12
32047;240;182;14;12;0;0;14;12
32048;260;182;14;12;0;0;14;12
32051;280;182;14;12;0;0;14;12
32057;300;182;14;12;0;0;14;12
32058;320;182;14;12;0;0;14;12
32066;340;182;14;12;0;0;14;12
32068;360;182;14;12;0;0;14;12
32076;380;182;14;12;0;0;14;12
32080;400;182;14;12;0;0;14;12
32094;420;182;14;12;0;0;14;12
32097;440;182;14;12;0;0;14;12
32102;460;182;14;12;0;0;14;12
32113;480;182;14;12;0;0;14;12
32117;500;182;14;12;0;0;14;12
32118;520;182;14;12;0;0;14;12
32121;540;182;14;12;0;0;14;12
32153;560;182;14;12;0;0;14;12
32154;580;182;14;12;0;0;14;12
32173;600;182;14;12;0;0;14;12
32177;620;182;14;12;0;0;14;12
32178;640;182;14;12;0;0;14;12
32187;660;182;14;12;0;0;14;12
32191;680;182;14;12;0;0;14;12
32202;700;182;14;12;0;0;14;12
32207;720;182;14;12;0;0;14;12
32209;740;182;14;12;0;0;14;12
32210;760;182;14;12;0;0;14;12
32218;780;182;14;12;0;0;14;12
32224;800;182;14;12;0;0;14;12
32232;820;182;14;12;0;0;14;12
32233;840;182;14;12;0;0;14;12
32239;860;182;14;12;0;0;14;12
32244;880;182;14;12;0;0;14;12
32251;900;182;14;12;0;0;14;12
32257;920;182;14;12;0;0;14;12
32260;940;182;14;12;0;0;14;12
32283;960;182;14;12;0;0;14;12
32294;980;182;14;12;0;0;14;12
32299;1000;182;14;12;0;0;14;12
32302;1020;182;14;12;0;0;14;12
32318;1040;182;14;12;0;0;14;12
32321;1060;182;14;12;0;0;14;12
32330;1080;182;14;12;0;0;14;12
32340;1100;182;14;12;0;0;14;12
32341;1120;182;14;12;0;0;14;12
32365;1140;182;14;12;0;0;14;12
32368;1160;182;14;12;0;0;14;12
32566;1180;182;14;12;0;0;14;12
32618;1200;182;14;12;0;0;14;12
32622;1220;182;14;12;0;0;14;12
32624;1240;182;14;12;0;0;14;12
32626;1260;182;14;12;0;0;14;12
32629;1280;182;14;12;0;0;14;12
32631;1300;182;14;12;0;0;14;12
32645;1320;182;14;12;0;0;14;12
32650;1340;182;14;12;0;0;14;12
32654;1360;182;14;12;0;0;14;12
32670;1380;182;14;12;0;0;14;12
32676;1400;182;14;12;0;0;14;12
32680;1420;182;14;12;0;0;14;12
32681;1440;182;14;12;0;0;14;12
32701;1460;182;14;12;0;0;14;12
32705;1480;182;14;12;0;0;14;12
32716;1500;182;14;12;0;0;14;12
32722;1520;182;14;12;0;0;14;12
32763;1540;182;14;12;0;0;14;12
32764;1560;182;14;12;0;0;14;12
32769;1580;182;14;12;0;0;14;12
32771;1600;182;14;12;0;0;14;12
32773;1620;182;14;12;0;0;14;12
32784;1640;182;14;12;0;0;14;12
32789;1660;182;14;12;0;0;14;12
32791;1680;182;14;12;0;0;14;12
32819;1700;182;14;12;0;0;14;12
32854;1720;182;14;12;0;0;14;12
32862;1740;182;14;12;0;0;14;12
32884;1760;182;14;12;0;0;14;12
32887;1780;182;14;12;0;0;14;12
32905;1800;182;14;12;0;0;14;12
32908;1820;182;14;12;0;0;14;12
32918;1840;182;14;12;0;0;14;12
32920;1860;182;14;12;0;0;14;12
32925;1880;182;14;12;0;0;14;12
32929;1900;182;14;12;0;0;14;12
32930;1920;182;14;12;0;0;14;12
32933;1940;182;14;12;0;0;14;12
32937;1960;182;14;12;0;0;14;12
32938;1980;182;14;12;0;0;14;12
32943;2000;182;14;12;0;0;14;12
32946;2020;182;14;12;0;0;14;12
32954;2040;182;14;12;0;0;14;12
32963;2060;182;14;12;0;0;14;12
32966;2080;182;14;12;0;0;14;12
32972;2100;182;14;12;0;0;14;12
32974;2120;182;14;12;0;0;14;12
32990;2140;182;14;12;0;0;14;12
33012;2160;182;14;12;0;0;14;12
33016;2180;182;14;12;0;0;14;12
33021;2200;182;14;12;0;0;14;12
33026;2220;182;14;12;0;0;14;12
33029;2240;182;14;12;0;0;14;12
33031;2260;182;14;12;0;0;14;12
33032;2280;182;14;12;0;0;14;12
33034;2300;182;14;12;0;0;14;12
33050;2320;182;14;12;0;0;14;12
33073;2340;182;14;12;0;0;14;12
33075;2360;182;14;12;0;0;14;12
33102;2380;182;14;12;0;0;14;12
33104;2400;182;14;12;0;0;14;12
33109;2420;182;14;12;0;0;14;12
33131;2440;182;14;12;0;0;14;12
33136;2460;182;14;12;0;0;14;12
33144;2480;182;14;12;0;0;14;12
33145;2500;182;14;12;0;0;14;12
33146;2520;182;14;12;0;0;14;12
33178;2540;182;14;12;0;0;14;12
33180;2560;182;14;12;0;0;14;12
33181;2580;182;14;12;0;0;14;12
33192;2600;182;14;12;0;0;14;12
33203;2620;182;14;12;0;0;14;12
33222;2640;182;14;12;0;0;14;12
33235;2660;182;14;12;0;0;14;12
33251;2680;182;14;12;0;0;14;12
33256;2700;182;14;12;0;0;14;12
33258;2720;182;14;12;0;0;14;12
33261;2740;182;14;12;0;0;14;12
33267;2760;182;14;12;0;0;14;12
33268;2780;182;14;12;0;0;14;12
33276;2800;182;14;12;0;0;14;12
33288;2820;182;14;12;0;0;14;12
33292;2840;182;14;12;0;0;14;12
33294;2860;182;14;12;0;0;14;12
33303;2880;182;14;12;0;0;14;12
33310;2900;182;14;12;0;0;14;12
33311;2920;182;14;12;0;0;14;12
33322;2940;182;14;12;0;0;14;12
33324;2960;182;14;12;0;0;14;12
33334;2980;182;14;12;0;0;14;12
33335;3000;182;14;12;0;0;14;12
33337;3020;182;14;12;0;0;14;12
33351;3040;182;14;12;0;0;14;12
33382;3060;182;14;12;0;0;14;12
33391;3080;182;14;12;0;0;14;12
33394;3100;182;14;12;0;0;14;12
33398;3120;182;14;12;0;0;14;12
33419;3140;182;14;12;0;0;14;12
33437;3160;182;14;12;0;0;14;12
33455;3180;182;14;12;0;0;14;12
33457;3200;182;14;12;0;0;14;12
33459;3220;182;14;12;0;0;14;12
33464;3240;182;14;12;0;0;14;12
33469;3260;182;14;12;0;0;14;12
33495;3280;182;14;12;0;0;14;12
33499;3300;182;14;12;0;0;14;12
33509;3320;182;14;12;0;0;14;12
33510;3340;182;14;12;0;0;14;12
33521;3360;182;14;12;0;0;14;12
33538;3380;182;14;12;0;0;14;12
33550;3400;182;14;12;0;0;14;12
33576;3420;182;14;12;0;0;14;12
33590;3440;182;14;12;0;0;14;12
33609;3460;182;14;12;0;0;14;12
33618;3480;182;14;12;0;0;14;12
33624;3500;182;14;12;0;0;14;12
33655;3520;182;14;12;0;0;14;12
33738;3540;182;14;12;0;0;14;12
33740;3560;182;14;12;0;0;14;12
33747;3580;182;14;12;0;0;14;12
33756;3600;182;14;12;0;0;14;12
33775;3620;182;14;12;0;0;14;12
33806;3640;182;14;12;0;0;14;12
33853;3660;182;14;12;0;0;14;12
33865;3680;182;14;12;0;0;14;12
33879;3700;182;14;12;0;0;14;12
33883;3720;182;14;12;0;0;14;12
33900;3740;182;14;12;0;0;14;12
33976;3760;182;14;12;0;0;14;12
33988;3780;182;14;12;0;0;14;12
33995;3800;182;14;12;0;0;14;12
34065;3820;182;14;12;0;0;14;12
34101;3840;182;14;12;0;0;14;12
34109;3860;182;14;12;0;0;14;12
34180;3880;182;14;12;0;0;14;12
34214;3900;182;14;12;0;0;14;12
34218;3920;182;14;12;0;0;14;12
34219;3940;182;14;12;0;0;14;12
34220;3960;182;14;12;0;0;14;12
34253;3980;182;14;12;0;0;14;12
34276;4000;182;14;12;0;0;14;12
34281;4020;182;14;12;0;0;14;12
34299;4040;182;14;12;0;0;14;12
34382;4060;182;14;12;0;0;14;12
34384;4080;182;14;12;0;0;14;12
34394;0;200;14;12;0;0;14;12
34396;20;200;14;12;0;0;14;12
34398;40;200;14;12;0;0;14;12
34411;60;200;14;12;0;0;14;12
34425;80;200;14;12;0;0;14;12
34442;100;200;14;12;0;0;14;12
34453;120;200;14;12;0;0;14;12
34503;140;200;14;12;0;0;14;12
34509;160;200;14;12;0;0;14;12
34542;180;200;14;12;0;0;14;12
34562;200;200;14;12;0;0;14;12
34588;220;200;14;12;0;0;14;12
34701;240;200;14;12;0;0;14;12
34880;260;200;14;12;0;0;14;12
34886;280;200;14;12;0;0;14;12
34892;300;200;14;12;0;0;14;12
34899;320;200;14;12;0;0;14;12
34903;340;200;14;12;0;0;14;12
34907;360;200;14;12;0;0;14;12
34909;380;200;14;12;0;0;14;12
34913;400;200;14;12;0;0;14;12
34915;420;200;14;12;0;0;14;12
34920;440;200;14;12;0;0;14;12
34928;460;200;14;12;0;0;14;12
34935;480;200;14;12;0;0;14;12
34955;500;200;14;12;0;0;14;12
34966;520;200;14;12;0;0;14;12
34987;540;200;14;12;0;0;14;12
35009;560;200;14;12;0;0;14;12
35010;580;200;14;12;0;0;14;12
35013;600;200;14;12;0;0;14;12
35023;620;200;14;12;0;0;14;12
35029;640;200;14;12;0;0;14;12
35036;660;200;14;12;0;0;14;12
35064;680;200;14;12;0;0;14;12
35069;700;200;14;12;0;0;14;12
35070;720;200;14;12;0;0;14;12
35079;740;200;14;12;0;0;14;12
35088;760;200;14;12;0;0;14;12
35090;780;200;14;12;0;0;14;12
35167;800;200;14;12;0;0;14;12
35186;820;200;14;12;0;0;14;12
35199;840;200;14;12;0;0;14;12
35201;860;200;14;12;0;0;14;12
35206;880;200;14;12;0;0;14;12
35207;900;200;14;12;0;0;14;12
35211;920;200;14;12;0;0;14;12
35215;940;200;14;12;0;0;14;12
35222;960;200;14;12;0;0;14;12
35226;980;200;14;12;0;0;14;12
35239;1000;200;14;12;0;0;14;12
35242;1020;200;14;12;0;0;14;12
35251;1040;200;14;12;0;0;14;12
35282;1060;200;14;12;0;0;14;12
35299;1080;200;14;12;0;0;14;12
35302;1100;200;14;12;0;0;14;12
35328;1120;200;14;12;0;0;14;12
35330;1140;200;14;12;0;0;14;12
35331;1160;200;14;12;0;0;14;12
35336;1180;200;14;12;0;0;14;12
35342;1200;200;14;12;0;0;14;12
35347;1220;200;14;12;0;0;14;12
35351;1240;200;14;12;0;0;14;12
35352;1260;200;14;12;0;0;14;12
35359;1280;200;14;12;0;0;14;12
35370;1300;200;14;12;0;0;14;12
35373;1320;200;14;12;0;0;14;12
35377;1340;200;14;12;0;0;14;12
35379;1360;200;14;12;0;0;14;12
35380;1380;200;14;12;0;0;14;12
35386;1400;200;14;12;0;0;14;12
35388;1420;200;14;12;0;0;14;12
35408;1440;200;14;12;0;0;14;12
35412;1460;200;14;12;0;0;14;12
35413;1480;200;14;12;0;0;14;12
35422;1500;200;14;12;0;0;14;12
35424;1520;200;14;12;0;0;14;12
35427;1540;200;14;12;0;0;14;12
35430;1560;200;14;12;0;0;14;12
35433;1580;200;14;12;0;0;14;12
35438;1600;200;14;12;0;0;14;12
35440;1620;200;14;12;0;0;14;12
35441;1640;200;14;12;0;0;14;12
35442;1660;200;14;12;0;0;14;12
35443;1680;200;14;12;0;0;14;12
35463;1700;200;14;12;0;0;14;12
35465;1720;200;14;12;0;0;14;12
35468;1740;200;14;12;0;0;14;12
35469;1760;200;14;12;0;0;14;12
35475;1780;200;14;12;0;0;14;12
35477;1800;200;14;12;0;0;14;12
35480;1820;200;14;12;0;0;14;12
35486;1840;200;14;12;0;0;14;12
35488;1860;200;14;12;0;0;14;12
35492;1880;200;14;12;0;0;14;12
35500;1900;200;14;12;0;0;14;12
35501;1920;200;14;12;0;0;14;12
35504;1940;200;14;12;0;0;14;12
35506;1960;200;14;12;0;0;14;12
35519;1980;200;14;12;0;0;14;12
35527;2000;200;14;12;0;0;14;12
35531;2020;200;14;12;0;0;14;12
35542;2040;200;14;12;0;0;14;12
35558;2060;200;14;12;0;0;14;12
35559;2080;200;14;12;0;0;14;12
35565;2100;200;14;12;0;0;14;12
35566;2120;200;14;12;0;0;14;12
35576;2140;200;14;12;0;0;14;12
35582;2160;200;14;12;0;0;14;12
35584;2180;200;14;12;0;0;14;12
35585;2200;200;14;12;0;0;14;12
35588;2220;200;14;12;0;0;14;12
35598;2240;200;14;12;0;0;14;12
35609;2260;200;14;12;0;0;14;12
35611;2280;200;14;12;0;0;14;12
35613;2300;200;14;12;0;0;14;12
35617;2320;200;14;12;0;0;14;12
35641;2340;200;14;12;0;0;14;12
35672;2360;200;14;12;0;0;14;12
35676;2380;200;14;12;0;0;14;12
35686;2400;200;14;12;0;0;14;12
35696;2420;200;14;12;0;0;14;12
35698;2440;200;14;12;0;0;14;12
35703;2460;200;14;12;0;0;14;12
35895;2480;200;14;12;0;0;14;12
35910;2500;200;14;12;0;0;14;12
35914;2520;200;14;12;0;0;14;12
35930;2540;200;14;12;0;0;14;12
35937;2560;200;14;12;0;0;14;12
35946;2580;200;14;12;0;0;14;12
35980;2600;200;14;12;0;0;14;12
35997;2620;200;14;12;0;0;14;12
35998;2640;200;14;12;0;0;14;12
36000;2660;200;14;12;0;0;14;12
36001;2680;200;14;12;0;0;14;12
36002;2700;200;14;12;0;0;14;12
36007;2720;200;14;12;0;0;14;12
36008;2740;200;14;12;0;0;14;12
36009;2760;200;14;12;0;0;14;12
36010;2780;200;14;12;0;0;14;12
36011;2800;200;14;12;0;0;14;12
36012;2820;200;14;12;0;0;14;12
36015;2840;200;14;12;0;0;14;12
36020;2860;200;14;12;0;0;14;12
36023;2880;200;14;12;0;0;14;12
36024;2900;200;14;12;0;0;14;12
36027;2920;200;14;12;0;0;14;12
36028;2940;200;14;12;0;0;14;12
36031;2960;200;14;12;0;0;14;12
36032;2980;200;14;12;0;0;14;12
36034;3000;200;14;12;0;0;14;12
36035;3020;200;14;12;0;0;14;12
36036;3040;200;14;12;0;0;14;12
36039;3060;200;14;12;0;0;14;12
36042;3080;200;14;12;0;0;14;12
36051;3100;200;14;12;0;0;14;12
36059;3120;200;14;12;0;0;14;12
36060;3140;200;14;12;0;0;14;12
36062;3160;200;14;12;0;0;14;12
36064;3180;200;14;12;0;0;14;12
36066;3200;200;14;12;0;0;14;12
36070;3220;200;14;12;0;0;14;12
36074;3240;200;14;12;0;0;14;12
36077;3260;200;14;12;0;0;14;12
36092;3280;200;14;12;0;0;14;12
36104;3300;200;14;12;0;0;14;12
36196;3320;200;14;12;0;0;14;12
36198;3340;200;14;12;0;0;14;12
36208;3360;200;14;12;0;0;14;12
36212;3380;200;14;12;0;0;14;12
36215;3400;200;14;12;0;0;14;12
36229;3420;200;14;12;0;0;14;12
36234;3440;200;14;12;0;0;14;12
36259;3460;200;14;12;0;0;14;12
36275;3480;200;14;12;0;0;14;12
36317;3500;200;14;12;0;0;14;12
36321;3520;200;14;12;0;0;14;12
36335;3540;200;14;12;0;0;14;12
36339;3560;200;14;12;0;0;14;12
36341;3580;200;14;12;0;0;14;12
36362;3600;200;14;12;0;0;14;12
36367;3620;200;14;12;0;0;14;12
36394;3640;200;14;12;0;0;14;12
36468;3660;200;14;12;0;0;14;12
36493;3680;200;14;12;0;0;14;12
36523;3700;200;14;12;0;0;14;12
36554;3720;200;14;12;0;0;14;12
36556;3740;200;14;12;0;0;14;12
36557;3760;200;14;12;0;0;14;12
36562;3780;200;14;12;0;0;14;12
36575;3800;200;14;12;0;0;14;12
36578;3820;200;14;12;0;0;14;12
36600;3840;200;14;12;0;0;14;12
36605;3860;200;14;12;0;0;14;12
36611;3880;200;14;12;0;0;14;12
36617;3900;200;14;12;0;0;14;12
36637;3920;200;14;12;0;0;14;12
36649;3940;200;14;12;0;0;14;12
36650;3960;200;14;12;0;0;14;12
36664;3980;200;14;12;0;0;14;12
36676;4000;200;14;12;0;0;14;12
36763;4020;200;14;12;0;0;14;12
36766;4040;200;14;12;0;0;14;12
36771;4060;200;14;12;0;0;14;12
36785;4080;200;14;12;0;0;14;12
36786;0;218;14;12;0;0;14;12
36794;20;218;14;12;0;0;14;12
36796;40;218;14;12;0;0;14;12
36805;60;218;14;12;0;0;14;12
36814;80;218;14;12;0;0;14;12
36817;100;218;14;12;0;0;14;12
36820;120;218;14;12;0;0;14;12
36843;140;218;14;12;0;0;14;12
36845;160;218;14;12;0;0;14;12
36848;180;218;14;12;0;0;14;12
36855;200;218;14;12;0;0;14;12
36861;220;218;14;12;0;0;14;12
36864;240;218;14;12;0;0;14;12
36865;260;218;14;12;0;0;14;12
36867;280;218;14;12;0;0;14;12
36870;300;218;14;12;0;0;14;12
36879;320;218;14;12;0;0;14;12
36880;340;218;14;12;0;0;14;12
36883;360;218;14;12;0;0;14;12
36884;380;218;14;12;0;0;14;12
36890;400;218;14;12;0;0;14;12
36893;420;218;14;12;0;0;14;12
36895;440;218;14;12;0;0;14;12
36896;460;218;14;12;0;0;14;12
36899;480;218;14;12;0;0;14;12
36910;500;218;14;12;0;0;14;12
36913;520;218;14;12;0;0;14;12
36914;540;218;14;12;0;0;14;12
36920;560;218;14;12;0;0;14;12
36930;580;218;14;12;0;0;14;12
36933;600;218;14;12;0;0;14;12
36935;620;218;14;12;0;0;14;12
36938;640;218;14;12;0;0;14;12
36939;660;218;14;12;0;0;14;12
36941;680;218;14;12;0;0;14;12
36942;700;218;14;12;0;0;14;12
36947;720;218;14;12;0;0;14;12
36948;740;218;14;12;0;0;14;12
36949;760;218;14;12;0;0;14;12
36956;780;218;14;12;0;0;14;12
36960;800;218;14;12;0;0;14;12
36961;820;218;14;12;0;0;14;12
36963;840;218;14;12;0;0;14;12
36969;860;218;14;12;0;0;14;12
36973;880;218;14;12;0;0;14;12
36974;900;218;14;12;0;0;14;12
36981;920;218;14;12;0;0;14;12
36983;940;218;14;12;0;0;14;12
36984;960;218;14;12;0;0;14;12
36986;980;218;14;12;0;0;14;12
36991;1000;218;14;12;0;0;14;12
36996;1020;218;14;12;0;0;14;12
37027;1040;218;14;12;0;0;14;12
37030;1060;218;14;12;0;0;14;12
37034;1080;218;14;12;0;0;14;12
37048;1100;218;14;12;0;0;14;12
37066;1120;218;14;12;0;0;14;12
37070;1140;218;14;12;0;0;14;12
37089;1160;218;14;12;0;0;14;12
37096;1180;218;14;12;0;0;14;12
37101;1200;218;14;12;0;0;14;12
37109;1220;218;14;12;0;0;14;12
37111;1240;218;14;12;0;0;14;12
37117;1260;218;14;12;0;0;14;12
37196;1280;218;14;12;0;0;14;12
37197;1300;218;14;12;0;0;14;12
37198;1320;218;14;12;0;0;14;12
37202;1340;218;14;12;0;0;14;12
37204;1360;218;14;12;0;0;14;12
37218;1380;218;14;12;0;0;14;12
37226;1400;218;14;12;0;0;14;12
37228;1420;218;14;12;0;0;14;12
37237;1440;218;14;12;0;0;14;12
37239;1460;218;14;12;0;0;14;12
37240;1480;218;14;12;0;0;14;12
37266;1500;218;14;12;0;0;14;12
37276;1520;218;14;12;0;0;14;12
37304;1540;218;14;12;0;0;14;12
37319;1560;218;14;12;0;0;14;12
37320;1580;218;14;12;0;0;14;12
37324;1600;218;14;12;0;0;14;12
37325;1620;218;14;12;0;0;14;12
37326;1640;218;14;12;0;0;14;12
37327;1660;218;14;12;0;0;14;12
37329;1680;218;14;12;0;0;14;12
37340;1700;218;14;12;0;0;14;12
37341;1720;218;14;12;0;0;14;12
37347;1740;218;14;12;0;0;14;12
37389;1760;218;14;12;0;0;14;12
37428;1780;218;14;12;0;0;14;12
37444;1800;218;14;12;0;0;14;12
37467;1820;218;14;12;0;0;14;12
37474;1840;218;14;12;0;0;14;12
37489;1860;218;14;12;0;0;14;12
37504;1880;218;14;12;0;0;14;12
37507;1900;218;14;12;0;0;14;12
37509;1920;218;14;12;0;0;14;12
37528;1940;218;14;12;0;0;14;12
37549;1960;218;14;12;0;0;14;12
37613;1980;218;14;12;0;0;14;12
37619;2000;218;14;12;0;0;14;12
37628;2020;218;14;12;0;0;14;12
37664;2040;218;14;12;0;0;14;12
37670;2060;218;14;12;0;0;14;12
37676;2080;218;14;12;0;0;14;12
37678;2100;218;14;12;0;0;14;12
37679;2120;218;14;12;0;0;14;12
37682;2140;218;14;12;0;0;14;12
37707;2160;218;14;12;0;0;14;12
37723;2180;218;14;12;0;0;14;12
37749;2200;218;14;12;0;0;14;12
37772;2220;218;14;12;0;0;14;12
37782;2240;218;14;12;0;0;14;12
37806;2260;218;14;12;0;0;14;12
37857;2280;218;14;12;0;0;14;12
37912;2300;218;14;12;0;0;14;12
37969;2320;218;14;12;0;0;14;12
38263;2340;218;14;12;0;0;14;12
38272;2360;218;14;12;0;0;14;12
38281;2380;218;14;12;0;0;14;12
38283;2400;218;14;12;0;0;14;12
38289;2420;218;14;12;0;0;14;12
38291;2440;218;14;12;0;0;14;12
38306;2460;218;14;12;0;0;14;12
38307;2480;218;14;12;0;0;14;12
38309;2500;218;14;12;0;0;14;12
38322;2520;218;14;12;0;0;14;12
38343;2540;218;14;12;0;0;14;12
38360;2560;218;14;12;0;0;14;12
38428;2580;218;14;12;0;0;14;12
38442;2600;218;14;12;0;0;14;12
38450;2620;218;14;12;0;0;14;12
38459;2640;218;14;12;0;0;14;12
38468;2660;218;14;12;0;0;14;12
38477;2680;218;14;12;0;0;14;12
38480;2700;218;14;12;0;0;14;12
38491;2720;218;14;12;0;0;14;12
38498;2740;218;14;12;0;0;14;12
38499;2760;218;14;12;0;0;14;12
38500;2780;218;14;12;0;0;14;12
38501;2800;218;14;12;0;0;14;12
38506;2820;218;14;12;0;0;14;12
38512;2840;218;14;12;0;0;14;12
38515;2860;218;14;12;0;0;14;12
38517;2880;218;14;12;0;0;14;12
38518;2900;218;14;12;0;0;14;12
38520;2920;218;14;12;0;0;14;12
38522;2940;218;14;12;0;0;14;12
38525;2960;218;14;12;0;0;14;12
38533;2980;218;14;12;0;0;14;12
38534;3000;218;14;12;0;0;14;12
38538;3020;218;14;12;0;0;14;12
38542;3040;218;14;12;0;0;14;12
38543;3060;218;14;12;0;0;14;12
38548;3080;218;14;12;0;0;14;12
38553;3100;218;14;12;0;0;14;12
38555;3120;218;14;12;0;0;14;12
38556;3140;218;14;12;0;0;14;12
38560;3160;218;14;12;0;0;14;12
38563;3180;218;14;12;0;0;14;12
38583;3200;218;14;12;0;0;14;12
38587;3220;218;14;12;0;0;14;12
38596;3240;218;14;12;0;0;14;12
38597;3260;218;14;12;0;0;14;12
38598;3280;218;14;12;0;0;14;12
38599;3300;218;14;12;0;0;14;12
38604;3320;218;14;12;0;0;14;12
38609;3340;218;14;12;0;0;14;12
38626;3360;218;14;12;0;0;14;12
38627;3380;218;14;12;0;0;14;12
38632;3400;218;14;12;0;0;14;12
38634;3420;218;14;12;0;0;14;12
38640;3440;218;14;12;0;0;14;12
38642;3460;218;14;12;0;0;14;12
38646;3480;218;14;12;0;0;14;12
38647;3500;218;14;12;0;0;14;12
38651;3520;218;14;12;0;0;14;12
38656;3540;218;14;12;0;0;14;12
38663;3560;218;14;12;0;0;14;12
38666;3580;218;14;12;0;0;14;12
38684;3600;218;14;12;0;0;14;12
38695;3620;218;14;12;0;0;14;12
38706;3640;218;14;12;0;0;14;12
38738;3660;218;14;12;0;0;14;12
38745;3680;218;14;12;0;0;14;12
38750;3700;218;14;12;0;0;14;12
38754;3720;218;14;12;0;0;14;12
38761;3740;218;14;12;0;0;14;12
38772;3760;218;14;12;0;0;14;12
38867;3780;218;14;12;0;0;14;12
38899;3800;218;14;12;0;0;14;12
38907;3820;218;14;12;0;0;14;12
38911;3840;218;14;12;0;0;14;12
38914;3860;218;14;12;0;0;14;12
38915;3880;218;14;12;0;0;14;12
38917;3900;218;14;12;0;0;14;12
38918;3920;218;14;12;0;0;14;12
38920;3940;218;14;12;0;0;14;12
38928;3960;218;14;12;0;0;14;12
38929;3980;218;14;12;0;0;14;12
38930;4000;218;14;12;0;0;14;12
38931;4020;218;14;12;0;0;14;12
38936;4040;218;14;12;0;0;14;12
38957;4060;218;14;12;0;0;14;12
38960;4080;218;14;12;0;0;14;12
38971;0;236;14;12;0;0;14;12
38972;20;236;14;12;0;0;14;12
38988;40;236;14;12;0;0;14;12
38989;60;236;14;12;0;0;14;12
38990;80;236;14;12;0;0;14;12
38996;100;236;14;12;0;0;14;12
38997;120;236;14;12;0;0;14;12
39000;140;236;14;12;0;0;14;12
39006;160;236;14;12;0;0;14;12
39015;180;236;14;12;0;0;14;12
39080;200;236;14;12;0;0;14;12
39131;220;236;14;12;0;0;14;12
39135;240;236;14;12;0;0;14;12
39138;260;236;14;12;0;0;14;12
39151;280;236;14;12;0;0;14;12
39154;300;236;14;12;0;0;14;12
39164;320;236;14;12;0;0;14;12
39165;340;236;14;12;0;0;14;12
39166;360;236;14;12;0;0;14;12
39173;380;236;14;12;0;0;14;12
39178;400;236;14;12;0;0;14;12
39180;420;236;14;12;0;0;14;12
39187;440;236;14;12;0;0;14;12
39208;460;236;14;12;0;0;14;12
39318;480;236;14;12;0;0;14;12
39321;500;236;14;12;0;0;14;12
39340;520;236;14;12;0;0;14;12
39364;540;236;14;12;0;0;14;12
39365;560;236;14;12;0;0;14;12
39366;580;236;14;12;0;0;14;12
39376;600;236;14;12;0;0;14;12
39378;620;236;14;12;0;0;14;12
39438;640;236;14;12;0;0;14;12
39442;660;236;14;12;0;0;14;12
39443;680;236;14;12;0;0;14;12
39472;700;236;14;12;0;0;14;12
39514;720;236;14;12;0;0;14;12
39592;740;236;14;12;0;0;14;12
39608;760;236;14;12;0;0;14;12
39620;780;236;14;12;0;0;14;12
39640;800;236;14;12;0;0;14;12
39658;820;236;14;12;0;0;14;12
39729;840;236;14;12;0;0;14;12
39740;860;236;14;12;0;0;14;12
39746;880;236;14;12;0;0;14;12
39749;900;236;14;12;0;0;14;12
39764;920;236;14;12;0;0;14;12
39770;940;236;14;12;0;0;14;12
39854;960;236;14;12;0;0;14;12
39912;980;236;14;12;0;0;14;12
40165;1000;236;14;12;0;0;14;12
40180;1020;236;14;12;0;0;14;12
40335;1040;236;14;12;0;0;14;12
40372;1060;236;14;12;0;0;14;12
40575;1080;236;14;12;0;0;14;12
40595;1100;236;14;12;0;0;14;12
40599;1120;236;14;12;0;0;14;12
40614;1140;236;14;12;0;0;14;12
40634;1160;236;14;12;0;0;14;12
40635;1180;236;14;12;0;0;14;12
40644;1200;236;14;12;0;0;14;12
40658;1220;236;14;12;0;0;14;12
40665;1240;236;14;12;0;0;14;12
40723;1260;236;14;12;0;0;14;12
40763;1280;236;14;12;0;0;14;12
40802;1300;236;14;12;0;0;14;12
65381;1320;236;14;12;0;0;14;12
65382;1340;236;14;12;0;0;14;12
65383;1360;236;14;12;0;0;14;12
65384;1380;236;14;12;0;0;14;12
65385;1400;236;14;12;0;0;14;12
65386;1420;236;14;12;0;0;14;12
65387;1440;236;14;12;0;0;14;12
65388;1460;236;14;12;0;0;14;12
65389;1480;236;14;12;0;0;14;12
65390;1500;236;14;12;0;0;14;12
65391;1520;236;14;12;0;0;14;12
65392;1540;236;14;12;0;0;14;12
65393;1560;236;14;12;0;0;14;12
65394;1580;236;14;12;0;0;14;12
65395;1600;236;14;12;0;0;14;12
65396;1620;236;14;12;0;0;14;12
65397;1640;236;14;12;0;0;14;12
65398;1660;236;14;12;0;0;14;12
65399;1680;236;14;12;0;0;14;12
65400;1700;236;14;12;0;0;14;12
65401;1720;236;14;12;0;0;14;12
65402;1740;236;14;12;0;0;14;12
65403;1760;236;14;12;0;0;14;12
65404;1780;236;14;12;0;0;14;12
65405;1800;236;14;12;0;0;14;12
65406;1820;236;14;12;0;0;14;12
65407;1840;236;14;12;0;0;14;12
65408;1860;236;14;12;0;0;14;12
65409;1880;236;14;12;0;0;14;12
65410;1900;236;14;12;0;0;14;12
65411;1920;236;14;12;0;0;14;12
65412;1940;236;14;12;0;0;14;12
65413;1960;236;14;12;0;0;14;12
65414;1980;236;14;12;0;0;14;12
65415;2000;236;14;12;0;0;14;12
65416;2020;236;14;12;0;0;14;12
65417;2040;236;14;12;0;0;14;12
65418;2060;236;14;12;0;0;14;12
65419;2080;236;14;12;0;0;14;12
65420;2100;236;14;12;0;0;14;12
65421;2120;236;14;12;0;0;14;12
65422;2140;236;14;12;0;0;14;12
65423;2160;236;14;12;0;0;14;12
65424;2180;236;14;12;0;0;14;12
65425;2200;236;14;12;0;0;14;12
65426;2220;236;14;12;0;0;14;12
65427;2240;236;14;12;0;0;14;12
65428;2260;236;14;12;0;0;14;12
65429;2280;236;14;12;0;0;14;12
65430;2300;236;14;12;0;0;14;12
65431;2320;236;14;12;0;0;14;12
65432;2340;236;14;12;0;0;14;12
65433;2360;236;14;12;0;0;14;12
65434;2380;236;14;12;0;0;14;12
65435;2400;236;14;12;0;0;14;12
65436;2420;236;14;12;0;0;14;12
65437;2440;236;14;12;0;0;14;12
65438;2460;236;14;12;0;0;14;12
65439;2480;236;14;12;0;0;14;12
65281;0;254;14;12;0;0;14;12
65283;20;254;14;12;0;0;14;12
65284;40;254;14;12;0;0;14;12
65285;60;254;14;12;0;0;14;12
65288;80;254;13;12;0;0;13;12
65289;99;254;13;12;0;0;13;12
65292;118;254;14;12;0;0;14;12
65296;138;254;14;12;0;0;14;12
65297;158;254;14;12;0;0;14;12
65298;178;254;14;12;0;0;14;12
65299;198;254;14;12;0;0;14;12
65300;218;254;14;12;0;0;14;12
65301;238;254;14;12;0;0;14;12
65302;258;254;14;12;0;0;14;12
65303;278;254;14;12;0;0;14;12
65304;298;254;14;12;0;0;14;12
65305;318;254;14;12;0;0;14;12
65306;338;254;14;12;0;0;14;12
65307;358;254;14;12;0;0;14;12
65311;378;254;14;12;0;0;14;12
65371;398;254;14;12;0;0;14;12
65373;418;254;14;12;0;0;14;12
65374;438;254;14;12;0;0;14;12
65509;458;254;14;12;0;0;14;12
