16;-0.5;0.5;14
32;0;0;8;14;0;0;8;14
33;14;0;8;14;0;0;8;14
34;28;0;8;14;0;0;8;14
35;42;0;8;14;0;0;8;14
36;56;0;8;14;0;0;8;14
37;70;0;8;14;0;0;8;14
38;84;0;8;14;0;0;8;14
39;98;0;8;14;0;0;8;14
40;112;0;8;14;0;0;8;14
41;126;0;8;14;0;0;8;14
42;140;0;8;14;0;0;8;14
43;154;0;8;14;0;0;8;14
44;168;0;8;14;0;0;8;14
45;182;0;8;14;0;0;8;14
46;196;0;8;14;0;0;8;14
47;210;0;8;14;0;0;8;14
48;224;0;8;14;0;0;8;14
49;238;0;8;14;0;0;8;14
50;252;0;8;14;0;0;8;14
51;266;0;8;14;0;0;8;14
52;280;0;8;14;0;0;8;14
53;294;0;8;14;0;0;8;14
54;308;0;8;14;0;0;8;14
55;322;0;8;14;0;0;8;14
56;336;0;8;14;0;0;8;14
57;350;0;8;14;0;0;8;14
58;364;0;8;14;0;0;8;14
59;378;0;8;14;0;0;8;14
60;392;0;8;14;0;0;8;14
61;406;0;8;14;0;0;8;14
62;420;0;8;14;0;0;8;14
63;434;0;8;14;0;0;8;14
64;448;0;8;14;0;0;8;14
65;462;0;8;14;0;0;8;14
66;476;0;8;14;0;0;8;14
67;490;0;8;14;0;0;8;14
68;504;0;8;14;0;0;8;14
69;518;0;8;14;0;0;8;14
70;532;0;8;14;0;0;8;14
71;546;0;8;14;0;0;8;14
72;560;0;8;14;0;0;8;14
73;574;0;8;14;0;0;8;14
74;588;0;8;14;0;0;8;14
75;602;0;8;14;0;0;8;14
76;616;0;8;14;0;0;8;14
77;630;0;8;14;0;0;8;14
78;644;0;8;14;0;0;8;14
79;658;0;8;14;0;0;8;14
80;672;0;8;14;0;0;8;14
81;686;0;8;14;0;0;8;14
82;700;0;8;14;0;0;8;14
83;714;0;8;14;0;0;8;14
84;728;0;8;14;0;0;8;14
85;742;0;8;14;0;0;8;14
86;756;0;8;14;0;0;8;14
87;770;0;8;14;0;0;8;14
88;784;0;8;14;0;0;8;14
89;798;0;8;14;0;0;8;14
90;812;0;8;14;0;0;8;14
91;826;0;8;14;0;0;8;14
92;840;0;8;14;0;0;8;14
93;854;0;8;14;0;0;8;14
94;868;0;8;14;0;0;8;14
95;882;0;8;14;0;0;8;14
96;896;0;8;14;0;0;8;14
97;910;0;8;14;0;0;8;14
98;924;0;8;14;0;0;8;14
99;938;0;8;14;0;0;8;14
100;952;0;8;14;0;0;8;14
101;966;0;8;14;0;0;8;14
102;980;0;8;14;0;0;8;14
103;994;0;8;14;0;0;8;14
104;1008;0;8;14;0;0;8;14
105;1022;0;8;14;0;0;8;14
106;1036;0;8;14;0;0;8;14
107;1050;0;8;14;0;0;8;14
108;1064;0;8;14;0;0;8;14
109;1078;0;8;14;0;0;8;14
110;1092;0;8;14;0;0;8;14
111;1106;0;8;14;0;0;8;14
112;1120;0;8;14;0;0;8;14
113;1134;0;8;14;0;0;8;14
114;1148;0;8;14;0;0;8;14
115;1162;0;8;14;0;0;8;14
116;1176;0;8;14;0;0;8;14
117;1190;0;8;14;0;0;8;14
118;1204;0;8;14;0;0;8;14
119;1218;0;8;14;0;0;8;14
120;1232;0;8;14;0;0;8;14
121;1246;0;8;14;0;0;8;14
122;1260;0;8;14;0;0;8;14
123;1274;0;8;14;0;0;8;14
124;1288;0;8;14;0;0;8;14
125;1302;0;8;14;0;0;8;14
126;1316;0;8;14;0;0;8;14
161;1330;0;8;14;0;0;8;14
162;1344;0;8;14;0;0;8;14
163;1358;0;8;14;0;0;8;14
164;1372;0;8;14;0;0;8;14
165;1386;0;8;14;0;0;8;14
166;1400;0;8;14;0;0;8;14
167;1414;0;8;14;0;0;8;14
168;1428;0;8;14;0;0;8;14
169;1442;0;8;14;0;0;8;14
170;1456;0;8;14;0;0;8;14
171;1470;0;8;14;0;0;8;14
172;1484;0;8;14;0;0;8;14
173;1498;0;8;14;0;0;8;14
174;1512;0;8;14;0;0;8;14
175;1526;0;8;14;0;0;8;14
176;1540;0;8;14;0;0;8;14
177;1554;0;8;14;0;0;8;14
178;1568;0;8;14;0;0;8;14
179;1582;0;8;14;0;0;8;14
180;1596;0;8;14;0;0;8;14
181;1610;0;8;14;0;0;8;14
182;1624;0;8;14;0;0;8;14
183;1638;0;15;14;0;0;15;14
184;1659;0;8;14;0;0;8;14
185;1673;0;8;14;0;0;8;14
186;1687;0;8;14;0;0;8;14
187;1701;0;8;14;0;0;8;14
188;1715;0;8;14;0;0;8;14
189;1729;0;8;14;0;0;8;14
190;1743;0;8;14;0;0;8;14
191;1757;0;8;14;0;0;8;14
192;1771;0;8;14;0;0;8;14
193;1785;0;8;14;0;0;8;14
194;1799;0;8;14;0;0;8;14
195;1813;0;8;14;0;0;8;14
196;1827;0;8;14;0;0;8;14
197;1841;0;8;14;0;0;8;14
198;1855;0;8;14;0;0;8;14
199;1869;0;8;14;0;0;8;14
200;1883;0;8;14;0;0;8;14
201;1897;0;8;14;0;0;8;14
202;1911;0;8;14;0;0;8;14
203;1925;0;8;14;0;0;8;14
204;1939;0;8;14;0;0;8;14
205;1953;0;8;14;0;0;8;14
206;1967;0;8;14;0;0;8;14
207;1981;0;8;14;0;0;8;14
208;1995;0;8;14;0;0;8;14
209;2009;0;8;14;0;0;8;14
210;2023;0;8;14;0;0;8;14
211;2037;0;8;14;0;0;8;14
212;2051;0;8;14;0;0;8;14
213;2065;0;8;14;0;0;8;14
214;2079;0;8;14;0;0;8;14
215;2093;0;8;14;0;0;8;14
216;2107;0;8;14;0;0;8;14
217;2121;0;8;14;0;0;8;14
218;2135;0;8;14;0;0;8;14
219;2149;0;8;14;0;0;8;14
220;2163;0;8;14;0;0;8;14
221;2177;0;8;14;0;0;8;14
222;2191;0;8;14;0;0;8;14
223;2205;0;8;14;0;0;8;14
224;2219;0;8;14;0;0;8;14
225;2233;0;8;14;0;0;8;14
226;2247;0;8;14;0;0;8;14
227;2261;0;8;14;0;0;8;14
228;2275;0;8;14;0;0;8;14
229;2289;0;8;14;0;0;8;14
230;2303;0;8;14;0;0;8;14
231;2317;0;8;14;0;0;8;14
232;2331;0;8;14;0;0;8;14
233;2345;0;8;14;0;0;8;14
234;2359;0;8;14;0;0;8;14
235;2373;0;8;14;0;0;8;14
236;2387;0;8;14;0;0;8;14
237;2401;0;8;14;0;0;8;14
238;2415;0;8;14;0;0;8;14
239;2429;0;8;14;0;0;8;14
240;2443;0;8;14;0;0;8;14
241;2457;0;8;14;0;0;8;14
242;2471;0;8;14;0;0;8;14
243;2485;0;8;14;0;0;8;14
244;2499;0;8;14;0;0;8;14
245;2513;0;8;14;0;0;8;14
246;2527;0;8;14;0;0;8;14
247;2541;0;8;14;0;0;8;14
248;2555;0;8;14;0;0;8;14
249;2569;0;8;14;0;0;8;14
250;2583;0;8;14;0;0;8;14
251;2597;0;8;14;0;0;8;14
252;2611;0;8;14;0;0;8;14
253;2625;0;8;14;0;0;8;14
254;2639;0;8;14;0;0;8;14
255;2653;0;8;14;0;0;8;14
916;2667;0;9;14;0;0;9;14
960;2682;0;8;14;0;0;8;14
8212;0;20;15;12;0;0;15;12
8216;21;20;6;12;0;0;6;12
8217;33;20;6;12;0;0;6;12
8220;45;20;10;12;0;0;10;12
8221;61;20;10;12;0;0;10;12
8230;77;20;15;12;0;0;15;12
8592;98;20;15;12;0;0;15;12
8593;119;20;15;12;0;0;15;12
8594;140;20;15;12;0;0;15;12
8595;161;20;15;12;0;0;15;12
8734;182;20;25;12;0;0;25;12
9320;213;20;15;12;0;0;15;12
12288;234;20;15;12;0;0;15;12
12289;255;20;15;12;0;0;15;12
12290;276;20;15;12;0;0;15;12
12298;297;20;15;12;0;0;15;12
12299;318;20;15;12;0;0;15;12
12300;339;20;15;12;0;0;15;12
12301;360;20;15;12;0;0;15;12
12302;381;20;15;12;0;0;15;12
12303;402;20;15;12;0;0;15;12
12304;423;20;15;12;0;0;15;12
12305;444;20;15;12;0;0;15;12
12308;465;20;15;12;0;0;15;12
12309;486;20;15;12;0;0;15;12
12310;507;20;15;12;0;0;15;12
12311;528;20;15;12;0;0;15;12
12353;0;38;15;12;0;0;15;12
12354;21;38;15;12;0;0;15;12
12355;42;38;15;12;0;0;15;12
12356;63;38;15;12;0;0;15;12
12357;84;38;15;12;0;0;15;12
12358;105;38;15;12;0;0;15;12
12359;126;38;15;12;0;0;15;12
12360;147;38;15;12;0;0;15;12
12361;168;38;15;12;0;0;15;12
12362;189;38;15;12;0;0;15;12
12363;210;38;15;12;0;0;15;12
12364;231;38;15;12;0;0;15;12
12365;252;38;15;12;0;0;15;12
12366;273;38;15;12;0;0;15;12
12367;294;38;15;12;0;0;15;12
12368;315;38;15;12;0;0;15;12
12369;336;38;15;12;0;0;15;12
12370;357;38;15;12;0;0;15;12
12371;378;38;15;12;0;0;15;12
12372;399;38;15;12;0;0;15;12
12373;420;38;15;12;0;0;15;12
12374;441;38;15;12;0;0;15;12
12375;462;38;15;12;0;0;15;12
12376;483;38;15;12;0;0;15;12
12377;504;38;15;12;0;0;15;12
12378;525;38;15;12;0;0;15;12
12379;546;38;15;12;0;0;15;12
12380;567;38;15;12;0;0;15;12
12381;588;38;15;12;0;0;15;12
12382;609;38;15;12;0;0;15;12
12383;630;38;15;12;0;0;15;12
12384;651;38;15;12;0;0;15;12
12385;672;38;15;12;0;0;15;12
12386;693;38;15;12;0;0;15;12
12387;714;38;15;12;0;0;15;12
12388;735;38;15;12;0;0;15;12
12389;756;38;15;12;0;0;15;12
12390;777;38;15;12;0;0;15;12
12391;798;38;15;12;0;0;15;12
12392;819;38;15;12;0;0;15;12
12393;840;38;15;12;0;0;15;12
12394;861;38;15;12;0;0;15;12
12395;882;38;15;12;0;0;15;12
12396;903;38;15;12;0;0;15;12
12397;924;38;15;12;0;0;15;12
12398;945;38;15;12;0;0;15;12
12399;966;38;15;12;0;0;15;12
12400;987;38;15;12;0;0;15;12
12401;1008;38;15;12;0;0;15;12
12402;1029;38;15;12;0;0;15;12
12403;1050;38;15;12;0;0;15;12
12404;1071;38;15;12;0;0;15;12
12405;1092;38;15;12;0;0;15;12
12406;1113;38;15;12;0;0;15;12
12407;1134;38;15;12;0;0;15;12
12408;1155;38;15;12;0;0;15;12
12409;1176;38;15;12;0;0;15;12
12410;1197;38;15;12;0;0;15;12
12411;1218;38;15;12;0;0;15;12
12412;1239;38;15;12;0;0;15;12
12413;1260;38;15;12;0;0;15;12
12414;1281;38;15;12;0;0;15;12
12415;1302;38;15;12;0;0;15;12
12416;1323;38;15;12;0;0;15;12
12417;1344;38;15;12;0;0;15;12
12418;1365;38;15;12;0;0;15;12
12419;1386;38;15;12;0;0;15;12
12420;1407;38;15;12;0;0;15;12
12421;1428;38;15;12;0;0;15;12
12422;1449;38;15;12;0;0;15;12
12423;1470;38;15;12;0;0;15;12
12424;1491;38;15;12;0;0;15;12
12425;1512;38;15;12;0;0;15;12
12426;1533;38;15;12;0;0;15;12
12427;1554;38;15;12;0;0;15;12
12428;1575;38;15;12;0;0;15;12
12429;1596;38;15;12;0;0;15;12
12430;1617;38;15;12;0;0;15;12
12431;1638;38;15;12;0;0;15;12
12432;1659;38;15;12;0;0;15;12
12433;1680;38;15;12;0;0;15;12
12434;1701;38;15;12;0;0;15;12
12435;1722;38;15;12;0;0;15;12
12436;1743;38;15;12;0;0;15;12
12437;1764;38;15;12;0;0;15;12
12438;1785;38;15;12;0;0;15;12
12443;1806;38;15;12;0;0;15;12
12444;1827;38;15;12;0;0;15;12
12445;1848;38;15;12;0;0;15;12
12446;1869;38;15;12;0;0;15;12
12448;1890;38;15;12;0;0;15;12
12449;1911;38;15;12;0;0;15;12
12450;1932;38;15;12;0;0;15;12
12451;1953;38;15;12;0;0;15;12
12452;1974;38;15;12;0;0;15;12
12453;1995;38;15;12;0;0;15;12
12454;2016;38;15;12;0;0;15;12
12455;2037;38;15;12;0;0;15;12
12456;2058;38;15;12;0;0;15;12
12457;2079;38;15;12;0;0;15;12
12458;2100;38;15;12;0;0;15;12
12459;2121;38;15;12;0;0;15;12
12460;2142;38;15;12;0;0;15;12
12461;2163;38;15;12;0;0;15;12
12462;2184;38;15;12;0;0;15;12
12463;2205;38;15;12;0;0;15;12
12464;2226;38;15;12;0;0;15;12
12465;2247;38;15;12;0;0;15;12
12466;2268;38;15;12;0;0;15;12
12467;2289;38;15;12;0;0;15;12
12468;2310;38;15;12;0;0;15;12
12469;2331;38;15;12;0;0;15;12
12470;2352;38;15;12;0;0;15;12
12471;2373;38;15;12;0;0;15;12
12472;2394;38;15;12;0;0;15;12
12473;2415;38;15;12;0;0;15;12
12474;2436;38;15;12;0;0;15;12
12475;2457;38;15;12;0;0;15;12
12476;2478;38;15;12;0;0;15;12
12477;2499;38;15;12;0;0;15;12
12478;2520;38;15;12;0;0;15;12
12479;2541;38;15;12;0;0;15;12
12480;2562;38;15;12;0;0;15;12
12481;2583;38;15;12;0;0;15;12
12482;2604;38;15;12;0;0;15;12
12483;2625;38;15;12;0;0;15;12
12484;2646;38;15;12;0;0;15;12
12485;2667;38;15;12;0;0;15;12
12486;2688;38;15;12;0;0;15;12
12487;2709;38;15;12;0;0;15;12
12488;2730;38;15;12;0;0;15;12
12489;2751;38;15;12;0;0;15;12
12490;2772;38;15;12;0;0;15;12
12491;2793;38;15;12;0;0;15;12
12492;2814;38;15;12;0;0;15;12
12493;2835;38;15;12;0;0;15;12
12494;2856;38;15;12;0;0;15;12
12495;2877;38;15;12;0;0;15;12
12496;2898;38;15;12;0;0;15;12
12497;2919;38;15;12;0;0;15;12
12498;2940;38;15;12;0;0;15;12
12499;2961;38;15;12;0;0;15;12
12500;2982;38;15;12;0;0;15;12
12501;3003;38;15;12;0;0;15;12
12502;3024;38;15;12;0;0;15;12
12503;3045;38;15;12;0;0;15;12
12504;3066;38;15;12;0;0;15;12
12505;3087;38;15;12;0;0;15;12
12506;3108;38;15;12;0;0;15;12
12507;3129;38;15;12;0;0;15;12
12508;3150;38;15;12;0;0;15;12
12509;3171;38;15;12;0;0;15;12
12510;3192;38;15;12;0;0;15;12
12511;3213;38;15;12;0;0;15;12
12512;3234;38;15;12;0;0;15;12
12513;3255;38;15;12;0;0;15;12
12514;3276;38;15;12;0;0;15;12
12515;3297;38;15;12;0;0;15;12
12516;3318;38;15;12;0;0;15;12
12517;3339;38;15;12;0;0;15;12
12518;3360;38;15;12;0;0;15;12
12519;3381;38;15;12;0;0;15;12
12520;3402;38;15;12;0;0;15;12
12521;3423;38;15;12;0;0;15;12
12522;3444;38;15;12;0;0;15;12
12523;3465;38;15;12;0;0;15;12
12524;3486;38;15;12;0;0;15;12
12525;3507;38;15;12;0;0;15;12
12526;3528;38;15;12;0;0;15;12
12527;3549;38;15;12;0;0;15;12
12528;3570;38;15;12;0;0;15;12
12529;3591;38;15;12;0;0;15;12
12530;3612;38;15;12;0;0;15;12
12531;3633;38;15;12;0;0;15;12
12532;3654;38;15;12;0;0;15;12
12533;3675;38;15;12;0;0;15;12
12534;3696;38;15;12;0;0;15;12
12535;3717;38;15;12;0;0;15;12
12536;3738;38;15;12;0;0;15;12
12537;3759;38;15;12;0;0;15;12
12538;3780;38;15;12;0;0;15;12
12539;3801;38;15;12;0;0;15;12
12540;3822;38;15;12;0;0;15;12
12541;3843;38;15;12;0;0;15;12
12542;3864;38;15;12;0;0;15;12
17868;3885;38;15;12;0;0;15;12
19968;3906;38;15;12;0;0;15;12
19969;3927;38;15;12;0;0;15;12
19971;3948;38;15;12;0;0;15;12
19975;3969;38;15;12;0;0;15;12
19976;3990;38;15;12;0;0;15;12
19977;4011;38;15;12;0;0;15;12
19978;4032;38;15;12;0;0;15;12
19979;4053;38;15;12;0;0;15;12
19981;4074;38;15;12;0;0;15;12
19982;0;56;15;12;0;0;15;12
19988;21;56;15;12;0;0;15;12
19990;42;56;15;12;0;0;15;12
19992;63;56;15;12;0;0;15;12
19993;84;56;15;12;0;0;15;12
20001;105;56;15;12;0;0;15;12
20006;126;56;15;12;0;0;15;12
20013;147;56;15;12;0;0;15;12
20018;168;56;15;12;0;0;15;12
20024;189;56;15;12;0;0;15;12
20025;210;56;15;12;0;0;15;12
20027;231;56;15;12;0;0;15;12
20028;252;56;15;12;0;0;15;12
20037;273;56;15;12;0;0;15;12
20047;294;56;15;12;0;0;15;12
20055;315;56;15;12;0;0;15;12
20057;336;56;15;12;0;0;15;12
20061;357;56;15;12;0;0;15;12
20062;378;56;15;12;0;0;15;12
20081;399;56;15;12;0;0;15;12
20083;420;56;15;12;0;0;15;12
20094;441;56;15;12;0;0;15;12
20096;462;56;15;12;0;0;15;12
20102;483;56;15;12;0;0;15;12
20104;504;56;15;12;0;0;15;12
20105;525;56;15;12;0;0;15;12
20107;546;56;15;12;0;0;15;12
20108;567;56;15;12;0;0;15;12
20114;588;56;15;12;0;0;15;12
20116;609;56;15;12;0;0;15;12
20117;630;56;15;12;0;0;15;12
20124;651;56;15;12;0;0;15;12
20129;672;56;15;12;0;0;15;12
20132;693;56;15;12;0;0;15;12
20139;714;56;15;12;0;0;15;12
20140;735;56;15;12;0;0;15;12
20141;756;56;15;12;0;0;15;12
20154;777;56;15;12;0;0;15;12
20161;798;56;15;12;0;0;15;12
20170;819;56;15;12;0;0;15;12
20171;840;56;15;12;0;0;15;12
20175;861;56;15;12;0;0;15;12
20181;882;56;15;12;0;0;15;12
20182;903;56;15;12;0;0;15;12
20184;924;56;15;12;0;0;15;12
20185;945;56;15;12;0;0;15;12
20195;966;56;15;12;0;0;15;12
20196;987;56;15;12;0;0;15;12
20197;1008;56;15;12;0;0;15;12
20206;1029;56;15;12;0;0;15;12
20208;1050;56;15;12;0;0;15;12
20210;1071;56;15;12;0;0;15;12
20214;1092;56;15;12;0;0;15;12
20219;1113;56;15;12;0;0;15;12
20225;1134;56;15;12;0;0;15;12
20238;1155;56;15;12;0;0;15;12
20239;1176;56;15;12;0;0;15;12
20240;1197;56;15;12;0;0;15;12
20241;1218;56;15;12;0;0;15;12
20250;1239;56;15;12;0;0;15;12
20253;1260;56;15;12;0;0;15;12
20271;1281;56;15;12;0;0;15;12
20276;1302;56;15;12;0;0;15;12
20280;1323;56;15;12;0;0;15;12
20282;1344;56;15;12;0;0;15;12
20284;1365;56;15;12;0;0;15;12
20294;1386;56;15;12;0;0;15;12
20301;1407;56;15;12;0;0;15;12
20302;1428;56;15;12;0;0;15;12
20303;1449;56;15;12;0;0;15;12
20304;1470;56;15;12;0;0;15;12
20307;1491;56;15;12;0;0;15;12
20309;1512;56;15;12;0;0;15;12
20313;1533;56;15;12;0;0;15;12
20316;1554;56;15;12;0;0;15;12
20339;1575;56;15;12;0;0;15;12
20341;1596;56;15;12;0;0;15;12
20351;1617;56;15;12;0;0;15;12
20363;1638;56;15;12;0;0;15;12
20365;1659;56;15;12;0;0;15;12
20379;1680;56;15;12;0;0;15;12
20381;1701;56;15;12;0;0;15;12
20385;1722;56;15;12;0;0;15;12
20398;1743;56;15;12;0;0;15;12
20399;1764;56;15;12;0;0;15;12
20405;1785;56;15;12;0;0;15;12
20406;1806;56;15;12;0;0;15;12
20415;1827;56;15;12;0;0;15;12
20418;1848;56;15;12;0;0;15;12
20419;1869;56;15;12;0;0;15;12
20426;1890;56;15;12;0;0;15;12
20439;1911;56;15;12;0;0;15;12
20445;1932;56;15;12;0;0;15;12
20449;1953;56;15;12;0;0;15;12
20462;1974;56;15;12;0;0;15;12
20467;1995;56;15;12;0;0;15;12
20469;2016;56;15;12;0;0;15;12
20472;2037;56;15;12;0;0;15;12
20474;2058;56;15;12;0;0;15;12
20489;2079;56;15;12;0;0;15;12
20491;2100;56;15;12;0;0;15;12
20493;2121;56;15;12;0;0;15;12
20498;2142;56;15;12;0;0;15;12
20505;2163;56;15;12;0;0;15;12
20511;2184;56;15;12;0;0;15;12
20515;2205;56;15;12;0;0;15;12
20516;2226;56;15;12;0;0;15;12
20523;2247;56;15;12;0;0;15;12
20537;2268;56;15;12;0;0;15;12
20553;2289;56;15;12;0;0;15;12
20559;2310;56;15;12;0;0;15;12
20572;2331;56;15;12;0;0;15;12
20581;2352;56;15;12;0;0;15;12
20596;2373;56;15;12;0;0;15;12
20597;2394;56;15;12;0;0;15;12
20598;2415;56;15;12;0;0;15;12
20605;2436;56;15;12;0;0;15;12
20621;2457;56;15;12;0;0;15;12
20625;2478;56;15;12;0;0;15;12
20632;2499;56;15;12;0;0;15;12
20633;2520;56;15;12;0;0;15;12
20652;2541;56;15;12;0;0;15;12
20658;2562;56;15;12;0;0;15;12
20661;2583;56;15;12;0;0;15;12
20663;2604;56;15;12;0;0;15;12
20670;2625;56;15;12;0;0;15;12
20677;2646;56;15;12;0;0;15;12
20685;2667;56;15;12;0;0;15;12
20687;2688;56;15;12;0;0;15;12
20693;2709;56;15;12;0;0;15;12
20698;2730;56;15;12;0;0;15;12
20711;2751;56;15;12;0;0;15;12
20736;2772;56;15;12;0;0;15;12
20740;2793;56;15;12;0;0;15;12
20754;2814;56;15;12;0;0;15;12
20767;2835;56;15;12;0;0;15;12
20778;2856;56;15;12;0;0;15;12
20803;2877;56;15;12;0;0;15;12
20804;2898;56;15;12;0;0;15;12
20805;2919;56;15;12;0;0;15;12
20806;2940;56;15;12;0;0;15;12
20808;2961;56;15;12;0;0;15;12
20809;2982;56;15;12;0;0;15;12
20811;3003;56;15;12;0;0;15;12
20813;3024;56;15;12;0;0;15;12
20816;3045;56;15;12;0;0;15;12
20826;3066;56;15;12;0;0;15;12
20837;3087;56;15;12;0;0;15;12
20840;3108;56;15;12;0;0;15;12
20843;3129;56;15;12;0;0;15;12
20844;3150;56;15;12;0;0;15;12
20845;3171;56;15;12;0;0;15;12
20849;3192;56;15;12;0;0;15;12
20853;3213;56;15;12;0;0;15;12
20855;3234;56;15;12;0;0;15;12
20856;3255;56;15;12;0;0;15;12
20860;3276;56;15;12;0;0;15;12
20869;3297;56;15;12;0;0;15;12
20870;3318;56;15;12;0;0;15;12
20874;3339;56;15;12;0;0;15;12
20877;3360;56;15;12;0;0;15;12
20882;3381;56;15;12;0;0;15;12
20887;3402;56;15;12;0;0;15;12
20889;3423;56;15;12;0;0;15;12
20896;3444;56;15;12;0;0;15;12
20901;3465;56;15;12;0;0;15;12
20908;3486;56;15;12;0;0;15;12
20918;3507;56;15;12;0;0;15;12
20919;3528;56;15;12;0;0;15;12
20932;3549;56;15;12;0;0;15;12
20934;3570;56;15;12;0;0;15;12
20941;3591;56;15;12;0;0;15;12
20957;3612;56;15;12;0;0;15;12
20961;3633;56;15;12;0;0;15;12
20966;3654;56;15;12;0;0;15;12
20982;3675;56;15;12;0;0;15;12
20984;3696;56;15;12;0;0;15;12
20985;3717;56;15;12;0;0;15;12
20986;3738;56;15;12;0;0;15;12
20992;3759;56;15;12;0;0;15;12
20995;3780;56;15;12;0;0;15;12
20998;3801;56;15;12;0;0;15;12
20999;3822;56;15;12;0;0;15;12
21000;3843;56;15;12;0;0;15;12
21002;3864;56;15;12;0;0;15;12
21009;3885;56;15;12;0;0;15;12
21015;3906;56;15;12;0;0;15;12
21021;3927;56;15;12;0;0;15;12
21028;3948;56;15;12;0;0;15;12
21029;3969;56;15;12;0;0;15;12
21033;3990;56;15;12;0;0;15;12
21040;4011;56;15;12;0;0;15;12
21046;4032;56;15;12;0;0;15;12
21047;4053;56;15;12;0;0;15;12
21048;4074;56;15;12;0;0;15;12
21049;0;74;15;12;0;0;15;12
21050;21;74;15;12;0;0;15;12
21051;42;74;15;12;0;0;15;12
21063;63;74;15;12;0;0;15;12
21066;84;74;15;12;0;0;15;12
21069;105;74;15;12;0;0;15;12
21078;126;74;15;12;0;0;15;12
21083;147;74;15;12;0;0;15;12
21085;168;74;15;12;0;0;15;12
21091;189;74;15;12;0;0;15;12
21092;210;74;15;12;0;0;15;12
21103;231;74;15;12;0;0;15;12
21104;252;74;15;12;0;0;15;12
21106;273;74;15;12;0;0;15;12
21109;294;74;15;12;0;0;15;12
21127;315;74;15;12;0;0;15;12
21147;336;74;15;12;0;0;15;12
21151;357;74;15;12;0;0;15;12
21152;378;74;15;12;0;0;15;12
21155;399;74;15;12;0;0;15;12
21161;420;74;15;12;0;0;15;12
21162;441;74;15;12;0;0;15;12
21169;462;74;15;12;0;0;15;12
21172;483;74;15;12;0;0;15;12
21177;504;74;15;12;0;0;15;12
21182;525;74;15;12;0;0;15;12
21187;546;74;15;12;0;0;15;12
21189;567;74;15;12;0;0;15;12
21191;588;74;15;12;0;0;15;12
21193;609;74;15;12;0;0;15;12
21205;630;74;15;12;0;0;15;12
21208;651;74;15;12;0;0;15;12
21209;672;74;15;12;0;0;15;12
21213;693;74;15;12;0;0;15;12
21215;714;74;15;12;0;0;15;12
21218;735;74;15;12;0;0;15;12
21220;756;74;15;12;0;0;15;12
21223;777;74;15;12;0;0;15;12
21234;798;74;15;12;0;0;15;12
21246;819;74;15;12;0;0;15;12
21250;840;74;15;12;0;0;15;12
21253;861;74;15;12;0;0;15;12
21270;882;74;15;12;0;0;15;12
21271;903;74;15;12;0;0;15;12
21280;924;74;15;12;0;0;15;12
21305;945;74;15;12;0;0;15;12
21306;966;74;15;12;0;0;15;12
21307;987;74;15;12;0;0;15;12
21311;1008;74;15;12;0;0;15;12
21313;1029;74;15;12;0;0;15;12
21315;1050;74;15;12;0;0;15;12
21319;1071;74;15;12;0;0;15;12
21320;1092;74;15;12;0;0;15;12
21322;1113;74;15;12;0;0;15;12
21329;1134;74;15;12;0;0;15;12
21330;1155;74;15;12;0;0;15;12
21331;1176;74;15;12;0;0;15;12
21332;1197;74;15;12;0;0;15;12
21335;1218;74;15;12;0;0;15;12
21336;1239;74;15;12;0;0;15;12
21338;1260;74;15;12;0;0;15;12
21344;1281;74;15;12;0;0;15;12
21360;1302;74;15;12;0;0;15;12
21361;1323;74;15;12;0;0;15;12
21363;1344;74;15;12;0;0;15;12
21364;1365;74;15;12;0;0;15;12
21365;1386;74;15;12;0;0;15;12
21368;1407;74;15;12;0;0;15;12
21380;1428;74;15;12;0;0;15;12
21400;1449;74;15;12;0;0;15;12
21402;1470;74;15;12;0;0;15;12
21407;1491;74;15;12;0;0;15;12
21427;1512;74;15;12;0;0;15;12
21435;1533;74;15;12;0;0;15;12
21442;1554;74;15;12;0;0;15;12
21448;1575;74;15;12;0;0;15;12
21450;1596;74;15;12;0;0;15;12
21451;1617;74;15;12;0;0;15;12
21452;1638;74;15;12;0;0;15;12
21453;1659;74;15;12;0;0;15;12
21454;1680;74;15;12;0;0;15;12
21460;1701;74;15;12;0;0;15;12
21462;1722;74;15;12;0;0;15;12
21463;1743;74;15;12;0;0;15;12
21465;1764;74;15;12;0;0;15;12
21475;1785;74;15;12;0;0;15;12
21476;1806;74;15;12;0;0;15;12
21477;1827;74;15;12;0;0;15;12
21483;1848;74;15;12;0;0;15;12
21484;1869;74;15;12;0;0;15;12
21487;1890;74;15;12;0;0;15;12
21488;1911;74;15;12;0;0;15;12
21490;1932;74;15;12;0;0;15;12
21491;1953;74;15;12;0;0;15;12
21495;1974;74;15;12;0;0;15;12
21496;1995;74;15;12;0;0;15;12
21508;2016;74;15;12;0;0;15;12
21512;2037;74;15;12;0;0;15;12
21513;2058;74;15;12;0;0;15;12
21516;2079;74;15;12;0;0;15;12
21517;2100;74;15;12;0;0;15;12
21518;2121;74;15;12;0;0;15;12
21519;2142;74;15;12;0;0;15;12
21520;2163;74;15;12;0;0;15;12
21521;2184;74;15;12;0;0;15;12
21531;2205;74;15;12;0;0;15;12
21535;2226;74;15;12;0;0;15;12
21542;2247;74;15;12;0;0;15;12
21547;2268;74;15;12;0;0;15;12
21560;2289;74;15;12;0;0;15;12
21561;2310;74;15;12;0;0;15;12
21570;2331;74;15;12;0;0;15;12
21576;2352;74;15;12;0;0;15;12
21577;2373;74;15;12;0;0;15;12
21578;2394;74;15;12;0;0;15;12
21608;2415;74;15;12;0;0;15;12
21610;2436;74;15;12;0;0;15;12
21619;2457;74;15;12;0;0;15;12
21628;2478;74;15;12;0;0;15;12
21629;2499;74;15;12;0;0;15;12
21644;2520;74;15;12;0;0;15;12
21682;2541;74;15;12;0;0;15;12
21693;2562;74;15;12;0;0;15;12
21696;2583;74;15;12;0;0;15;12
21697;2604;74;15;12;0;0;15;12
21729;2625;74;15;12;0;0;15;12
21746;2646;74;15;12;0;0;15;12
21754;2667;74;15;12;0;0;15;12
21764;2688;74;15;12;0;0;15;12
21766;2709;74;15;12;0;0;15;12
21767;2730;74;15;12;0;0;15;12
21776;2751;74;15;12;0;0;15;12
21807;2772;74;15;12;0;0;15;12
21809;2793;74;15;12;0;0;15;12
21822;2814;74;15;12;0;0;15;12
21830;2835;74;15;12;0;0;15;12
21839;2856;74;15;12;0;0;15;12
21843;2877;74;15;12;0;0;15;12
21892;2898;74;15;12;0;0;15;12
21897;2919;74;15;12;0;0;15;12
21914;2940;74;15;12;0;0;15;12
21916;2961;74;15;12;0;0;15;12
21917;2982;74;15;12;0;0;15;12
21929;3003;74;15;12;0;0;15;12
21930;3024;74;15;12;0;0;15;12
21931;3045;74;15;12;0;0;15;12
21942;3066;74;15;12;0;0;15;12
21957;3087;74;15;12;0;0;15;12
21987;3108;74;15;12;0;0;15;12
22022;3129;74;15;12;0;0;15;12
22065;3150;74;15;12;0;0;15;12
22066;3171;74;15;12;0;0;15;12
22120;3192;74;15;12;0;0;15;12
22132;3213;74;15;12;0;0;15;12
22151;3234;74;15;12;0;0;15;12
22234;3255;74;15;12;0;0;15;12
22235;3276;74;15;12;0;0;15;12
22238;3297;74;15;12;0;0;15;12
22240;3318;74;15;12;0;0;15;12
22243;3339;74;15;12;0;0;15;12
22256;3360;74;15;12;0;0;15;12
22258;3381;74;15;12;0;0;15;12
22259;3402;74;15;12;0;0;15;12
22266;3423;74;15;12;0;0;15;12
22269;3444;74;15;12;0;0;15;12
22287;3465;74;15;12;0;0;15;12
22290;3486;74;15;12;0;0;15;12
22303;3507;74;15;12;0;0;15;12
22311;3528;74;15;12;0;0;15;12
22312;3549;74;15;12;0;0;15;12
22320;3570;74;15;12;0;0;15;12
22338;3591;74;15;12;0;0;15;12
22343;3612;74;15;12;0;0;15;12
22346;3633;74;15;12;0;0;15;12
22353;3654;74;15;12;0;0;15;12
22378;3675;74;15;12;0;0;15;12
22402;3696;74;15;12;0;0;15;12
22411;3717;74;15;12;0;0;15;12
22435;3738;74;15;12;0;0;15;12
22475;3759;74;15;12;0;0;15;12
22478;3780;74;15;12;0;0;15;12
22495;3801;74;15;12;0;0;15;12
22519;3822;74;15;12;0;0;15;12
22521;3843;74;15;12;0;0;15;12
22522;3864;74;15;12;0;0;15;12
22524;3885;74;15;12;0;0;15;12
22528;3906;74;15;12;0;0;15;12
22530;3927;74;15;12;0;0;15;12
22533;3948;74;15;12;0;0;15;12
22534;3969;74;15;12;0;0;15;12
22549;3990;74;15;12;0;0;15;12
22564;4011;74;15;12;0;0;15;12
22570;4032;74;15;12;0;0;15;12
22577;4053;74;15;12;0;0;15;12
22580;4074;74;15;12;0;0;15;12
22592;0;92;15;12;0;0;15;12
22593;21;92;15;12;0;0;15;12
22602;42;92;15;12;0;0;15;12
22609;63;92;15;12;0;0;15;12
22612;84;92;15;12;0;0;15;12
22615;105;92;15;12;0;0;15;12
22618;126;92;15;12;0;0;15;12
22622;147;92;15;12;0;0;15;12
22625;168;92;15;12;0;0;15;12
22633;189;92;15;12;0;0;15;12
22654;210;92;15;12;0;0;15;12
22659;231;92;15;12;0;0;15;12
22675;252;92;15;12;0;0;15;12
22679;273;92;15;12;0;0;15;12
22684;294;92;15;12;0;0;15;12
22696;315;92;15;12;0;0;15;12
22707;336;92;15;12;0;0;15;12
22718;357;92;15;12;0;0;15;12
22721;378;92;15;12;0;0;15;12
22727;399;92;15;12;0;0;15;12
22730;420;92;15;12;0;0;15;12
22732;441;92;15;12;0;0;15;12
22763;462;92;15;12;0;0;15;12
22766;483;92;15;12;0;0;15;12
22768;504;92;15;12;0;0;15;12
22769;525;92;15;12;0;0;15;12
22770;546;92;15;12;0;0;15;12
22793;567;92;15;12;0;0;15;12
22799;588;92;15;12;0;0;15;12
22805;609;92;15;12;0;0;15;12
22806;630;92;15;12;0;0;15;12
22810;651;92;15;12;0;0;15;12
22812;672;92;15;12;0;0;15;12
22818;693;92;15;12;0;0;15;12
22823;714;92;15;12;0;0;15;12
22825;735;92;15;12;0;0;15;12
22826;756;92;15;12;0;0;15;12
22827;777;92;15;12;0;0;15;12
22830;798;92;15;12;0;0;15;12
22833;819;92;15;12;0;0;15;12
22855;840;92;15;12;0;0;15;12
22856;861;92;15;12;0;0;15;12
22857;882;92;15;12;0;0;15;12
22863;903;92;15;12;0;0;15;12
22865;924;92;15;12;0;0;15;12
22868;945;92;15;12;0;0;15;12
22885;966;92;15;12;0;0;15;12
22888;987;92;15;12;0;0;15;12
22890;1008;92;15;12;0;0;15;12
22894;1029;92;15;12;0;0;15;12
22899;1050;92;15;12;0;0;15;12
22900;1071;92;15;12;0;0;15;12
22909;1092;92;15;12;0;0;15;12
22914;1113;92;15;12;0;0;15;12
22915;1134;92;15;12;0;0;15;12
22916;1155;92;15;12;0;0;15;12
22922;1176;92;15;12;0;0;15;12
22934;1197;92;15;12;0;0;15;12
22937;1218;92;15;12;0;0;15;12
22949;1239;92;15;12;0;0;15;12
22952;1260;92;15;12;0;0;15;12
22956;1281;92;15;12;0;0;15;12
22969;1302;92;15;12;0;0;15;12
22971;1323;92;15;12;0;0;15;12
22985;1344;92;15;12;0;0;15;12
22987;1365;92;15;12;0;0;15;12
22995;1386;92;15;12;0;0;15;12
22996;1407;92;15;12;0;0;15;12
23019;1428;92;15;12;0;0;15;12
23035;1449;92;15;12;0;0;15;12
23039;1470;92;15;12;0;0;15;12
23041;1491;92;15;12;0;0;15;12
23064;1512;92;15;12;0;0;15;12
23072;1533;92;15;12;0;0;15;12
23087;1554;92;15;12;0;0;15;12
23110;1575;92;15;12;0;0;15;12
23130;1596;92;15;12;0;0;15;12
23142;1617;92;15;12;0;0;15;12
23167;1638;92;15;12;0;0;15;12
23186;1659;92;15;12;0;0;15;12
23195;1680;92;15;12;0;0;15;12
23233;1701;92;15;12;0;0;15;12
23241;1722;92;15;12;0;0;15;12
23244;1743;92;15;12;0;0;15;12
23265;1764;92;15;12;0;0;15;12
23330;1785;92;15;12;0;0;15;12
23376;1806;92;15;12;0;0;15;12
23380;1827;92;15;12;0;0;15;12
23383;1848;92;15;12;0;0;15;12
23384;1869;92;15;12;0;0;15;12
23389;1890;92;15;12;0;0;15;12
23395;1911;92;15;12;0;0;15;12
23396;1932;92;15;12;0;0;15;12
23398;1953;92;15;12;0;0;15;12
23403;1974;92;15;12;0;0;15;12
23429;1995;92;15;12;0;0;15;12
23431;2016;92;15;12;0;0;15;12
23432;2037;92;15;12;0;0;15;12
23433;2058;92;15;12;0;0;15;12
23436;2079;92;15;12;0;0;15;12
23447;2100;92;15;12;0;0;15;12
23448;2121;92;15;12;0;0;15;12
23449;2142;92;15;12;0;0;15;12
23450;2163;92;15;12;0;0;15;12
23451;2184;92;15;12;0;0;15;12
23452;2205;92;15;12;0;0;15;12
23453;2226;92;15;12;0;0;15;12
23455;2247;92;15;12;0;0;15;12
23458;2268;92;15;12;0;0;15;12
23459;2289;92;15;12;0;0;15;12
23460;2310;92;15;12;0;0;15;12
23470;2331;92;15;12;0;0;15;12
23472;2352;92;15;12;0;0;15;12
23475;2373;92;15;12;0;0;15;12
23476;2394;92;15;12;0;0;15;12
23477;2415;92;15;12;0;0;15;12
23478;2436;92;15;12;0;0;15;12
23481;2457;92;15;12;0;0;15;12
23487;2478;92;15;12;0;0;15;12
23490;2499;92;15;12;0;0;15;12
23492;2520;92;15;12;0;0;15;12
23494;2541;92;15;12;0;0;15;12
23500;2562;92;15;12;0;0;15;12
23506;2583;92;15;12;0;0;15;12
23515;2604;92;15;12;0;0;15;12
23517;2625;92;15;12;0;0;15;12
23519;2646;92;15;12;0;0;15;12
23521;2667;92;15;12;0;0;15;12
23527;2688;92;15;12;0;0;15;12
23529;2709;92;15;12;0;0;15;12
23534;2730;92;15;12;0;0;15;12
23544;2751;92;15;12;0;0;15;12
23546;2772;92;15;12;0;0;15;12
23550;2793;92;15;12;0;0;15;12
23551;2814;92;15;12;0;0;15;12
23553;2835;92;15;12;0;0;15;12
23554;2856;92;15;12;0;0;15;12
23556;2877;92;15;12;0;0;15;12
23558;2898;92;15;12;0;0;15;12
23561;2919;92;15;12;0;0;15;12
23562;2940;92;15;12;0;0;15;12
23563;2961;92;15;12;0;0;15;12
23566;2982;92;15;12;0;0;15;12
23567;3003;92;15;12;0;0;15;12
23569;3024;92;15;12;0;0;15;12
23578;3045;92;15;12;0;0;15;12
23601;3066;92;15;12;0;0;15;12
23610;3087;92;15;12;0;0;15;12
23611;3108;92;15;12;0;0;15;12
23612;3129;92;15;12;0;0;15;12
23613;3150;92;15;12;0;0;15;12
23614;3171;92;15;12;0;0;15;12
23615;3192;92;15;12;0;0;15;12
23616;3213;92;15;12;0;0;15;12
23621;3234;92;15;12;0;0;15;12
23624;3255;92;15;12;0;0;15;12
23626;3276;92;15;12;0;0;15;12
23627;3297;92;15;12;0;0;15;12
23637;3318;92;15;12;0;0;15;12
23646;3339;92;15;12;0;0;15;12
23652;3360;92;15;12;0;0;15;12
23653;3381;92;15;12;0;0;15;12
23663;3402;92;15;12;0;0;15;12
23665;3423;92;15;12;0;0;15;12
23696;3444;92;15;12;0;0;15;12
23713;3465;92;15;12;0;0;15;12
23721;3486;92;15;12;0;0;15;12
23724;3507;92;15;12;0;0;15;12
23731;3528;92;15;12;0;0;15;12
23736;3549;92;15;12;0;0;15;12
23776;3570;92;15;12;0;0;15;12
23777;3591;92;15;12;0;0;15;12
23792;3612;92;15;12;0;0;15;12
23798;3633;92;15;12;0;0;15;12
23815;3654;92;15;12;0;0;15;12
23822;3675;92;15;12;0;0;15;12
23830;3696;92;15;12;0;0;15;12
23849;3717;92;15;12;0;0;15;12
23888;3738;92;15;12;0;0;15;12
24029;3759;92;15;12;0;0;15;12
24030;3780;92;15;12;0;0;15;12
24033;3801;92;15;12;0;0;15;12
24035;3822;92;15;12;0;0;15;12
24037;3843;92;15;12;0;0;15;12
24038;3864;92;15;12;0;0;15;12
24039;3885;92;15;12;0;0;15;12
24040;3906;92;15;12;0;0;15;12
24046;3927;92;15;12;0;0;15;12
24049;3948;92;15;12;0;0;15;12
24059;3969;92;15;12;0;0;15;12
24062;3990;92;15;12;0;0;15;12
24066;4011;92;15;12;0;0;15;12
24067;4032;92;15;12;0;0;15;12
24070;4053;92;15;12;0;0;15;12
24076;4074;92;15;12;0;0;15;12
24093;0;110;15;12;0;0;15;12
24101;21;110;15;12;0;0;15;12
24107;42;110;15;12;0;0;15;12
24109;63;110;15;12;0;0;15;12
24111;84;110;15;12;0;0;15;12
24112;105;110;15;12;0;0;15;12
24115;126;110;15;12;0;0;15;12
24120;147;110;15;12;0;0;15;12
24125;168;110;15;12;0;0;15;12
24133;189;110;15;12;0;0;15;12
24149;210;110;15;12;0;0;15;12
24163;231;110;15;12;0;0;15;12
24178;252;110;15;12;0;0;15;12
24179;273;110;15;12;0;0;15;12
24180;294;110;15;12;0;0;15;12
24184;315;110;15;12;0;0;15;12
24185;336;110;15;12;0;0;15;12
24187;357;110;15;12;0;0;15;12
24188;378;110;15;12;0;0;15;12
24189;399;110;15;12;0;0;15;12
24190;420;110;15;12;0;0;15;12
24193;441;110;15;12;0;0;15;12
24195;462;110;15;12;0;0;15;12
24202;483;110;15;12;0;0;15;12
24207;504;110;15;12;0;0;15;12
24213;525;110;15;12;0;0;15;12
24215;546;110;15;12;0;0;15;12
24220;567;110;15;12;0;0;15;12
24230;588;110;15;12;0;0;15;12
24231;609;110;15;12;0;0;15;12
24235;630;110;15;12;0;0;15;12
24237;651;110;15;12;0;0;15;12
24246;672;110;15;12;0;0;15;12
24247;693;110;15;12;0;0;15;12
24248;714;110;15;12;0;0;15;12
24259;735;110;15;12;0;0;15;12
24265;756;110;15;12;0;0;15;12
24266;777;110;15;12;0;0;15;12
24310;798;110;15;12;0;0;15;12
24311;819;110;15;12;0;0;15;12
24314;840;110;15;12;0;0;15;12
24321;861;110;15;12;0;0;15;12
24324;882;110;15;12;0;0;15;12
24330;903;110;15;12;0;0;15;12
24335;924;110;15;12;0;0;15;12
24336;945;110;15;12;0;0;15;12
24339;966;110;15;12;0;0;15;12
24340;987;110;15;12;0;0;15;12
24341;1008;110;15;12;0;0;15;12
24351;1029;110;15;12;0;0;15;12
24357;1050;110;15;12;0;0;15;12
24358;1071;110;15;12;0;0;15;12
24359;1092;110;15;12;0;0;15;12
24369;1113;110;15;12;0;0;15;12
24373;1134;110;15;12;0;0;15;12
24375;1155;110;15;12;0;0;15;12
24382;1176;110;15;12;0;0;15;12
24403;1197;110;15;12;0;0;15;12
24409;1218;110;15;12;0;0;15;12
24418;1239;110;15;12;0;0;15;12
24425;1260;110;15;12;0;0;15;12
24427;1281;110;15;12;0;0;15;12
24432;1302;110;15;12;0;0;15;12
24433;1323;110;15;12;0;0;15;12
24441;1344;110;15;12;0;0;15;12
24444;1365;110;15;12;0;0;15;12
24448;1386;110;15;12;0;0;15;12
24449;1407;110;15;12;0;0;15;12
24452;1428;110;15;12;0;0;15;12
24453;1449;110;15;12;0;0;15;12
24459;1470;110;15;12;0;0;15;12
24460;1491;110;15;12;0;0;15;12
24464;1512;110;15;12;0;0;15;12
24466;1533;110;15;12;0;0;15;12
24467;1554;110;15;12;0;0;15;12
24471;1575;110;15;12;0;0;15;12
24481;1596;110;15;12;0;0;15;12
24489;1617;110;15;12;0;0;15;12
24490;1638;110;15;12;0;0;15;12
24494;1659;110;15;12;0;0;15;12
24499;1680;110;15;12;0;0;15;12
24500;1701;110;15;12;0;0;15;12
24505;1722;110;15;12;0;0;15;12
24515;1743;110;15;12;0;0;15;12
24517;1764;110;15;12;0;0;15;12
24524;1785;110;15;12;0;0;15;12
24525;1806;110;15;12;0;0;15;12
24535;1827;110;15;12;0;0;15;12
24536;1848;110;15;12;0;0;15;12
24537;1869;110;15;12;0;0;15;12
24540;1890;110;15;12;0;0;15;12
24544;1911;110;15;12;0;0;15;12
24555;1932;110;15;12;0;0;15;12
24565;1953;110;15;12;0;0;15;12
24594;1974;110;15;12;0;0;15;12
24598;1995;110;15;12;0;0;15;12
24605;2016;110;15;12;0;0;15;12
24608;2037;110;15;12;0;0;15;12
24613;2058;110;15;12;0;0;15;12
24615;2079;110;15;12;0;0;15;12
24616;2100;110;15;12;0;0;15;12
24618;2121;110;15;12;0;0;15;12
24651;2142;110;15;12;0;0;15;12
24656;2163;110;15;12;0;0;15;12
24658;2184;110;15;12;0;0;15;12
24675;2205;110;15;12;0;0;15;12
24677;2226;110;15;12;0;0;15;12
24680;2247;110;15;12;0;0;15;12
24681;2268;110;15;12;0;0;15;12
24685;2289;110;15;12;0;0;15;12
24687;2310;110;15;12;0;0;15;12
24693;2331;110;15;12;0;0;15;12
24724;2352;110;15;12;0;0;15;12
24735;2373;110;15;12;0;0;15;12
24736;2394;110;15;12;0;0;15;12
24739;2415;110;15;12;0;0;15;12
24742;2436;110;15;12;0;0;15;12
24745;2457;110;15;12;0;0;15;12
24746;2478;110;15;12;0;0;15;12
24754;2499;110;15;12;0;0;15;12
24764;2520;110;15;12;0;0;15;12
24773;2541;110;15;12;0;0;15;12
24785;2562;110;15;12;0;0;15;12
24796;2583;110;15;12;0;0;15;12
24807;2604;110;15;12;0;0;15;12
24808;2625;110;15;12;0;0;15;12
24816;2646;110;15;12;0;0;15;12
24819;2667;110;15;12;0;0;15;12
24833;2688;110;15;12;0;0;15;12
24841;2709;110;15;12;0;0;15;12
24847;2730;110;15;12;0;0;15;12
24858;2751;110;15;12;0;0;15;12
24859;2772;110;15;12;0;0;15;12
24863;2793;110;15;12;0;0;15;12
24900;2814;110;15;12;0;0;15;12
24904;2835;110;15;12;0;0;15;12
24907;2856;110;15;12;0;0;15;12
24908;2877;110;15;12;0;0;15;12
24910;2898;110;15;12;0;0;15;12
24917;2919;110;15;12;0;0;15;12
24930;2940;110;15;12;0;0;15;12
24931;2961;110;15;12;0;0;15;12
24936;2982;110;15;12;0;0;15;12
24942;3003;110;15;12;0;0;15;12
24944;3024;110;15;12;0;0;15;12
24950;3045;110;15;12;0;0;15;12
24962;3066;110;15;12;0;0;15;12
24974;3087;110;15;12;0;0;15;12
24996;3108;110;15;12;0;0;15;12
24999;3129;110;15;12;0;0;15;12
25001;3150;110;15;12;0;0;15;12
25004;3171;110;15;12;0;0;15;12
25010;3192;110;15;12;0;0;15;12
25014;3213;110;15;12;0;0;15;12
25022;3234;110;15;12;0;0;15;12
25031;3255;110;15;12;0;0;15;12
25040;3276;110;15;12;0;0;15;12
25074;3297;110;15;12;0;0;15;12
25080;3318;110;15;12;0;0;15;12
25104;3339;110;15;12;0;0;15;12
25105;3360;110;15;12;0;0;15;12
25106;3381;110;15;12;0;0;15;12
25114;3402;110;15;12;0;0;15;12
25126;3423;110;15;12;0;0;15;12
25135;3444;110;15;12;0;0;15;12
25140;3465;110;15;12;0;0;15;12
25144;3486;110;15;12;0;0;15;12
25147;3507;110;15;12;0;0;15;12
25151;3528;110;15;12;0;0;15;12
25152;3549;110;15;12;0;0;15;12
25159;3570;110;15;12;0;0;15;12
25161;3591;110;15;12;0;0;15;12
25163;3612;110;15;12;0;0;15;12
25165;3633;110;15;12;0;0;15;12
25171;3654;110;15;12;0;0;15;12
25173;3675;110;15;12;0;0;15;12
25201;3696;110;15;12;0;0;15;12
25206;3717;110;15;12;0;0;15;12
25209;3738;110;15;12;0;0;15;12
25215;3759;110;15;12;0;0;15;12
25216;3780;110;15;12;0;0;15;12
25220;3801;110;15;12;0;0;15;12
25226;3822;110;15;12;0;0;15;12
25233;3843;110;15;12;0;0;15;12
25237;3864;110;15;12;0;0;15;12
25239;3885;110;15;12;0;0;15;12
25240;3906;110;15;12;0;0;15;12
25244;3927;110;15;12;0;0;15;12
25246;3948;110;15;12;0;0;15;12
25259;3969;110;15;12;0;0;15;12
25265;3990;110;15;12;0;0;15;12
25269;4011;110;15;12;0;0;15;12
25273;4032;110;15;12;0;0;15;12
25276;4053;110;15;12;0;0;15;12
25277;4074;110;15;12;0;0;15;12
25285;0;128;15;12;0;0;15;12
25289;21;128;15;12;0;0;15;12
25293;42;128;15;12;0;0;15;12
25296;63;128;15;12;0;0;15;12
25298;84;128;15;12;0;0;15;12
25299;105;128;15;12;0;0;15;12
25304;126;128;15;12;0;0;15;12
25305;147;128;15;12;0;0;15;12
25307;168;128;15;12;0;0;15;12
25309;189;128;15;12;0;0;15;12
25312;210;128;15;12;0;0;15;12
25313;231;128;15;12;0;0;15;12
25324;252;128;15;12;0;0;15;12
25325;273;128;15;12;0;0;15;12
25331;294;128;15;12;0;0;15;12
25334;315;128;15;12;0;0;15;12
25335;336;128;15;12;0;0;15;12
25342;357;128;15;12;0;0;15;12
25345;378;128;15;12;0;0;15;12
25351;399;128;15;12;0;0;15;12
25361;420;128;15;12;0;0;15;12
25369;441;128;15;12;0;0;15;12
25375;462;128;15;12;0;0;15;12
25384;483;128;15;12;0;0;15;12
25387;504;128;15;12;0;0;15;12
25391;525;128;15;12;0;0;15;12
25407;546;128;15;12;0;0;15;12
25417;567;128;15;12;0;0;15;12
25429;588;128;15;12;0;0;15;12
25431;609;128;15;12;0;0;15;12
25436;630;128;15;12;0;0;15;12
25448;651;128;15;12;0;0;15;12
25454;672;128;15;12;0;0;15;12
25467;693;128;15;12;0;0;15;12
25475;714;128;15;12;0;0;15;12
25480;735;128;15;12;0;0;15;12
25484;756;128;15;12;0;0;15;12
25490;777;128;15;12;0;0;15;12
25496;798;128;15;12;0;0;15;12
25499;819;128;15;12;0;0;15;12
25505;840;128;15;12;0;0;15;12
25506;861;128;15;12;0;0;15;12
25509;882;128;15;12;0;0;15;12
25511;903;128;15;12;0;0;15;12
25512;924;128;15;12;0;0;15;12
25514;945;128;15;12;0;0;15;12
25522;966;128;15;12;0;0;15;12
25551;987;128;15;12;0;0;15;12
25552;1008;128;15;12;0;0;15;12
25562;1029;128;15;12;0;0;15;12
25563;1050;128;15;12;0;0;15;12
25569;1071;128;15;12;0;0;15;12
25582;1092;128;15;12;0;0;15;12
25588;1113;128;15;12;0;0;15;12
25594;1134;128;15;12;0;0;15;12
25613;1155;128;15;12;0;0;15;12
25644;1176;128;15;12;0;0;15;12
25645;1197;128;15;12;0;0;15;12
25658;1218;128;15;12;0;0;15;12
25662;1239;128;15;12;0;0;15;12
25666;1260;128;15;12;0;0;15;12
25688;1281;128;15;12;0;0;15;12
25705;1302;128;15;12;0;0;15;12
25711;1323;128;15;12;0;0;15;12
25731;1344;128;15;12;0;0;15;12
25764;1365;128;15;12;0;0;15;12
25774;1386;128;15;12;0;0;15;12
25778;1407;128;15;12;0;0;15;12
25793;1428;128;15;12;0;0;15;12
25805;1449;128;15;12;0;0;15;12
25830;1470;128;15;12;0;0;15;12
25836;1491;128;15;12;0;0;15;12
25903;1512;128;15;12;0;0;15;12
25913;1533;128;15;12;0;0;15;12
25915;1554;128;15;12;0;0;15;12
25918;1575;128;15;12;0;0;15;12
25919;1596;128;15;12;0;0;15;12
25925;1617;128;15;12;0;0;15;12
25935;1638;128;15;12;0;0;15;12
25937;1659;128;15;12;0;0;15;12
25943;1680;128;15;12;0;0;15;12
25945;1701;128;15;12;0;0;15;12
25954;1722;128;15;12;0;0;15;12
25955;1743;128;15;12;0;0;15;12
25964;1764;128;15;12;0;0;15;12
25968;1785;128;15;12;0;0;15;12
25972;1806;128;15;12;0;0;15;12
25973;1827;128;15;12;0;0;15;12
25975;1848;128;15;12;0;0;15;12
25991;1869;128;15;12;0;0;15;12
25993;1890;128;15;12;0;0;15;12
25998;1911;128;15;12;0;0;15;12
26001;1932;128;15;12;0;0;15;12
26007;1953;128;15;12;0;0;15;12
26009;1974;128;15;12;0;0;15;12
26012;1995;128;15;12;0;0;15;12
26020;2016;128;15;12;0;0;15;12
26021;2037;128;15;12;0;0;15;12
26028;2058;128;15;12;0;0;15;12
26029;2079;128;15;12;0;0;15;12
26032;2100;128;15;12;0;0;15;12
26041;2121;128;15;12;0;0;15;12
26045;2142;128;15;12;0;0;15;12
26053;2163;128;15;12;0;0;15;12
26059;2184;128;15;12;0;0;15;12
26063;2205;128;15;12;0;0;15;12
26071;2226;128;15;12;0;0;15;12
26082;2247;128;15;12;0;0;15;12
26085;2268;128;15;12;0;0;15;12
26086;2289;128;15;12;0;0;15;12
26087;2310;128;15;12;0;0;15;12
26088;2331;128;15;12;0;0;15;12
26089;2352;128;15;12;0;0;15;12
26092;2373;128;15;12;0;0;15;12
26106;2394;128;15;12;0;0;15;12
26118;2415;128;15;12;0;0;15;12
26119;2436;128;15;12;0;0;15;12
26126;2457;128;15;12;0;0;15;12
26131;2478;128;15;12;0;0;15;12
26132;2499;128;15;12;0;0;15;12
26143;2520;128;15;12;0;0;15;12
26144;2541;128;15;12;0;0;15;12
26149;2562;128;15;12;0;0;15;12
26151;2583;128;15;12;0;0;15;12
26152;2604;128;15;12;0;0;15;12
26157;2625;128;15;12;0;0;15;12
26159;2646;128;15;12;0;0;15;12
26172;2667;128;15;12;0;0;15;12
26178;2688;128;15;12;0;0;15;12
26217;2709;128;15;12;0;0;15;12
26222;2730;128;15;12;0;0;15;12
26223;2751;128;15;12;0;0;15;12
26228;2772;128;15;12;0;0;15;12
26230;2793;128;15;12;0;0;15;12
26241;2814;128;15;12;0;0;15;12
26247;2835;128;15;12;0;0;15;12
26257;2856;128;15;12;0;0;15;12
26262;2877;128;15;12;0;0;15;12
26263;2898;128;15;12;0;0;15;12
26278;2919;128;15;12;0;0;15;12
26283;2940;128;15;12;0;0;15;12
26286;2961;128;15;12;0;0;15;12
26292;2982;128;15;12;0;0;15;12
26311;3003;128;15;12;0;0;15;12
26326;3024;128;15;12;0;0;15;12
26332;3045;128;15;12;0;0;15;12
26354;3066;128;15;12;0;0;15;12
26356;3087;128;15;12;0;0;15;12
26360;3108;128;15;12;0;0;15;12
26361;3129;128;15;12;0;0;15;12
26365;3150;128;15;12;0;0;15;12
26367;3171;128;15;12;0;0;15;12
26368;3192;128;15;12;0;0;15;12
26376;3213;128;15;12;0;0;15;12
26377;3234;128;15;12;0;0;15;12
26381;3255;128;15;12;0;0;15;12
26389;3276;128;15;12;0;0;15;12
26391;3297;128;15;12;0;0;15;12
26395;3318;128;15;12;0;0;15;12
26397;3339;128;15;12;0;0;15;12
26399;3360;128;15;12;0;0;15;12
26408;3381;128;15;12;0;0;15;12
26410;3402;128;15;12;0;0;15;12
26411;3423;128;15;12;0;0;15;12
26412;3444;128;15;12;0;0;15;12
26413;3465;128;15;12;0;0;15;12
26417;3486;128;15;12;0;0;15;12
26420;3507;128;15;12;0;0;15;12
26426;3528;128;15;12;0;0;15;12
26429;3549;128;15;12;0;0;15;12
26441;3570;128;15;12;0;0;15;12
26448;3591;128;15;12;0;0;15;12
26449;3612;128;15;12;0;0;15;12
26463;3633;128;15;12;0;0;15;12
26465;3654;128;15;12;0;0;15;12
26469;3675;128;15;12;0;0;15;12
26479;3696;128;15;12;0;0;15;12
26481;3717;128;15;12;0;0;15;12
26494;3738;128;15;12;0;0;15;12
26495;3759;128;15;12;0;0;15;12
26512;3780;128;15;12;0;0;15;12
26517;3801;128;15;12;0;0;15;12
26519;3822;128;15;12;0;0;15;12
26522;3843;128;15;12;0;0;15;12
26524;3864;128;15;12;0;0;15;12
26525;3885;128;15;12;0;0;15;12
26528;3906;128;15;12;0;0;15;12
26530;3927;128;15;12;0;0;15;12
26543;3948;128;15;12;0;0;15;12
26550;3969;128;15;12;0;0;15;12
26564;3990;128;15;12;0;0;15;12
26576;4011;128;15;12;0;0;15;12
26579;4032;128;15;12;0;0;15;12
26580;4053;128;15;12;0;0;15;12
26609;4074;128;15;12;0;0;15;12
26611;0;146;15;12;0;0;15;12
26613;21;146;15;12;0;0;15;12
26619;42;146;15;12;0;0;15;12
26623;63;146;15;12;0;0;15;12
26627;84;146;15;12;0;0;15;12
26628;105;146;15;12;0;0;15;12
26643;126;146;15;12;0;0;15;12
26657;147;146;15;12;0;0;15;12
26666;168;146;15;12;0;0;15;12
26680;189;146;15;12;0;0;15;12
26681;210;146;15;12;0;0;15;12
26684;231;146;15;12;0;0;15;12
26685;252;146;15;12;0;0;15;12
26689;273;146;15;12;0;0;15;12
26691;294;146;15;12;0;0;15;12
26696;315;146;15;12;0;0;15;12
26705;336;146;15;12;0;0;15;12
26716;357;146;15;12;0;0;15;12
26719;378;146;15;12;0;0;15;12
26757;399;146;15;12;0;0;15;12
26775;420;146;15;12;0;0;15;12
26792;441;146;15;12;0;0;15;12
26800;462;146;15;12;0;0;15;12
26820;483;146;15;12;0;0;15;12
26827;504;146;15;12;0;0;15;12
26834;525;146;15;12;0;0;15;12
26842;546;146;15;12;0;0;15;12
26847;567;146;15;12;0;0;15;12
26862;588;146;15;12;0;0;15;12
26874;609;146;15;12;0;0;15;12
26885;630;146;15;12;0;0;15;12
26893;651;146;15;12;0;0;15;12
26894;672;146;15;12;0;0;15;12
26908;693;146;15;12;0;0;15;12
26989;714;146;15;12;0;0;15;12
26997;735;146;15;12;0;0;15;12
26999;756;146;15;12;0;0;15;12
27004;777;146;15;12;0;0;15;12
27005;798;146;15;12;0;0;15;12
27010;819;146;15;12;0;0;15;12
27083;840;146;15;12;0;0;15;12
27096;861;146;15;12;0;0;15;12
27133;882;146;15;12;0;0;15;12
27161;903;146;15;12;0;0;15;12
27169;924;146;15;12;0;0;15;12
27177;945;146;15;12;0;0;15;12
27178;966;146;15;12;0;0;15;12
27193;987;146;15;12;0;0;15;12
27211;1008;146;15;12;0;0;15;12
27231;1029;146;15;12;0;0;15;12
27396;1050;146;15;12;0;0;15;12
27424;1071;146;15;12;0;0;15;12
27425;1092;146;15;12;0;0;15;12
27431;1113;146;15;12;0;0;15;12
27442;1134;146;15;12;0;0;15;12
27450;1155;146;15;12;0;0;15;12
27454;1176;146;15;12;0;0;15;12
27468;1197;146;15;12;0;0;15;12
27475;1218;146;15;12;0;0;15;12
27490;1239;146;15;12;0;0;15;12
27491;1260;146;15;12;0;0;15;12
27494;1281;146;15;12;0;0;15;12
27497;1302;146;15;12;0;0;15;12
27503;1323;146;15;12;0;0;15;12
27507;1344;146;15;12;0;0;15;12
27508;1365;146;15;12;0;0;15;12
27515;1386;146;15;12;0;0;15;12
27529;1407;146;15;12;0;0;15;12
27530;1428;146;15;12;0;0;15;12
27531;1449;146;15;12;0;0;15;12
27542;1470;146;15;12;0;0;15;12
27572;1491;146;15;12;0;0;15;12
27573;1512;146;15;12;0;0;15;12
27578;1533;146;15;12;0;0;15;12
27579;1554;146;15;12;0;0;15;12
27583;1575;146;15;12;0;0;15;12
27584;1596;146;15;12;0;0;15;12
27597;1617;146;15;12;0;0;15;12
27598;1638;146;15;12;0;0;15;12
27602;1659;146;15;12;0;0;15;12
27604;1680;146;15;12;0;0;15;12
27611;1701;146;15;12;0;0;15;12
27663;1722;146;15;12;0;0;15;12
27665;1743;146;15;12;0;0;15;12
27671;1764;146;15;12;0;0;15;12
27700;1785;146;15;12;0;0;15;12
27703;1806;146;15;12;0;0;15;12
27704;1827;146;15;12;0;0;15;12
27710;1848;146;15;12;0;0;15;12
27713;1869;146;15;12;0;0;15;12
27714;1890;146;15;12;0;0;15;12
27726;1911;146;15;12;0;0;15;12
27735;1932;146;15;12;0;0;15;12
27738;1953;146;15;12;0;0;15;12
27743;1974;146;15;12;0;0;15;12
27744;1995;146;15;12;0;0;15;12
27760;2016;146;15;12;0;0;15;12
27770;2037;146;15;12;0;0;15;12
27773;2058;146;15;12;0;0;15;12
27779;2079;146;15;12;0;0;15;12
27784;2100;146;15;12;0;0;15;12
27798;2121;146;15;12;0;0;15;12
27801;2142;146;15;12;0;0;15;12
27809;2163;146;15;12;0;0;15;12
27810;2184;146;15;12;0;0;15;12
27827;2205;146;15;12;0;0;15;12
27832;2226;146;15;12;0;0;15;12
27833;2247;146;15;12;0;0;15;12
27835;2268;146;15;12;0;0;15;12
27836;2289;146;15;12;0;0;15;12
27839;2310;146;15;12;0;0;15;12
27841;2331;146;15;12;0;0;15;12
27849;2352;146;15;12;0;0;15;12
27850;2373;146;15;12;0;0;15;12
27852;2394;146;15;12;0;0;15;12
27861;2415;146;15;12;0;0;15;12
27873;2436;146;15;12;0;0;15;12
27874;2457;146;15;12;0;0;15;12
27875;2478;146;15;12;0;0;15;12
27877;2499;146;15;12;0;0;15;12
27880;2520;146;15;12;0;0;15;12
27888;2541;146;15;12;0;0;15;12
27891;2562;146;15;12;0;0;15;12
27915;2583;146;15;12;0;0;15;12
27927;2604;146;15;12;0;0;15;12
27934;2625;146;15;12;0;0;15;12
27941;2646;146;15;12;0;0;15;12
27946;2667;146;15;12;0;0;15;12
27963;2688;146;15;12;0;0;15;12
27966;2709;146;15;12;0;0;15;12
27969;2730;146;15;12;0;0;15;12
27972;2751;146;15;12;0;0;15;12
27973;2772;146;15;12;0;0;15;12
27996;2793;146;15;12;0;0;15;12
28006;2814;146;15;12;0;0;15;12
28010;2835;146;15;12;0;0;15;12
28014;2856;146;15;12;0;0;15;12
28020;2877;146;15;12;0;0;15;12
28023;2898;146;15;12;0;0;15;12
28024;2919;146;15;12;0;0;15;12
28040;2940;146;15;12;0;0;15;12
28057;2961;146;15;12;0;0;15;12
28079;2982;146;15;12;0;0;15;12
28082;3003;146;15;12;0;0;15;12
28092;3024;146;15;12;0;0;15;12
28113;3045;146;15;12;0;0;15;12
28129;3066;146;15;12;0;0;15;12
28139;3087;146;15;12;0;0;15;12
28145;3108;146;15;12;0;0;15;12
28151;3129;146;15;12;0;0;15;12
28155;3150;146;15;12;0;0;15;12
28165;3171;146;15;12;0;0;15;12
28167;3192;146;15;12;0;0;15;12
28168;3213;146;15;12;0;0;15;12
28169;3234;146;15;12;0;0;15;12
28171;3255;146;15;12;0;0;15;12
28179;3276;146;15;12;0;0;15;12
28187;3297;146;15;12;0;0;15;12
28193;3318;146;15;12;0;0;15;12
28198;3339;146;15;12;0;0;15;12
28201;3360;146;15;12;0;0;15;12
28204;3381;146;15;12;0;0;15;12
28207;3402;146;15;12;0;0;15;12
28246;3423;146;15;12;0;0;15;12
28263;3444;146;15;12;0;0;15;12
28271;3465;146;15;12;0;0;15;12
28286;3486;146;15;12;0;0;15;12
28287;3507;146;15;12;0;0;15;12
28288;3528;146;15;12;0;0;15;12
28304;3549;146;15;12;0;0;15;12
28310;3570;146;15;12;0;0;15;12
28317;3591;146;15;12;0;0;15;12
28342;3612;146;15;12;0;0;15;12
28346;3633;146;15;12;0;0;15;12
28357;3654;146;15;12;0;0;15;12
28363;3675;146;15;12;0;0;15;12
28369;3696;146;15;12;0;0;15;12
28381;3717;146;15;12;0;0;15;12
28382;3738;146;15;12;0;0;15;12
28404;3759;146;15;12;0;0;15;12
28417;3780;146;15;12;0;0;15;12
28418;3801;146;15;12;0;0;15;12
28422;3822;146;15;12;0;0;15;12
28431;3843;146;15;12;0;0;15;12
28436;3864;146;15;12;0;0;15;12
28448;3885;146;15;12;0;0;15;12
28450;3906;146;15;12;0;0;15;12
28459;3927;146;15;12;0;0;15;12
28460;3948;146;15;12;0;0;15;12
28472;3969;146;15;12;0;0;15;12
28500;3990;146;15;12;0;0;15;12
28508;4011;146;15;12;0;0;15;12
28511;4032;146;15;12;0;0;15;12
28516;4053;146;15;12;0;0;15;12
28526;4074;146;15;12;0;0;15;12
28528;0;164;15;12;0;0;15;12
28548;21;164;15;12;0;0;15;12
28608;42;164;15;12;0;0;15;12
28609;63;164;15;12;0;0;15;12
28611;84;164;15;12;0;0;15;12
28651;105;164;15;12;0;0;15;12
28655;126;164;15;12;0;0;15;12
28716;147;164;15;12;0;0;15;12
28779;168;164;15;12;0;0;15;12
28783;189;164;15;12;0;0;15;12
28784;210;164;15;12;0;0;15;12
28797;231;164;15;12;0;0;15;12
28809;252;164;15;12;0;0;15;12
28810;273;164;15;12;0;0;15;12
28814;294;164;15;12;0;0;15;12
28845;315;164;15;12;0;0;15;12
28857;336;164;15;12;0;0;15;12
28858;357;164;15;12;0;0;15;12
28872;378;164;15;12;0;0;15;12
28961;399;164;15;12;0;0;15;12
28966;420;164;15;12;0;0;15;12
28982;441;164;15;12;0;0;15;12
28988;462;164;15;12;0;0;15;12
29006;483;164;15;12;0;0;15;12
29017;504;164;15;12;0;0;15;12
29031;525;164;15;12;0;0;15;12
29033;546;164;15;12;0;0;15;12
29038;567;164;15;12;0;0;15;12
29066;588;164;15;12;0;0;15;12
29087;609;164;15;12;0;0;15;12
29105;630;164;15;12;0;0;15;12
29123;651;164;15;12;0;0;15;12
29157;672;164;15;12;0;0;15;12
29190;693;164;15;12;0;0;15;12
29226;714;164;15;12;0;0;15;12
29237;735;164;15;12;0;0;15;12
29238;756;164;15;12;0;0;15;12
29245;777;164;15;12;0;0;15;12
29255;798;164;15;12;0;0;15;12
29256;819;164;15;12;0;0;15;12
29273;840;164;15;12;0;0;15;12
29275;861;164;15;12;0;0;15;12
29287;882;164;15;12;0;0;15;12
29289;903;164;15;12;0;0;15;12
29298;924;164;15;12;0;0;15;12
29305;945;164;15;12;0;0;15;12
29344;966;164;15;12;0;0;15;12
29356;987;164;15;12;0;0;15;12
29359;1008;164;15;12;0;0;15;12
29366;1029;164;15;12;0;0;15;12
29378;1050;164;15;12;0;0;15;12
29401;1071;164;15;12;0;0;15;12
29417;1092;164;15;12;0;0;15;12
29420;1113;164;15;12;0;0;15;12
29421;1134;164;15;12;0;0;15;12
29467;1155;164;15;12;0;0;15;12
29471;1176;164;15;12;0;0;15;12
29483;1197;164;15;12;0;0;15;12
29486;1218;164;15;12;0;0;15;12
29494;1239;164;15;12;0;0;15;12
29503;1260;164;15;12;0;0;15;12
29508;1281;164;15;12;0;0;15;12
29539;1302;164;15;12;0;0;15;12
29554;1323;164;15;12;0;0;15;12
29572;1344;164;15;12;0;0;15;12
29575;1365;164;15;12;0;0;15;12
29577;1386;164;15;12;0;0;15;12
29579;1407;164;15;12;0;0;15;12
29609;1428;164;15;12;0;0;15;12
29645;1449;164;15;12;0;0;15;12
29664;1470;164;15;12;0;0;15;12
29677;1491;164;15;12;0;0;15;12
29694;1512;164;15;12;0;0;15;12
29699;1533;164;15;12;0;0;15;12
29702;1554;164;15;12;0;0;15;12
29748;1575;164;15;12;0;0;15;12
29792;1596;164;15;12;0;0;15;12
29827;1617;164;15;12;0;0;15;12
29863;1638;164;15;12;0;0;15;12
29872;1659;164;15;12;0;0;15;12
29885;1680;164;15;12;0;0;15;12
29926;1701;164;15;12;0;0;15;12
29942;1722;164;15;12;0;0;15;12
29976;1743;164;15;12;0;0;15;12
29978;1764;164;15;12;0;0;15;12
29983;1785;164;15;12;0;0;15;12
29987;1806;164;15;12;0;0;15;12
29992;1827;164;15;12;0;0;15;12
30000;1848;164;15;12;0;0;15;12
30001;1869;164;15;12;0;0;15;12
30002;1890;164;15;12;0;0;15;12
30003;1911;164;15;12;0;0;15;12
30007;1932;164;15;12;0;0;15;12
30010;1953;164;15;12;0;0;15;12
30011;1974;164;15;12;0;0;15;12
30028;1995;164;15;12;0;0;15;12
30031;2016;164;15;12;0;0;15;12
30033;2037;164;15;12;0;0;15;12
30036;2058;164;15;12;0;0;15;12
30041;2079;164;15;12;0;0;15;12
30044;2100;164;15;12;0;0;15;12
30045;2121;164;15;12;0;0;15;12
30053;2142;164;15;12;0;0;15;12
30058;2163;164;15;12;0;0;15;12
30064;2184;164;15;12;0;0;15;12
30067;2205;164;15;12;0;0;15;12
30079;2226;164;15;12;0;0;15;12
30094;2247;164;15;12;0;0;15;12
30097;2268;164;15;12;0;0;15;12
30123;2289;164;15;12;0;0;15;12
30130;2310;164;15;12;0;0;15;12
30142;2331;164;15;12;0;0;15;12
30149;2352;164;15;12;0;0;15;12
30151;2373;164;15;12;0;0;15;12
30165;2394;164;15;12;0;0;15;12
30168;2415;164;15;12;0;0;15;12
30171;2436;164;15;12;0;0;15;12
30178;2457;164;15;12;0;0;15;12
30185;2478;164;15;12;0;0;15;12
30196;2499;164;15;12;0;0;15;12
30221;2520;164;15;12;0;0;15;12
30274;2541;164;15;12;0;0;15;12
30290;2562;164;15;12;0;0;15;12
30294;2583;164;15;12;0;0;15;12
30330;2604;164;15;12;0;0;15;12
30331;2625;164;15;12;0;0;15;12
30333;2646;164;15;12;0;0;15;12
30334;2667;164;15;12;0;0;15;12
30340;2688;164;15;12;0;0;15;12
30342;2709;164;15;12;0;0;15;12
30343;2730;164;15;12;0;0;15;12
30382;2751;164;15;12;0;0;15;12
30399;2772;164;15;12;0;0;15;12
30406;2793;164;15;12;0;0;15;12
30410;2814;164;15;12;0;0;15;12
30423;2835;164;15;12;0;0;15;12
30427;2856;164;15;12;0;0;15;12
30431;2877;164;15;12;0;0;15;12
30435;2898;164;15;12;0;0;15;12
30436;2919;164;15;12;0;0;15;12
30446;2940;164;15;12;0;0;15;12
30450;2961;164;15;12;0;0;15;12
30452;2982;164;15;12;0;0;15;12
30456;3003;164;15;12;0;0;15;12
30462;3024;164;15;12;0;0;15;12
30465;3045;164;15;12;0;0;15;12
30473;3066;164;15;12;0;0;15;12
30475;3087;164;15;12;0;0;15;12
30476;3108;164;15;12;0;0;15;12
30495;3129;164;15;12;0;0;15;12
30496;3150;164;15;12;0;0;15;12
30522;3171;164;15;12;0;0;15;12
30524;3192;164;15;12;0;0;15;12
30528;3213;164;15;12;0;0;15;12
30561;3234;164;15;12;0;0;15;12
30563;3255;164;15;12;0;0;15;12
30566;3276;164;15;12;0;0;15;12
30636;3297;164;15;12;0;0;15;12
30637;3318;164;15;12;0;0;15;12
30643;3339;164;15;12;0;0;15;12
30683;3360;164;15;12;0;0;15;12
30690;3381;164;15;12;0;0;15;12
30693;3402;164;15;12;0;0;15;12
30701;3423;164;15;12;0;0;15;12
30703;3444;164;15;12;0;0;15;12
30707;3465;164;15;12;0;0;15;12
30722;3486;164;15;12;0;0;15;12
30740;3507;164;15;12;0;0;15;12
30741;3528;164;15;12;0;0;15;12
30770;3549;164;15;12;0;0;15;12
30772;3570;164;15;12;0;0;15;12
30813;3591;164;15;12;0;0;15;12
30827;3612;164;15;12;0;0;15;12
30828;3633;164;15;12;0;0;15;12
30849;3654;164;15;12;0;0;15;12
30865;3675;164;15;12;0;0;15;12
30906;3696;164;15;12;0;0;15;12
30913;3717;164;15;12;0;0;15;12
30952;3738;164;15;12;0;0;15;12
30977;3759;164;15;12;0;0;15;12
30990;3780;164;15;12;0;0;15;12
31034;3801;164;15;12;0;0;15;12
31036;3822;164;15;12;0;0;15;12
31038;3843;164;15;12;0;0;15;12
31048;3864;164;15;12;0;0;15;12
31049;3885;164;15;12;0;0;15;12
31062;3906;164;15;12;0;0;15;12
31069;3927;164;15;12;0;0;15;12
31070;3948;164;15;12;0;0;15;12
31077;3969;164;15;12;0;0;15;12
31080;3990;164;15;12;0;0;15;12
31085;4011;164;15;12;0;0;15;12
31105;4032;164;15;12;0;0;15;12
31109;4053;164;15;12;0;0;15;12
31117;4074;164;15;12;0;0;15;12
31119;0;182;15;12;0;0;15;12
31168;21;182;15;12;0;0;15;12
31169;42;182;15;12;0;0;15;12
31179;63;182;15;12;0;0;15;12
31185;84;182;15;12;0;0;15;12
31186;105;182;15;12;0;0;15;12
31192;126;182;15;12;0;0;15;12
31199;147;182;15;12;0;0;15;12
31209;168;182;15;12;0;0;15;12
31216;189;182;15;12;0;0;15;12
31227;210;182;15;12;0;0;15;12
31243;231;182;15;12;0;0;15;12
31246;252;182;15;12;0;0;15;12
31258;273;182;15;12;0;0;15;12
31278;294;182;15;12;0;0;15;12
31282;315;182;15;12;0;0;15;12
31292;336;182;15;12;0;0;15;12
31293;357;182;15;12;0;0;15;12
31295;378;182;15;12;0;0;15;12
31296;399;182;15;12;0;0;15;12
31298;420;182;15;12;0;0;15;12
31309;441;182;15;12;0;0;15;12
31311;462;182;15;12;0;0;15;12
31339;483;182;15;12;0;0;15;12
31348;504;182;15;12;0;0;15;12
31350;525;182;15;12;0;0;15;12
31354;546;182;15;12;0;0;15;12
31361;567;182;15;12;0;0;15;12
31363;588;182;15;12;0;0;15;12
31378;609;182;15;12;0;0;15;12
31379;630;182;15;12;0;0;15;12
31391;651;182;15;12;0;0;15;12
31406;672;182;15;12;0;0;15;12
31407;693;182;15;12;0;0;15;12
31435;714;182;15;12;0;0;15;12
31452;735;182;15;12;0;0;15;12
31456;756;182;15;12;0;0;15;12
31461;777;182;15;12;0;0;15;12
31471;798;182;15;12;0;0;15;12
31478;819;182;15;12;0;0;15;12
31481;840;182;15;12;0;0;15;12
31505;861;182;15;12;0;0;15;12
31515;882;182;15;12;0;0;15;12
31526;903;182;15;12;0;0;15;12
31532;924;182;15;12;0;0;15;12
31558;945;182;15;12;0;0;15;12
31561;966;182;15;12;0;0;15;12
31563;987;182;15;12;0;0;15;12
31570;1008;182;15;12;0;0;15;12
31572;1029;182;15;12;0;0;15;12
31574;1050;182;15;12;0;0;15;12
31623;1071;182;15;12;0;0;15;12
31627;1092;182;15;12;0;0;15;12
31639;1113;182;15;12;0;0;15;12
31649;1134;182;15;12;0;0;15;12
31665;1155;182;15;12;0;0;15;12
31672;1176;182;15;12;0;0;15;12
31680;1197;182;15;12;0;0;15;12
31684;1218;182;15;12;0;0;15;12
31689;1239;182;15;12;0;0;15;12
31716;1260;182;15;12;0;0;15;12
31777;1281;182;15;12;0;0;15;12
31807;1302;182;15;12;0;0;15;12
31821;1323;182;15;12;0;0;15;12
31840;1344;182;15;12;0;0;15;12
31859;1365;182;15;12;0;0;15;12
31881;1386;182;15;12;0;0;15;12
31883;1407;182;15;12;0;0;15;12
31890;1428;182;15;12;0;0;15;12
31895;1449;182;15;12;0;0;15;12
31896;1470;182;15;12;0;0;15;12
31899;1491;182;15;12;0;0;15;12
31911;1512;182;15;12;0;0;15;12
31934;1533;182;15;12;0;0;15;12
31958;1554;182;15;12;0;0;15;12
31975;1575;182;15;12;0;0;15;12
31992;1596;182;15;12;0;0;15;12
31995;1617;182;15;12;0;0;15;12
31998;1638;182;15;12;0;0;15;12
32000;1659;182;15;12;0;0;15;12
32004;1680;182;15;12;0;0;15;12
32005;1701;182;15;12;0;0;15;12
32011;1722;182;15;12;0;0;15;12
32013;1743;182;15;12;0;0;15;12
32020;1764;182;15;12;0;0;15;12
32025;1785;182;15;12;0;0;15;12
32026;1806;182;15;12;0;0;15;12
32027;1827;182;15;12;0;0;15;12
32032;1848;182;15;12;0;0;15;12
32033;1869;182;15;12;0;0;15;12
32034;1890;182;15;12;0;0;15;12
32043;1911;182;15;12;0;0;15;12
32047;1932;182;15;12;0;0;15;12
32048;1953;182;15;12;0;0;15;12
32051;1974;182;15;12;0;0;15;12
32057;1995;182;15;12;0;0;15;12
32058;2016;182;15;12;0;0;15;12
32066;2037;182;15;12;0;0;15;12
32068;2058;182;15;12;0;0;15;12
32076;2079;182;15;12;0;0;15;12
32080;2100;182;15;12;0;0;15;12
32094;2121;182;15;12;0;0;15;12
32097;2142;182;15;12;0;0;15;12
32102;2163;182;15;12;0;0;15;12
32113;2184;182;15;12;0;0;15;12
32117;2205;182;15;12;0;0;15;12
32118;2226;182;15;12;0;0;15;12
32121;2247;182;15;12;0;0;15;12
32153;2268;182;15;12;0;0;15;12
32154;2289;182;15;12;0;0;15;12
32173;2310;182;15;12;0;0;15;12
32177;2331;182;15;12;0;0;15;12
32178;2352;182;15;12;0;0;15;12
32187;2373;182;15;12;0;0;15;12
32191;2394;182;15;12;0;0;15;12
32202;2415;182;15;12;0;0;15;12
32207;2436;182;15;12;0;0;15;12
32209;2457;182;15;12;0;0;15;12
32210;2478;182;15;12;0;0;15;12
32218;2499;182;15;12;0;0;15;12
32224;2520;182;15;12;0;0;15;12
32232;2541;182;15;12;0;0;15;12
32233;2562;182;15;12;0;0;15;12
32239;2583;182;15;12;0;0;15;12
32244;2604;182;15;12;0;0;15;12
32251;2625;182;15;12;0;0;15;12
32257;2646;182;15;12;0;0;15;12
32260;2667;182;15;12;0;0;15;12
32283;2688;182;15;12;0;0;15;12
32294;2709;182;15;12;0;0;15;12
32299;2730;182;15;12;0;0;15;12
32302;2751;182;15;12;0;0;15;12
32318;2772;182;15;12;0;0;15;12
32321;2793;182;15;12;0;0;15;12
32330;2814;182;15;12;0;0;15;12
32340;2835;182;15;12;0;0;15;12
32341;2856;182;15;12;0;0;15;12
32365;2877;182;15;12;0;0;15;12
32368;2898;182;15;12;0;0;15;12
32566;2919;182;15;12;0;0;15;12
32618;2940;182;15;12;0;0;15;12
32622;2961;182;15;12;0;0;15;12
32624;2982;182;15;12;0;0;15;12
32626;3003;182;15;12;0;0;15;12
32629;3024;182;15;12;0;0;15;12
32631;3045;182;15;12;0;0;15;12
32645;3066;182;15;12;0;0;15;12
32650;3087;182;15;12;0;0;15;12
32654;3108;182;15;12;0;0;15;12
32670;3129;182;15;12;0;0;15;12
32676;3150;182;15;12;0;0;15;12
32680;3171;182;15;12;0;0;15;12
32681;3192;182;15;12;0;0;15;12
32701;3213;182;15;12;0;0;15;12
32705;3234;182;15;12;0;0;15;12
32716;3255;182;15;12;0;0;15;12
32722;3276;182;15;12;0;0;15;12
32763;3297;182;15;12;0;0;15;12
32764;3318;182;15;12;0;0;15;12
32769;3339;182;15;12;0;0;15;12
32771;3360;182;15;12;0;0;15;12
32773;3381;182;15;12;0;0;15;12
32784;3402;182;15;12;0;0;15;12
32789;3423;182;15;12;0;0;15;12
32791;3444;182;15;12;0;0;15;12
32819;3465;182;15;12;0;0;15;12
32854;3486;182;15;12;0;0;15;12
32862;3507;182;15;12;0;0;15;12
32884;3528;182;15;12;0;0;15;12
32887;3549;182;15;12;0;0;15;12
32905;3570;182;15;12;0;0;15;12
32908;3591;182;15;12;0;0;15;12
32918;3612;182;15;12;0;0;15;12
32920;3633;182;15;12;0;0;15;12
32925;3654;182;15;12;0;0;15;12
32929;3675;182;15;12;0;0;15;12
32930;3696;182;15;12;0;0;15;12
32933;3717;182;15;12;0;0;15;12
32937;3738;182;15;12;0;0;15;12
32938;3759;182;15;12;0;0;15;12
32943;3780;182;15;12;0;0;15;12
32946;3801;182;15;12;0;0;15;12
32954;3822;182;15;12;0;0;15;12
32963;3843;182;15;12;0;0;15;12
32966;3864;182;15;12;0;0;15;12
32972;3885;182;15;12;0;0;15;12
32974;3906;182;15;12;0;0;15;12
32990;3927;182;15;12;0;0;15;12
33012;3948;182;15;12;0;0;15;12
33016;3969;182;15;12;0;0;15;12
33021;3990;182;15;12;0;0;15;12
33026;4011;182;15;12;0;0;15;12
33029;4032;182;15;12;0;0;15;12
33031;4053;182;15;12;0;0;15;12
33032;4074;182;15;12;0;0;15;12
33034;0;200;15;12;0;0;15;12
33050;21;200;15;12;0;0;15;12
33073;42;200;15;12;0;0;15;12
33075;63;200;15;12;0;0;15;12
33102;84;200;15;12;0;0;15;12
33104;105;200;15;12;0;0;15;12
33109;126;200;15;12;0;0;15;12
33131;147;200;15;12;0;0;15;12
33136;168;200;15;12;0;0;15;12
33144;189;200;15;12;0;0;15;12
33145;210;200;15;12;0;0;15;12
33146;231;200;15;12;0;0;15;12
33178;252;200;15;12;0;0;15;12
33180;273;200;15;12;0;0;15;12
33181;294;200;15;12;0;0;15;12
33192;315;200;15;12;0;0;15;12
33203;336;200;15;12;0;0;15;12
33222;357;200;15;12;0;0;15;12
33235;378;200;15;12;0;0;15;12
33251;399;200;15;12;0;0;15;12
33256;420;200;15;12;0;0;15;12
33258;441;200;15;12;0;0;15;12
33261;462;200;15;12;0;0;15;12
33267;483;200;15;12;0;0;15;12
33268;504;200;15;12;0;0;15;12
33276;525;200;15;12;0;0;15;12
33288;546;200;15;12;0;0;15;12
33292;567;200;15;12;0;0;15;12
33294;588;200;15;12;0;0;15;12
33303;609;200;15;12;0;0;15;12
33310;630;200;15;12;0;0;15;12
33311;651;200;15;12;0;0;15;12
33322;672;200;15;12;0;0;15;12
33324;693;200;15;12;0;0;15;12
33334;714;200;15;12;0;0;15;12
33335;735;200;15;12;0;0;15;12
33337;756;200;15;12;0;0;15;12
33351;777;200;15;12;0;0;15;12
33382;798;200;15;12;0;0;15;12
33391;819;200;15;12;0;0;15;12
33394;840;200;15;12;0;0;15;12
33398;861;200;15;12;0;0;15;12
33419;882;200;15;12;0;0;15;12
33437;903;200;15;12;0;0;15;12
33455;924;200;15;12;0;0;15;12
33457;945;200;15;12;0;0;15;12
33459;966;200;15;12;0;0;15;12
33464;987;200;15;12;0;0;15;12
33469;1008;200;15;12;0;0;15;12
33495;1029;200;15;12;0;0;15;12
33499;1050;200;15;12;0;0;15;12
33509;1071;200;15;12;0;0;15;12
33510;1092;200;15;12;0;0;15;12
33521;1113;200;15;12;0;0;15;12
33538;1134;200;15;12;0;0;15;12
33550;1155;200;15;12;0;0;15;12
33576;1176;200;15;12;0;0;15;12
33590;1197;200;15;12;0;0;15;12
33609;1218;200;15;12;0;0;15;12
33618;1239;200;15;12;0;0;15;12
33624;1260;200;15;12;0;0;15;12
33655;1281;200;15;12;0;0;15;12
33738;1302;200;15;12;0;0;15;12
33740;1323;200;15;12;0;0;15;12
33747;1344;200;15;12;0;0;15;12
33756;1365;200;15;12;0;0;15;12
33775;1386;200;15;12;0;0;15;12
33806;1407;200;15;12;0;0;15;12
33853;1428;200;15;12;0;0;15;12
33865;1449;200;15;12;0;0;15;12
33879;1470;200;15;12;0;0;15;12
33883;1491;200;15;12;0;0;15;12
33900;1512;200;15;12;0;0;15;12
33976;1533;200;15;12;0;0;15;12
33988;1554;200;15;12;0;0;15;12
33995;1575;200;15;12;0;0;15;12
34065;1596;200;15;12;0;0;15;12
34101;1617;200;15;12;0;0;15;12
34109;1638;200;15;12;0;0;15;12
34180;1659;200;15;12;0;0;15;12
34214;1680;200;15;12;0;0;15;12
34218;1701;200;15;12;0;0;15;12
34219;1722;200;15;12;0;0;15;12
34220;1743;200;15;12;0;0;15;12
34253;1764;200;15;12;0;0;15;12
34276;1785;200;15;12;0;0;15;12
34281;1806;200;15;12;0;0;15;12
34299;1827;200;15;12;0;0;15;12
34382;1848;200;15;12;0;0;15;12
34384;1869;200;15;12;0;0;15;12
34394;1890;200;15;12;0;0;15;12
34396;1911;200;15;12;0;0;15;12
34398;1932;200;15;12;0;0;15;12
34411;1953;200;15;12;0;0;15;12
34425;1974;200;15;12;0;0;15;12
34442;1995;200;15;12;0;0;15;12
34453;2016;200;15;12;0;0;15;12
34503;2037;200;15;12;0;0;15;12
34509;2058;200;15;12;0;0;15;12
34542;2079;200;15;12;0;0;15;12
34562;2100;200;15;12;0;0;15;12
34588;2121;200;15;12;0;0;15;12
34701;2142;200;15;12;0;0;15;12
34880;2163;200;15;12;0;0;15;12
34886;2184;200;15;12;0;0;15;12
34892;2205;200;15;12;0;0;15;12
34899;2226;200;15;12;0;0;15;12
34903;2247;200;15;12;0;0;15;12
34907;2268;200;15;12;0;0;15;12
34909;2289;200;15;12;0;0;15;12
34913;2310;200;15;12;0;0;15;12
34915;2331;200;15;12;0;0;15;12
34920;2352;200;15;12;0;0;15;12
34928;2373;200;15;12;0;0;15;12
34935;2394;200;15;12;0;0;15;12
34955;2415;200;15;12;0;0;15;12
34966;2436;200;15;12;0;0;15;12
34987;2457;200;15;12;0;0;15;12
35009;2478;200;15;12;0;0;15;12
35010;2499;200;15;12;0;0;15;12
35013;2520;200;15;12;0;0;15;12
35023;2541;200;15;12;0;0;15;12
35029;2562;200;15;12;0;0;15;12
35036;2583;200;15;12;0;0;15;12
35064;2604;200;15;12;0;0;15;12
35069;2625;200;15;12;0;0;15;12
35070;2646;200;15;12;0;0;15;12
35079;2667;200;15;12;0;0;15;12
35088;2688;200;15;12;0;0;15;12
35090;2709;200;15;12;0;0;15;12
35167;2730;200;15;12;0;0;15;12
35186;2751;200;15;12;0;0;15;12
35199;2772;200;15;12;0;0;15;12
35201;2793;200;15;12;0;0;15;12
35206;2814;200;15;12;0;0;15;12
35207;2835;200;15;12;0;0;15;12
35211;2856;200;15;12;0;0;15;12
35215;2877;200;15;12;0;0;15;12
35222;2898;200;15;12;0;0;15;12
35226;2919;200;15;12;0;0;15;12
35239;2940;200;15;12;0;0;15;12
35242;2961;200;15;12;0;0;15;12
35251;2982;200;15;12;0;0;15;12
35282;3003;200;15;12;0;0;15;12
35299;3024;200;15;12;0;0;15;12
35302;3045;200;15;12;0;0;15;12
35328;3066;200;15;12;0;0;15;12
35330;3087;200;15;12;0;0;15;12
35331;3108;200;15;12;0;0;15;12
35336;3129;200;15;12;0;0;15;12
35342;3150;200;15;12;0;0;15;12
35347;3171;200;15;12;0;0;15;12
35351;3192;200;15;12;0;0;15;12
35352;3213;200;15;12;0;0;15;12
35359;3234;200;15;12;0;0;15;12
35370;3255;200;15;12;0;0;15;12
35373;3276;200;15;12;0;0;15;12
35377;3297;200;15;12;0;0;15;12
35379;3318;200;15;12;0;0;15;12
35380;3339;200;15;12;0;0;15;12
35386;3360;200;15;12;0;0;15;12
35388;3381;200;15;12;0;0;15;12
35408;3402;200;15;12;0;0;15;12
35412;3423;200;15;12;0;0;15;12
35413;3444;200;15;12;0;0;15;12
35422;3465;200;15;12;0;0;15;12
35424;3486;200;15;12;0;0;15;12
35427;3507;200;15;12;0;0;15;12
35430;3528;200;15;12;0;0;15;12
35433;3549;200;15;12;0;0;15;12
35438;3570;200;15;12;0;0;15;12
35440;3591;200;15;12;0;0;15;12
35441;3612;200;15;12;0;0;15;12
35442;3633;200;15;12;0;0;15;12
35443;3654;200;15;12;0;0;15;12
35463;3675;200;15;12;0;0;15;12
35465;3696;200;15;12;0;0;15;12
35468;3717;200;15;12;0;0;15;12
35469;3738;200;15;12;0;0;15;12
35475;3759;200;15;12;0;0;15;12
35477;3780;200;15;12;0;0;15;12
35480;3801;200;15;12;0;0;15;12
35486;3822;200;15;12;0;0;15;12
35488;3843;200;15;12;0;0;15;12
35492;3864;200;15;12;0;0;15;12
35500;3885;200;15;12;0;0;15;12
35501;3906;200;15;12;0;0;15;12
35504;3927;200;15;12;0;0;15;12
35506;3948;200;15;12;0;0;15;12
35519;3969;200;15;12;0;0;15;12
35527;3990;200;15;12;0;0;15;12
35531;4011;200;15;12;0;0;15;12
35542;4032;200;15;12;0;0;15;12
35558;4053;200;15;12;0;0;15;12
35559;4074;200;15;12;0;0;15;12
35565;0;218;15;12;0;0;15;12
35566;21;218;15;12;0;0;15;12
35576;42;218;15;12;0;0;15;12
35582;63;218;15;12;0;0;15;12
35584;84;218;15;12;0;0;15;12
35585;105;218;15;12;0;0;15;12
35588;126;218;15;12;0;0;15;12
35598;147;218;15;12;0;0;15;12
35609;168;218;15;12;0;0;15;12
35611;189;218;15;12;0;0;15;12
35613;210;218;15;12;0;0;15;12
35617;231;218;15;12;0;0;15;12
35641;252;218;15;12;0;0;15;12
35672;273;218;15;12;0;0;15;12
35676;294;218;15;12;0;0;15;12
35686;315;218;15;12;0;0;15;12
35696;336;218;15;12;0;0;15;12
35698;357;218;15;12;0;0;15;12
35703;378;218;15;12;0;0;15;12
35895;399;218;15;12;0;0;15;12
35910;420;218;15;12;0;0;15;12
35914;441;218;15;12;0;0;15;12
35930;462;218;15;12;0;0;15;12
35937;483;218;15;12;0;0;15;12
35946;504;218;15;12;0;0;15;12
35980;525;218;15;12;0;0;15;12
35997;546;218;15;12;0;0;15;12
35998;567;218;15;12;0;0;15;12
36000;588;218;15;12;0;0;15;12
36001;609;218;15;12;0;0;15;12
36002;630;218;15;12;0;0;15;12
36007;651;218;15;12;0;0;15;12
36008;672;218;15;12;0;0;15;12
36009;693;218;15;12;0;0;15;12
36010;714;218;15;12;0;0;15;12
36011;735;218;15;12;0;0;15;12
36012;756;218;15;12;0;0;15;12
36015;777;218;15;12;0;0;15;12
36020;798;218;15;12;0;0;15;12
36023;819;218;15;12;0;0;15;12
36024;840;218;15;12;0;0;15;12
36027;861;218;15;12;0;0;15;12
36028;882;218;15;12;0;0;15;12
36031;903;218;15;12;0;0;15;12
36032;924;218;15;12;0;0;15;12
36034;945;218;15;12;0;0;15;12
36035;966;218;15;12;0;0;15;12
36036;987;218;15;12;0;0;15;12
36039;1008;218;15;12;0;0;15;12
36042;1029;218;15;12;0;0;15;12
36051;1050;218;15;12;0;0;15;12
36059;1071;218;15;12;0;0;15;12
36060;1092;218;15;12;0;0;15;12
36062;1113;218;15;12;0;0;15;12
36064;1134;218;15;12;0;0;15;12
36066;1155;218;15;12;0;0;15;12
36070;1176;218;15;12;0;0;15;12
36074;1197;218;15;12;0;0;15;12
36077;1218;218;15;12;0;0;15;12
36092;1239;218;15;12;0;0;15;12
36104;1260;218;15;12;0;0;15;12
36196;1281;218;15;12;0;0;15;12
36198;1302;218;15;12;0;0;15;12
36208;1323;218;15;12;0;0;15;12
36212;1344;218;15;12;0;0;15;12
36215;1365;218;15;12;0;0;15;12
36229;1386;218;15;12;0;0;15;12
36234;1407;218;15;12;0;0;15;12
36259;1428;218;15;12;0;0;15;12
36275;1449;218;15;12;0;0;15;12
36317;1470;218;15;12;0;0;15;12
36321;1491;218;15;12;0;0;15;12
36335;1512;218;15;12;0;0;15;12
36339;1533;218;15;12;0;0;15;12
36341;1554;218;15;12;0;0;15;12
36362;1575;218;15;12;0;0;15;12
36367;1596;218;15;12;0;0;15;12
36394;1617;218;15;12;0;0;15;12
36468;1638;218;15;12;0;0;15;12
36493;1659;218;15;12;0;0;15;12
36523;1680;218;15;12;0;0;15;12
36554;1701;218;15;12;0;0;15;12
36556;1722;218;15;12;0;0;15;12
36557;1743;218;15;12;0;0;15;12
36562;1764;218;15;12;0;0;15;12
36575;1785;218;15;12;0;0;15;12
36578;1806;218;15;12;0;0;15;12
36600;1827;218;15;12;0;0;15;12
36605;1848;218;15;12;0;0;15;12
36611;1869;218;15;12;0;0;15;12
36617;1890;218;15;12;0;0;15;12
36637;1911;218;15;12;0;0;15;12
36649;1932;218;15;12;0;0;15;12
36650;1953;218;15;12;0;0;15;12
36664;1974;218;15;12;0;0;15;12
36676;1995;218;15;12;0;0;15;12
36763;2016;218;15;12;0;0;15;12
36766;2037;218;15;12;0;0;15;12
36771;2058;218;15;12;0;0;15;12
36785;2079;218;15;12;0;0;15;12
36786;2100;218;15;12;0;0;15;12
36794;2121;218;15;12;0;0;15;12
36796;2142;218;15;12;0;0;15;12
36805;2163;218;15;12;0;0;15;12
36814;2184;218;15;12;0;0;15;12
36817;2205;218;15;12;0;0;15;12
36820;2226;218;15;12;0;0;15;12
36843;2247;218;15;12;0;0;15;12
36845;2268;218;15;12;0;0;15;12
36848;2289;218;15;12;0;0;15;12
36855;2310;218;15;12;0;0;15;12
36861;2331;218;15;12;0;0;15;12
36864;2352;218;15;12;0;0;15;12
36865;2373;218;15;12;0;0;15;12
36867;2394;218;15;12;0;0;15;12
36870;2415;218;15;12;0;0;15;12
36879;2436;218;15;12;0;0;15;12
36880;2457;218;15;12;0;0;15;12
36883;2478;218;15;12;0;0;15;12
36884;2499;218;15;12;0;0;15;12
36890;2520;218;15;12;0;0;15;12
36893;2541;218;15;12;0;0;15;12
36895;2562;218;15;12;0;0;15;12
36896;2583;218;15;12;0;0;15;12
36899;2604;218;15;12;0;0;15;12
36910;2625;218;15;12;0;0;15;12
36913;2646;218;15;12;0;0;15;12
36914;2667;218;15;12;0;0;15;12
36920;2688;218;15;12;0;0;15;12
36930;2709;218;15;12;0;0;15;12
36933;2730;218;15;12;0;0;15;12
36935;2751;218;15;12;0;0;15;12
36938;2772;218;15;12;0;0;15;12
36939;2793;218;15;12;0;0;15;12
36941;2814;218;15;12;0;0;15;12
36942;2835;218;15;12;0;0;15;12
36947;2856;218;15;12;0;0;15;12
36948;2877;218;15;12;0;0;15;12
36949;2898;218;15;12;0;0;15;12
36956;2919;218;15;12;0;0;15;12
36960;2940;218;15;12;0;0;15;12
36961;2961;218;15;12;0;0;15;12
36963;2982;218;15;12;0;0;15;12
36969;3003;218;15;12;0;0;15;12
36973;3024;218;15;12;0;0;15;12
36974;3045;218;15;12;0;0;15;12
36981;3066;218;15;12;0;0;15;12
36983;3087;218;15;12;0;0;15;12
36984;3108;218;15;12;0;0;15;12
36986;3129;218;15;12;0;0;15;12
36991;3150;218;15;12;0;0;15;12
36996;3171;218;15;12;0;0;15;12
37027;3192;218;15;12;0;0;15;12
37030;3213;218;15;12;0;0;15;12
37034;3234;218;15;12;0;0;15;12
37048;3255;218;15;12;0;0;15;12
37066;3276;218;15;12;0;0;15;12
37070;3297;218;15;12;0;0;15;12
37089;3318;218;15;12;0;0;15;12
37096;3339;218;15;12;0;0;15;12
37101;3360;218;15;12;0;0;15;12
37109;3381;218;15;12;0;0;15;12
37111;3402;218;15;12;0;0;15;12
37117;3423;218;15;12;0;0;15;12
37196;3444;218;15;12;0;0;15;12
37197;3465;218;15;12;0;0;15;12
37198;3486;218;15;12;0;0;15;12
37202;3507;218;15;12;0;0;15;12
37204;3528;218;15;12;0;0;15;12
37218;3549;218;15;12;0;0;15;12
37226;3570;218;15;12;0;0;15;12
37228;3591;218;15;12;0;0;15;12
37237;3612;218;15;12;0;0;15;12
37239;3633;218;15;12;0;0;15;12
37240;3654;218;15;12;0;0;15;12
37266;3675;218;15;12;0;0;15;12
37276;3696;218;15;12;0;0;15;12
37304;3717;218;15;12;0;0;15;12
37319;3738;218;15;12;0;0;15;12
37320;3759;218;15;12;0;0;15;12
37324;3780;218;15;12;0;0;15;12
37325;3801;218;15;12;0;0;15;12
37326;3822;218;15;12;0;0;15;12
37327;3843;218;15;12;0;0;15;12
37329;3864;218;15;12;0;0;15;12
37340;3885;218;15;12;0;0;15;12
37341;3906;218;15;12;0;0;15;12
37347;3927;218;15;12;0;0;15;12
37389;3948;218;15;12;0;0;15;12
37428;3969;218;15;12;0;0;15;12
37444;3990;218;15;12;0;0;15;12
37467;4011;218;15;12;0;0;15;12
37474;4032;218;15;12;0;0;15;12
37489;4053;218;15;12;0;0;15;12
37504;4074;218;15;12;0;0;15;12
37507;0;236;15;12;0;0;15;12
37509;21;236;15;12;0;0;15;12
37528;42;236;15;12;0;0;15;12
37549;63;236;15;12;0;0;15;12
37613;84;236;15;12;0;0;15;12
37619;105;236;15;12;0;0;15;12
37628;126;236;15;12;0;0;15;12
37664;147;236;15;12;0;0;15;12
37670;168;236;15;12;0;0;15;12
37676;189;236;15;12;0;0;15;12
37678;210;236;15;12;0;0;15;12
37679;231;236;15;12;0;0;15;12
37682;252;236;15;12;0;0;15;12
37707;273;236;15;12;0;0;15;12
37723;294;236;15;12;0;0;15;12
37749;315;236;15;12;0;0;15;12
37772;336;236;15;12;0;0;15;12
37782;357;236;15;12;0;0;15;12
37806;378;236;15;12;0;0;15;12
37857;399;236;15;12;0;0;15;12
37912;420;236;15;12;0;0;15;12
37969;441;236;15;12;0;0;15;12
38263;462;236;15;12;0;0;15;12
38272;483;236;15;12;0;0;15;12
38281;504;236;15;12;0;0;15;12
38283;525;236;15;12;0;0;15;12
38289;546;236;15;12;0;0;15;12
38291;567;236;15;12;0;0;15;12
38306;588;236;15;12;0;0;15;12
38307;609;236;15;12;0;0;15;12
38309;630;236;15;12;0;0;15;12
38322;651;236;15;12;0;0;15;12
38343;672;236;15;12;0;0;15;12
38360;693;236;15;12;0;0;15;12
38428;714;236;15;12;0;0;15;12
38442;735;236;15;12;0;0;15;12
38450;756;236;15;12;0;0;15;12
38459;777;236;15;12;0;0;15;12
38468;798;236;15;12;0;0;15;12
38477;819;236;15;12;0;0;15;12
38480;840;236;15;12;0;0;15;12
38491;861;236;15;12;0;0;15;12
38498;882;236;15;12;0;0;15;12
38499;903;236;15;12;0;0;15;12
38500;924;236;15;12;0;0;15;12
38501;945;236;15;12;0;0;15;12
38506;966;236;15;12;0;0;15;12
38512;987;236;15;12;0;0;15;12
38515;1008;236;15;12;0;0;15;12
38517;1029;236;15;12;0;0;15;12
38518;1050;236;15;12;0;0;15;12
38520;1071;236;15;12;0;0;15;12
38522;1092;236;15;12;0;0;15;12
38525;1113;236;15;12;0;0;15;12
38533;1134;236;15;12;0;0;15;12
38534;1155;236;15;12;0;0;15;12
38538;1176;236;15;12;0;0;15;12
38542;1197;236;15;12;0;0;15;12
38543;1218;236;15;12;0;0;15;12
38548;1239;236;15;12;0;0;15;12
38553;1260;236;15;12;0;0;15;12
38555;1281;236;15;12;0;0;15;12
38556;1302;236;15;12;0;0;15;12
38560;1323;236;15;12;0;0;15;12
38563;1344;236;15;12;0;0;15;12
38583;1365;236;15;12;0;0;15;12
38587;1386;236;15;12;0;0;15;12
38596;1407;236;15;12;0;0;15;12
38597;1428;236;15;12;0;0;15;12
38598;1449;236;15;12;0;0;15;12
38599;1470;236;15;12;0;0;15;12
38604;1491;236;15;12;0;0;15;12
38609;1512;236;15;12;0;0;15;12
38626;1533;236;15;12;0;0;15;12
38627;1554;236;15;12;0;0;15;12
38632;1575;236;15;12;0;0;15;12
38634;1596;236;15;12;0;0;15;12
38640;1617;236;15;12;0;0;15;12
38642;1638;236;15;12;0;0;15;12
38646;1659;236;15;12;0;0;15;12
38647;1680;236;15;12;0;0;15;12
38651;1701;236;15;12;0;0;15;12
38656;1722;236;15;12;0;0;15;12
38663;1743;236;15;12;0;0;15;12
38666;1764;236;15;12;0;0;15;12
38684;1785;236;15;12;0;0;15;12
38695;1806;236;15;12;0;0;15;12
38706;1827;236;15;12;0;0;15;12
38738;1848;236;15;12;0;0;15;12
38745;1869;236;15;12;0;0;15;12
38750;1890;236;15;12;0;0;15;12
38754;1911;236;15;12;0;0;15;12
38761;1932;236;15;12;0;0;15;12
38772;1953;236;15;12;0;0;15;12
38867;1974;236;15;12;0;0;15;12
38899;1995;236;15;12;0;0;15;12
38907;2016;236;15;12;0;0;15;12
38911;2037;236;15;12;0;0;15;12
38914;2058;236;15;12;0;0;15;12
38915;2079;236;15;12;0;0;15;12
38917;2100;236;15;12;0;0;15;12
38918;2121;236;15;12;0;0;15;12
38920;2142;236;15;12;0;0;15;12
38928;2163;236;15;12;0;0;15;12
38929;2184;236;15;12;0;0;15;12
38930;2205;236;15;12;0;0;15;12
38931;2226;236;15;12;0;0;15;12
38936;2247;236;15;12;0;0;15;12
38957;2268;236;15;12;0;0;15;12
38960;2289;236;15;12;0;0;15;12
38971;2310;236;15;12;0;0;15;12
38972;2331;236;15;12;0;0;15;12
38988;2352;236;15;12;0;0;15;12
38989;2373;236;15;12;0;0;15;12
38990;2394;236;15;12;0;0;15;12
38996;2415;236;15;12;0;0;15;12
38997;2436;236;15;12;0;0;15;12
39000;2457;236;15;12;0;0;15;12
39006;2478;236;15;12;0;0;15;12
39015;2499;236;15;12;0;0;15;12
39080;2520;236;15;12;0;0;15;12
39131;2541;236;15;12;0;0;15;12
39135;2562;236;15;12;0;0;15;12
39138;2583;236;15;12;0;0;15;12
39151;2604;236;15;12;0;0;15;12
39154;2625;236;15;12;0;0;15;12
39164;2646;236;15;12;0;0;15;12
39165;2667;236;15;12;0;0;15;12
39166;2688;236;15;12;0;0;15;12
39173;2709;236;15;12;0;0;15;12
39178;2730;236;15;12;0;0;15;12
39180;2751;236;15;12;0;0;15;12
39187;2772;236;15;12;0;0;15;12
39208;2793;236;15;12;0;0;15;12
39318;2814;236;15;12;0;0;15;12
39321;2835;236;15;12;0;0;15;12
39340;2856;236;15;12;0;0;15;12
39364;2877;236;15;12;0;0;15;12
39365;2898;236;15;12;0;0;15;12
39366;2919;236;15;12;0;0;15;12
39376;2940;236;15;12;0;0;15;12
39378;2961;236;15;12;0;0;15;12
39438;2982;236;15;12;0;0;15;12
39442;3003;236;15;12;0;0;15;12
39443;3024;236;15;12;0;0;15;12
39472;3045;236;15;12;0;0;15;12
39514;3066;236;15;12;0;0;15;12
39592;3087;236;15;12;0;0;15;12
39608;3108;236;15;12;0;0;15;12
39620;3129;236;15;12;0;0;15;12
39640;3150;236;15;12;0;0;15;12
39658;3171;236;15;12;0;0;15;12
39729;3192;236;15;12;0;0;15;12
39740;3213;236;15;12;0;0;15;12
39746;3234;236;15;12;0;0;15;12
39749;3255;236;15;12;0;0;15;12
39764;3276;236;15;12;0;0;15;12
39770;3297;236;15;12;0;0;15;12
39854;3318;236;15;12;0;0;15;12
39912;3339;236;15;12;0;0;15;12
40165;3360;236;15;12;0;0;15;12
40180;3381;236;15;12;0;0;15;12
40335;3402;236;15;12;0;0;15;12
40372;3423;236;15;12;0;0;15;12
40575;3444;236;15;12;0;0;15;12
40595;3465;236;15;12;0;0;15;12
40599;3486;236;15;12;0;0;15;12
40614;3507;236;15;12;0;0;15;12
40634;3528;236;15;12;0;0;15;12
40635;3549;236;15;12;0;0;15;12
40644;3570;236;15;12;0;0;15;12
40658;3591;236;15;12;0;0;15;12
40665;3612;236;15;12;0;0;15;12
40723;3633;236;15;12;0;0;15;12
40763;3654;236;15;12;0;0;15;12
40802;3675;236;15;12;0;0;15;12
65381;3696;236;15;12;0;0;15;12
65382;3717;236;15;12;0;0;15;12
65383;3738;236;15;12;0;0;15;12
65384;3759;236;15;12;0;0;15;12
65385;3780;236;15;12;0;0;15;12
65386;3801;236;15;12;0;0;15;12
65387;3822;236;15;12;0;0;15;12
65388;3843;236;15;12;0;0;15;12
65389;3864;236;15;12;0;0;15;12
65390;3885;236;15;12;0;0;15;12
65391;3906;236;15;12;0;0;15;12
65392;3927;236;15;12;0;0;15;12
65393;3948;236;15;12;0;0;15;12
65394;3969;236;15;12;0;0;15;12
65395;3990;236;15;12;0;0;15;12
65396;4011;236;15;12;0;0;15;12
65397;4032;236;15;12;0;0;15;12
65398;4053;236;15;12;0;0;15;12
65399;4074;236;15;12;0;0;15;12
65400;0;254;15;12;0;0;15;12
65401;21;254;15;12;0;0;15;12
65402;42;254;15;12;0;0;15;12
65403;63;254;15;12;0;0;15;12
65404;84;254;15;12;0;0;15;12
65405;105;254;15;12;0;0;15;12
65406;126;254;15;12;0;0;15;12
65407;147;254;15;12;0;0;15;12
65408;168;254;15;12;0;0;15;12
65409;189;254;15;12;0;0;15;12
65410;210;254;15;12;0;0;15;12
65411;231;254;15;12;0;0;15;12
65412;252;254;15;12;0;0;15;12
65413;273;254;15;12;0;0;15;12
65414;294;254;15;12;0;0;15;12
65415;315;254;15;12;0;0;15;12
65416;336;254;15;12;0;0;15;12
65417;357;254;15;12;0;0;15;12
65418;378;254;15;12;0;0;15;12
65419;399;254;15;12;0;0;15;12
65420;420;254;15;12;0;0;15;12
65421;441;254;15;12;0;0;15;12
65422;462;254;15;12;0;0;15;12
65423;483;254;15;12;0;0;15;12
65424;504;254;15;12;0;0;15;12
65425;525;254;15;12;0;0;15;12
65426;546;254;15;12;0;0;15;12
65427;567;254;15;12;0;0;15;12
65428;588;254;15;12;0;0;15;12
65429;609;254;15;12;0;0;15;12
65430;630;254;15;12;0;0;15;12
65431;651;254;15;12;0;0;15;12
65432;672;254;15;12;0;0;15;12
65433;693;254;15;12;0;0;15;12
65434;714;254;15;12;0;0;15;12
65435;735;254;15;12;0;0;15;12
65436;756;254;15;12;0;0;15;12
65437;777;254;15;12;0;0;15;12
65438;798;254;15;12;0;0;15;12
65439;819;254;15;12;0;0;15;12
65281;0;272;15;12;0;0;15;12
65283;21;272;15;12;0;0;15;12
65284;42;272;15;12;0;0;15;12
65285;63;272;15;12;0;0;15;12
65288;84;272;14;12;0;0;14;12
65289;104;272;14;12;0;0;14;12
65292;124;272;15;12;0;0;15;12
65296;145;272;15;12;0;0;15;12
65297;166;272;15;12;0;0;15;12
65298;187;272;15;12;0;0;15;12
65299;208;272;15;12;0;0;15;12
65300;229;272;15;12;0;0;15;12
65301;250;272;15;12;0;0;15;12
65302;271;272;15;12;0;0;15;12
65303;292;272;15;12;0;0;15;12
65304;313;272;15;12;0;0;15;12
65305;334;272;15;12;0;0;15;12
65306;355;272;15;12;0;0;15;12
65307;376;272;15;12;0;0;15;12
65311;397;272;15;12;0;0;15;12
65371;418;272;15;12;0;0;15;12
65373;439;272;15;12;0;0;15;12
65374;460;272;15;12;0;0;15;12
65509;481;272;15;12;0;0;15;12
