24;0.5;0.5;18
32;0;0;11;22;0;0;11;22
33;11;0;15;22;0;0;15;22
34;26;0;15;22;0;0;15;22
35;41;0;15;22;0;0;15;22
36;56;0;15;22;0;0;15;22
37;71;0;15;22;0;0;15;22
38;86;0;15;22;0;0;15;22
39;101;0;15;22;0;0;15;22
40;116;0;15;22;0;0;15;22
41;131;0;15;22;0;0;15;22
42;146;0;15;22;0;0;15;22
43;161;0;15;22;0;0;15;22
44;176;0;15;22;0;0;15;22
45;191;0;15;22;0;0;15;22
46;206;0;15;22;0;0;15;22
47;221;0;15;22;0;0;15;22
48;236;0;15;22;0;0;15;22
49;251;0;15;22;0;0;15;22
50;266;0;15;22;0;0;15;22
51;281;0;15;22;0;0;15;22
52;296;0;15;22;0;0;15;22
53;311;0;15;22;0;0;15;22
54;326;0;15;22;0;0;15;22
55;341;0;15;22;0;0;15;22
56;356;0;15;22;0;0;15;22
57;371;0;15;22;0;0;15;22
58;386;0;9;22;0;0;9;22
59;395;0;15;22;0;0;15;22
60;410;0;15;22;0;0;15;22
61;425;0;15;22;0;0;15;22
62;440;0;15;22;0;0;15;22
63;455;0;15;22;0;0;15;22
64;470;0;15;22;0;0;15;22
65;485;0;15;22;0;0;15;22
66;500;0;15;22;0;0;15;22
67;515;0;15;22;0;0;15;22
68;530;0;15;22;0;0;15;22
69;545;0;15;22;0;0;15;22
70;560;0;15;22;0;0;15;22
71;575;0;15;22;0;0;15;22
72;590;0;15;22;0;0;15;22
73;605;0;15;22;0;0;15;22
74;620;0;15;22;0;0;15;22
75;635;0;15;22;0;0;15;22
76;650;0;15;22;0;0;15;22
77;665;0;18;22;0;0;18;22
78;683;0;15;22;0;0;15;22
79;698;0;15;22;0;0;15;22
80;713;0;15;22;0;0;15;22
81;728;0;15;22;0;0;15;22
82;743;0;15;22;0;0;15;22
83;758;0;15;22;0;0;15;22
84;773;0;15;22;0;0;15;22
85;788;0;15;22;0;0;15;22
86;803;0;15;22;0;0;15;22
87;818;0;18;22;0;0;18;22
88;836;0;15;22;0;0;15;22
89;851;0;15;22;0;0;15;22
90;866;0;15;22;0;0;15;22
91;881;0;15;22;0;0;15;22
92;896;0;15;22;0;0;15;22
93;911;0;15;22;0;0;15;22
94;926;0;15;22;0;0;15;22
95;941;0;15;22;0;0;15;22
96;956;0;15;22;0;0;15;22
97;971;0;15;22;0;0;15;22
98;986;0;15;22;0;0;15;22
99;1001;0;15;22;0;0;15;22
100;1016;0;15;22;0;0;15;22
101;1031;0;15;22;0;0;15;22
102;1046;0;15;22;0;0;15;22
103;1061;0;15;22;0;0;15;22
104;1076;0;15;22;0;0;15;22
105;1091;0;15;22;0;0;15;22
106;1106;0;15;22;0;0;15;22
107;1121;0;15;22;0;0;15;22
108;1136;0;15;22;0;0;15;22
109;1151;0;18;22;0;0;18;22
110;1169;0;15;22;0;0;15;22
111;1184;0;15;22;0;0;15;22
112;1199;0;15;22;0;0;15;22
113;1214;0;15;22;0;0;15;22
114;1229;0;15;22;0;0;15;22
115;1244;0;15;22;0;0;15;22
116;1259;0;15;22;0;0;15;22
117;1274;0;15;22;0;0;15;22
118;1289;0;15;22;0;0;15;22
119;1304;0;18;22;0;0;18;22
120;1322;0;15;22;0;0;15;22
121;1337;0;15;22;0;0;15;22
122;1352;0;15;22;0;0;15;22
123;1367;0;15;22;0;0;15;22
124;1382;0;15;22;0;0;15;22
125;1397;0;15;22;0;0;15;22
126;1412;0;15;22;0;0;15;22
183;1427;0;15;22;0;0;15;22
224;1442;0;15;22;0;0;15;22
225;1457;0;15;22;0;0;15;22
230;1472;0;15;22;0;0;15;22
232;1487;0;15;22;0;0;15;22
242;1502;0;15;22;0;0;15;22
249;1517;0;15;22;0;0;15;22
250;1532;0;15;22;0;0;15;22
257;1547;0;15;22;0;0;15;22
283;1562;0;15;22;0;0;15;22
299;1577;0;15;22;0;0;15;22
305;1592;0;15;22;0;0;15;22
333;1607;0;15;22;0;0;15;22
462;1622;0;15;22;0;0;15;22
466;1637;0;15;22;0;0;15;22
916;1652;0;15;22;0;0;15;22
960;1667;0;15;22;0;0;15;22
8592;1682;0;15;22;0;0;15;22
8593;1697;0;15;22;0;0;15;22
8594;1712;0;15;22;0;0;15;22
8595;1727;0;15;22;0;0;15;22
8734;1742;0;35;22;0;0;35;22
65381;1777;0;15;22;0;0;15;22
65382;1792;0;15;22;0;0;15;22
65383;1807;0;15;22;0;0;15;22
65384;1822;0;15;22;0;0;15;22
65385;1837;0;15;22;0;0;15;22
65386;1852;0;15;22;0;0;15;22
65387;1867;0;15;22;0;0;15;22
65388;1882;0;15;22;0;0;15;22
65389;1897;0;15;22;0;0;15;22
65390;1912;0;15;22;0;0;15;22
65391;1927;0;15;22;0;0;15;22
65392;1942;0;15;22;0;0;15;22
65393;1957;0;15;22;0;0;15;22
65394;1972;0;15;22;0;0;15;22
65395;1987;0;15;22;0;0;15;22
65396;2002;0;15;22;0;0;15;22
65397;2017;0;15;22;0;0;15;22
65398;2032;0;15;22;0;0;15;22
65399;2047;0;15;22;0;0;15;22
65400;2062;0;15;22;0;0;15;22
65401;2077;0;15;22;0;0;15;22
65402;2092;0;15;22;0;0;15;22
65403;2107;0;15;22;0;0;15;22
65404;2122;0;15;22;0;0;15;22
65405;2137;0;15;22;0;0;15;22
65406;2152;0;15;22;0;0;15;22
65407;2167;0;15;22;0;0;15;22
65408;2182;0;15;22;0;0;15;22
65409;2197;0;15;22;0;0;15;22
65410;2212;0;15;22;0;0;15;22
65411;2227;0;15;22;0;0;15;22
65412;2242;0;15;22;0;0;15;22
65413;2257;0;15;22;0;0;15;22
65414;2272;0;15;22;0;0;15;22
65415;2287;0;15;22;0;0;15;22
65416;2302;0;15;22;0;0;15;22
65417;2317;0;15;22;0;0;15;22
65418;2332;0;15;22;0;0;15;22
65419;2347;0;15;22;0;0;15;22
65420;2362;0;15;22;0;0;15;22
65421;2377;0;15;22;0;0;15;22
65422;2392;0;15;22;0;0;15;22
65423;2407;0;15;22;0;0;15;22
65424;2422;0;15;22;0;0;15;22
65425;2437;0;15;22;0;0;15;22
65426;2452;0;15;22;0;0;15;22
65427;2467;0;15;22;0;0;15;22
65428;2482;0;15;22;0;0;15;22
65429;2497;0;15;22;0;0;15;22
65430;2512;0;15;22;0;0;15;22
65431;2527;0;15;22;0;0;15;22
65432;2542;0;15;22;0;0;15;22
65433;2557;0;15;22;0;0;15;22
65434;2572;0;15;22;0;0;15;22
65435;2587;0;15;22;0;0;15;22
65436;2602;0;15;22;0;0;15;22
65437;2617;0;15;22;0;0;15;22
65438;2632;0;15;22;0;0;15;22
65439;2647;0;15;22;0;0;15;22
711;0;22;16;16;0;0;16;16
714;16;22;16;16;0;0;16;16
715;32;22;16;16;0;0;16;16
729;48;22;16;16;0;0;16;16
8212;64;22;16;16;0;0;16;16
8216;80;22;16;16;0;0;16;16
8217;96;22;16;16;0;0;16;16
8220;112;22;16;16;0;0;16;16
8221;128;22;16;16;0;0;16;16
8230;144;22;16;16;0;0;16;16
8592;160;22;16;16;0;0;16;16
8593;176;22;16;16;0;0;16;16
8594;192;22;16;16;0;0;16;16
8595;208;22;16;16;0;0;16;16
9320;224;22;16;16;0;0;16;16
9734;240;22;16;16;0;0;16;16
12288;256;22;16;16;0;0;16;16
12289;272;22;16;16;0;0;16;16
12290;288;22;16;16;0;0;16;16
12293;304;22;16;16;0;0;16;16
12298;320;22;16;16;0;0;16;16
12299;336;22;16;16;0;0;16;16
12300;352;22;16;16;0;0;16;16
12301;368;22;16;16;0;0;16;16
12302;384;22;16;16;0;0;16;16
12303;400;22;16;16;0;0;16;16
12304;416;22;16;16;0;0;16;16
12305;432;22;16;16;0;0;16;16
12308;448;22;16;16;0;0;16;16
12309;464;22;16;16;0;0;16;16
12310;480;22;16;16;0;0;16;16
12311;496;22;16;16;0;0;16;16
12353;0;38;16;16;0;0;16;16
12354;16;38;16;16;0;0;16;16
12355;32;38;16;16;0;0;16;16
12356;48;38;16;16;0;0;16;16
12357;64;38;16;16;0;0;16;16
12358;80;38;16;16;0;0;16;16
12359;96;38;16;16;0;0;16;16
12360;112;38;16;16;0;0;16;16
12361;128;38;16;16;0;0;16;16
12362;144;38;16;16;0;0;16;16
12363;160;38;16;16;0;0;16;16
12364;176;38;16;16;0;0;16;16
12365;192;38;16;16;0;0;16;16
12366;208;38;16;16;0;0;16;16
12367;224;38;16;16;0;0;16;16
12368;240;38;16;16;0;0;16;16
12369;256;38;16;16;0;0;16;16
12370;272;38;16;16;0;0;16;16
12371;288;38;16;16;0;0;16;16
12372;304;38;16;16;0;0;16;16
12373;320;38;16;16;0;0;16;16
12374;336;38;16;16;0;0;16;16
12375;352;38;16;16;0;0;16;16
12376;368;38;16;16;0;0;16;16
12377;384;38;16;16;0;0;16;16
12378;400;38;16;16;0;0;16;16
12379;416;38;16;16;0;0;16;16
12380;432;38;16;16;0;0;16;16
12381;448;38;16;16;0;0;16;16
12382;464;38;16;16;0;0;16;16
12383;480;38;16;16;0;0;16;16
12384;496;38;16;16;0;0;16;16
12385;512;38;16;16;0;0;16;16
12386;528;38;16;16;0;0;16;16
12387;544;38;16;16;0;0;16;16
12388;560;38;16;16;0;0;16;16
12389;576;38;16;16;0;0;16;16
12390;592;38;16;16;0;0;16;16
12391;608;38;16;16;0;0;16;16
12392;624;38;16;16;0;0;16;16
12393;640;38;16;16;0;0;16;16
12394;656;38;16;16;0;0;16;16
12395;672;38;16;16;0;0;16;16
12396;688;38;16;16;0;0;16;16
12397;704;38;16;16;0;0;16;16
12398;720;38;16;16;0;0;16;16
12399;736;38;16;16;0;0;16;16
12400;752;38;16;16;0;0;16;16
12401;768;38;16;16;0;0;16;16
12402;784;38;16;16;0;0;16;16
12403;800;38;16;16;0;0;16;16
12404;816;38;16;16;0;0;16;16
12405;832;38;16;16;0;0;16;16
12406;848;38;16;16;0;0;16;16
12407;864;38;16;16;0;0;16;16
12408;880;38;16;16;0;0;16;16
12409;896;38;16;16;0;0;16;16
12410;912;38;16;16;0;0;16;16
12411;928;38;16;16;0;0;16;16
12412;944;38;16;16;0;0;16;16
12413;960;38;16;16;0;0;16;16
12414;976;38;16;16;0;0;16;16
12415;992;38;16;16;0;0;16;16
12416;1008;38;16;16;0;0;16;16
12417;1024;38;16;16;0;0;16;16
12418;1040;38;16;16;0;0;16;16
12419;1056;38;16;16;0;0;16;16
12420;1072;38;16;16;0;0;16;16
12421;1088;38;16;16;0;0;16;16
12422;1104;38;16;16;0;0;16;16
12423;1120;38;16;16;0;0;16;16
12424;1136;38;16;16;0;0;16;16
12425;1152;38;16;16;0;0;16;16
12426;1168;38;16;16;0;0;16;16
12427;1184;38;16;16;0;0;16;16
12428;1200;38;16;16;0;0;16;16
12429;1216;38;16;16;0;0;16;16
12430;1232;38;16;16;0;0;16;16
12431;1248;38;16;16;0;0;16;16
12432;1264;38;16;16;0;0;16;16
12433;1280;38;16;16;0;0;16;16
12434;1296;38;16;16;0;0;16;16
12435;1312;38;16;16;0;0;16;16
12436;1328;38;16;16;0;0;16;16
12437;1344;38;16;16;0;0;16;16
12438;1360;38;16;16;0;0;16;16
12443;1376;38;16;16;0;0;16;16
12444;1392;38;16;16;0;0;16;16
12445;1408;38;16;16;0;0;16;16
12446;1424;38;16;16;0;0;16;16
12448;1440;38;16;16;0;0;16;16
12449;1456;38;16;16;0;0;16;16
12450;1472;38;16;16;0;0;16;16
12451;1488;38;16;16;0;0;16;16
12452;1504;38;16;16;0;0;16;16
12453;1520;38;16;16;0;0;16;16
12454;1536;38;16;16;0;0;16;16
12455;1552;38;16;16;0;0;16;16
12456;1568;38;16;16;0;0;16;16
12457;1584;38;16;16;0;0;16;16
12458;1600;38;16;16;0;0;16;16
12459;1616;38;16;16;0;0;16;16
12460;1632;38;16;16;0;0;16;16
12461;1648;38;16;16;0;0;16;16
12462;1664;38;16;16;0;0;16;16
12463;1680;38;16;16;0;0;16;16
12464;1696;38;16;16;0;0;16;16
12465;1712;38;16;16;0;0;16;16
12466;1728;38;16;16;0;0;16;16
12467;1744;38;16;16;0;0;16;16
12468;1760;38;16;16;0;0;16;16
12469;1776;38;16;16;0;0;16;16
12470;1792;38;16;16;0;0;16;16
12471;1808;38;16;16;0;0;16;16
12472;1824;38;16;16;0;0;16;16
12473;1840;38;16;16;0;0;16;16
12474;1856;38;16;16;0;0;16;16
12475;1872;38;16;16;0;0;16;16
12476;1888;38;16;16;0;0;16;16
12477;1904;38;16;16;0;0;16;16
12478;1920;38;16;16;0;0;16;16
12479;1936;38;16;16;0;0;16;16
12480;1952;38;16;16;0;0;16;16
12481;1968;38;16;16;0;0;16;16
12482;1984;38;16;16;0;0;16;16
12483;2000;38;16;16;0;0;16;16
12484;2016;38;16;16;0;0;16;16
12485;2032;38;16;16;0;0;16;16
12486;2048;38;16;16;0;0;16;16
12487;2064;38;16;16;0;0;16;16
12488;2080;38;16;16;0;0;16;16
12489;2096;38;16;16;0;0;16;16
12490;2112;38;16;16;0;0;16;16
12491;2128;38;16;16;0;0;16;16
12492;2144;38;16;16;0;0;16;16
12493;2160;38;16;16;0;0;16;16
12494;2176;38;16;16;0;0;16;16
12495;2192;38;16;16;0;0;16;16
12496;2208;38;16;16;0;0;16;16
12497;2224;38;16;16;0;0;16;16
12498;2240;38;16;16;0;0;16;16
12499;2256;38;16;16;0;0;16;16
12500;2272;38;16;16;0;0;16;16
12501;2288;38;16;16;0;0;16;16
12502;2304;38;16;16;0;0;16;16
12503;2320;38;16;16;0;0;16;16
12504;2336;38;16;16;0;0;16;16
12505;2352;38;16;16;0;0;16;16
12506;2368;38;16;16;0;0;16;16
12507;2384;38;16;16;0;0;16;16
12508;2400;38;16;16;0;0;16;16
12509;2416;38;16;16;0;0;16;16
12510;2432;38;16;16;0;0;16;16
12511;2448;38;16;16;0;0;16;16
12512;2464;38;16;16;0;0;16;16
12513;2480;38;16;16;0;0;16;16
12514;2496;38;16;16;0;0;16;16
12515;2512;38;16;16;0;0;16;16
12516;2528;38;16;16;0;0;16;16
12517;2544;38;16;16;0;0;16;16
12518;2560;38;16;16;0;0;16;16
12519;2576;38;16;16;0;0;16;16
12520;2592;38;16;16;0;0;16;16
12521;2608;38;16;16;0;0;16;16
12522;2624;38;16;16;0;0;16;16
12523;2640;38;16;16;0;0;16;16
12524;2656;38;16;16;0;0;16;16
12525;2672;38;16;16;0;0;16;16
12526;2688;38;16;16;0;0;16;16
12527;2704;38;16;16;0;0;16;16
12528;2720;38;16;16;0;0;16;16
12529;2736;38;16;16;0;0;16;16
12530;2752;38;16;16;0;0;16;16
12531;2768;38;16;16;0;0;16;16
12532;2784;38;16;16;0;0;16;16
12533;2800;38;16;16;0;0;16;16
12534;2816;38;16;16;0;0;16;16
12535;2832;38;16;16;0;0;16;16
12536;2848;38;16;16;0;0;16;16
12537;2864;38;16;16;0;0;16;16
12538;2880;38;16;16;0;0;16;16
12540;2896;38;16;16;0;0;16;16
12541;2912;38;16;16;0;0;16;16
12542;2928;38;16;16;0;0;16;16
12549;2944;38;16;16;0;0;16;16
12550;2960;38;16;16;0;0;16;16
14615;2976;38;16;16;0;0;16;16
14705;2992;38;16;16;0;0;16;16
17868;3008;38;16;16;0;0;16;16
19904;3024;38;16;16;0;0;16;16
19905;3040;38;16;16;0;0;16;16
19906;3056;38;16;16;0;0;16;16
19968;3072;38;16;16;0;0;16;16
19969;3088;38;16;16;0;0;16;16
19971;3104;38;16;16;0;0;16;16
19975;3120;38;16;16;0;0;16;16
19976;3136;38;16;16;0;0;16;16
19977;3152;38;16;16;0;0;16;16
19978;3168;38;16;16;0;0;16;16
19979;3184;38;16;16;0;0;16;16
19981;3200;38;16;16;0;0;16;16
19982;3216;38;16;16;0;0;16;16
19988;3232;38;16;16;0;0;16;16
19990;3248;38;16;16;0;0;16;16
19992;3264;38;16;16;0;0;16;16
19993;3280;38;16;16;0;0;16;16
20001;3296;38;16;16;0;0;16;16
20006;3312;38;16;16;0;0;16;16
20013;3328;38;16;16;0;0;16;16
20018;3344;38;16;16;0;0;16;16
20024;3360;38;16;16;0;0;16;16
20025;3376;38;16;16;0;0;16;16
20027;3392;38;16;16;0;0;16;16
20028;3408;38;16;16;0;0;16;16
20037;3424;38;16;16;0;0;16;16
20047;3440;38;16;16;0;0;16;16
20055;3456;38;16;16;0;0;16;16
20057;3472;38;16;16;0;0;16;16
20061;3488;38;16;16;0;0;16;16
20062;3504;38;16;16;0;0;16;16
20081;3520;38;16;16;0;0;16;16
20083;3536;38;16;16;0;0;16;16
20094;3552;38;16;16;0;0;16;16
20096;3568;38;16;16;0;0;16;16
20102;3584;38;16;16;0;0;16;16
20104;3600;38;16;16;0;0;16;16
20105;3616;38;16;16;0;0;16;16
20107;3632;38;16;16;0;0;16;16
20108;3648;38;16;16;0;0;16;16
20114;3664;38;16;16;0;0;16;16
20116;3680;38;16;16;0;0;16;16
20117;3696;38;16;16;0;0;16;16
20124;3712;38;16;16;0;0;16;16
20129;3728;38;16;16;0;0;16;16
20132;3744;38;16;16;0;0;16;16
20139;3760;38;16;16;0;0;16;16
20140;3776;38;16;16;0;0;16;16
20141;3792;38;16;16;0;0;16;16
20154;3808;38;16;16;0;0;16;16
20161;3824;38;16;16;0;0;16;16
20170;3840;38;16;16;0;0;16;16
20171;3856;38;16;16;0;0;16;16
20175;3872;38;16;16;0;0;16;16
20181;3888;38;16;16;0;0;16;16
20182;3904;38;16;16;0;0;16;16
20184;3920;38;16;16;0;0;16;16
20185;3936;38;16;16;0;0;16;16
20195;3952;38;16;16;0;0;16;16
20196;3968;38;16;16;0;0;16;16
20197;3984;38;16;16;0;0;16;16
20206;4000;38;16;16;0;0;16;16
20208;4016;38;16;16;0;0;16;16
20210;4032;38;16;16;0;0;16;16
20214;4048;38;16;16;0;0;16;16
20219;4064;38;16;16;0;0;16;16
20225;4080;38;16;16;0;0;16;16
20238;0;54;16;16;0;0;16;16
20239;16;54;16;16;0;0;16;16
20240;32;54;16;16;0;0;16;16
20241;48;54;16;16;0;0;16;16
20250;64;54;16;16;0;0;16;16
20253;80;54;16;16;0;0;16;16
20271;96;54;16;16;0;0;16;16
20276;112;54;16;16;0;0;16;16
20280;128;54;16;16;0;0;16;16
20282;144;54;16;16;0;0;16;16
20284;160;54;16;16;0;0;16;16
20294;176;54;16;16;0;0;16;16
20301;192;54;16;16;0;0;16;16
20302;208;54;16;16;0;0;16;16
20303;224;54;16;16;0;0;16;16
20304;240;54;16;16;0;0;16;16
20307;256;54;16;16;0;0;16;16
20309;272;54;16;16;0;0;16;16
20313;288;54;16;16;0;0;16;16
20316;304;54;16;16;0;0;16;16
20339;320;54;16;16;0;0;16;16
20341;336;54;16;16;0;0;16;16
20351;352;54;16;16;0;0;16;16
20363;368;54;16;16;0;0;16;16
20365;384;54;16;16;0;0;16;16
20379;400;54;16;16;0;0;16;16
20381;416;54;16;16;0;0;16;16
20385;432;54;16;16;0;0;16;16
20398;448;54;16;16;0;0;16;16
20399;464;54;16;16;0;0;16;16
20405;480;54;16;16;0;0;16;16
20406;496;54;16;16;0;0;16;16
20415;512;54;16;16;0;0;16;16
20418;528;54;16;16;0;0;16;16
20419;544;54;16;16;0;0;16;16
20426;560;54;16;16;0;0;16;16
20439;576;54;16;16;0;0;16;16
20445;592;54;16;16;0;0;16;16
20449;608;54;16;16;0;0;16;16
20462;624;54;16;16;0;0;16;16
20467;640;54;16;16;0;0;16;16
20469;656;54;16;16;0;0;16;16
20472;672;54;16;16;0;0;16;16
20474;688;54;16;16;0;0;16;16
20489;704;54;16;16;0;0;16;16
20491;720;54;16;16;0;0;16;16
20493;736;54;16;16;0;0;16;16
20498;752;54;16;16;0;0;16;16
20505;768;54;16;16;0;0;16;16
20511;784;54;16;16;0;0;16;16
20515;800;54;16;16;0;0;16;16
20516;816;54;16;16;0;0;16;16
20523;832;54;16;16;0;0;16;16
20537;848;54;16;16;0;0;16;16
20553;864;54;16;16;0;0;16;16
20559;880;54;16;16;0;0;16;16
20572;896;54;16;16;0;0;16;16
20581;912;54;16;16;0;0;16;16
20596;928;54;16;16;0;0;16;16
20597;944;54;16;16;0;0;16;16
20598;960;54;16;16;0;0;16;16
20605;976;54;16;16;0;0;16;16
20621;992;54;16;16;0;0;16;16
20625;1008;54;16;16;0;0;16;16
20632;1024;54;16;16;0;0;16;16
20633;1040;54;16;16;0;0;16;16
20652;1056;54;16;16;0;0;16;16
20658;1072;54;16;16;0;0;16;16
20661;1088;54;16;16;0;0;16;16
20663;1104;54;16;16;0;0;16;16
20670;1120;54;16;16;0;0;16;16
20677;1136;54;16;16;0;0;16;16
20685;1152;54;16;16;0;0;16;16
20687;1168;54;16;16;0;0;16;16
20693;1184;54;16;16;0;0;16;16
20698;1200;54;16;16;0;0;16;16
20711;1216;54;16;16;0;0;16;16
20736;1232;54;16;16;0;0;16;16
20740;1248;54;16;16;0;0;16;16
20754;1264;54;16;16;0;0;16;16
20767;1280;54;16;16;0;0;16;16
20778;1296;54;16;16;0;0;16;16
20803;1312;54;16;16;0;0;16;16
20804;1328;54;16;16;0;0;16;16
20805;1344;54;16;16;0;0;16;16
20806;1360;54;16;16;0;0;16;16
20808;1376;54;16;16;0;0;16;16
20809;1392;54;16;16;0;0;16;16
20811;1408;54;16;16;0;0;16;16
20813;1424;54;16;16;0;0;16;16
20816;1440;54;16;16;0;0;16;16
20826;1456;54;16;16;0;0;16;16
20837;1472;54;16;16;0;0;16;16
20840;1488;54;16;16;0;0;16;16
20843;1504;54;16;16;0;0;16;16
20844;1520;54;16;16;0;0;16;16
20845;1536;54;16;16;0;0;16;16
20849;1552;54;16;16;0;0;16;16
20853;1568;54;16;16;0;0;16;16
20855;1584;54;16;16;0;0;16;16
20856;1600;54;16;16;0;0;16;16
20860;1616;54;16;16;0;0;16;16
20869;1632;54;16;16;0;0;16;16
20870;1648;54;16;16;0;0;16;16
20874;1664;54;16;16;0;0;16;16
20877;1680;54;16;16;0;0;16;16
20882;1696;54;16;16;0;0;16;16
20887;1712;54;16;16;0;0;16;16
20889;1728;54;16;16;0;0;16;16
20896;1744;54;16;16;0;0;16;16
20901;1760;54;16;16;0;0;16;16
20908;1776;54;16;16;0;0;16;16
20918;1792;54;16;16;0;0;16;16
20919;1808;54;16;16;0;0;16;16
20932;1824;54;16;16;0;0;16;16
20934;1840;54;16;16;0;0;16;16
20941;1856;54;16;16;0;0;16;16
20957;1872;54;16;16;0;0;16;16
20961;1888;54;16;16;0;0;16;16
20966;1904;54;16;16;0;0;16;16
20982;1920;54;16;16;0;0;16;16
20984;1936;54;16;16;0;0;16;16
20985;1952;54;16;16;0;0;16;16
20986;1968;54;16;16;0;0;16;16
20992;1984;54;16;16;0;0;16;16
20995;2000;54;16;16;0;0;16;16
20998;2016;54;16;16;0;0;16;16
20999;2032;54;16;16;0;0;16;16
21000;2048;54;16;16;0;0;16;16
21002;2064;54;16;16;0;0;16;16
21009;2080;54;16;16;0;0;16;16
21015;2096;54;16;16;0;0;16;16
21021;2112;54;16;16;0;0;16;16
21028;2128;54;16;16;0;0;16;16
21029;2144;54;16;16;0;0;16;16
21033;2160;54;16;16;0;0;16;16
21040;2176;54;16;16;0;0;16;16
21046;2192;54;16;16;0;0;16;16
21047;2208;54;16;16;0;0;16;16
21048;2224;54;16;16;0;0;16;16
21049;2240;54;16;16;0;0;16;16
21050;2256;54;16;16;0;0;16;16
21051;2272;54;16;16;0;0;16;16
21063;2288;54;16;16;0;0;16;16
21066;2304;54;16;16;0;0;16;16
21069;2320;54;16;16;0;0;16;16
21078;2336;54;16;16;0;0;16;16
21083;2352;54;16;16;0;0;16;16
21085;2368;54;16;16;0;0;16;16
21091;2384;54;16;16;0;0;16;16
21092;2400;54;16;16;0;0;16;16
21103;2416;54;16;16;0;0;16;16
21104;2432;54;16;16;0;0;16;16
21106;2448;54;16;16;0;0;16;16
21109;2464;54;16;16;0;0;16;16
21127;2480;54;16;16;0;0;16;16
21147;2496;54;16;16;0;0;16;16
21151;2512;54;16;16;0;0;16;16
21152;2528;54;16;16;0;0;16;16
21155;2544;54;16;16;0;0;16;16
21161;2560;54;16;16;0;0;16;16
21162;2576;54;16;16;0;0;16;16
21169;2592;54;16;16;0;0;16;16
21172;2608;54;16;16;0;0;16;16
21177;2624;54;16;16;0;0;16;16
21182;2640;54;16;16;0;0;16;16
21187;2656;54;16;16;0;0;16;16
21189;2672;54;16;16;0;0;16;16
21191;2688;54;16;16;0;0;16;16
21193;2704;54;16;16;0;0;16;16
21205;2720;54;16;16;0;0;16;16
21208;2736;54;16;16;0;0;16;16
21209;2752;54;16;16;0;0;16;16
21213;2768;54;16;16;0;0;16;16
21215;2784;54;16;16;0;0;16;16
21218;2800;54;16;16;0;0;16;16
21220;2816;54;16;16;0;0;16;16
21223;2832;54;16;16;0;0;16;16
21234;2848;54;16;16;0;0;16;16
21246;2864;54;16;16;0;0;16;16
21250;2880;54;16;16;0;0;16;16
21253;2896;54;16;16;0;0;16;16
21270;2912;54;16;16;0;0;16;16
21271;2928;54;16;16;0;0;16;16
21280;2944;54;16;16;0;0;16;16
21305;2960;54;16;16;0;0;16;16
21306;2976;54;16;16;0;0;16;16
21307;2992;54;16;16;0;0;16;16
21311;3008;54;16;16;0;0;16;16
21313;3024;54;16;16;0;0;16;16
21315;3040;54;16;16;0;0;16;16
21319;3056;54;16;16;0;0;16;16
21320;3072;54;16;16;0;0;16;16
21322;3088;54;16;16;0;0;16;16
21329;3104;54;16;16;0;0;16;16
21330;3120;54;16;16;0;0;16;16
21331;3136;54;16;16;0;0;16;16
21332;3152;54;16;16;0;0;16;16
21335;3168;54;16;16;0;0;16;16
21336;3184;54;16;16;0;0;16;16
21338;3200;54;16;16;0;0;16;16
21344;3216;54;16;16;0;0;16;16
21360;3232;54;16;16;0;0;16;16
21361;3248;54;16;16;0;0;16;16
21363;3264;54;16;16;0;0;16;16
21364;3280;54;16;16;0;0;16;16
21365;3296;54;16;16;0;0;16;16
21368;3312;54;16;16;0;0;16;16
21380;3328;54;16;16;0;0;16;16
21400;3344;54;16;16;0;0;16;16
21402;3360;54;16;16;0;0;16;16
21407;3376;54;16;16;0;0;16;16
21427;3392;54;16;16;0;0;16;16
21435;3408;54;16;16;0;0;16;16
21442;3424;54;16;16;0;0;16;16
21448;3440;54;16;16;0;0;16;16
21450;3456;54;16;16;0;0;16;16
21451;3472;54;16;16;0;0;16;16
21452;3488;54;16;16;0;0;16;16
21453;3504;54;16;16;0;0;16;16
21454;3520;54;16;16;0;0;16;16
21460;3536;54;16;16;0;0;16;16
21462;3552;54;16;16;0;0;16;16
21463;3568;54;16;16;0;0;16;16
21465;3584;54;16;16;0;0;16;16
21475;3600;54;16;16;0;0;16;16
21476;3616;54;16;16;0;0;16;16
21477;3632;54;16;16;0;0;16;16
21483;3648;54;16;16;0;0;16;16
21484;3664;54;16;16;0;0;16;16
21487;3680;54;16;16;0;0;16;16
21488;3696;54;16;16;0;0;16;16
21490;3712;54;16;16;0;0;16;16
21491;3728;54;16;16;0;0;16;16
21495;3744;54;16;16;0;0;16;16
21496;3760;54;16;16;0;0;16;16
21508;3776;54;16;16;0;0;16;16
21512;3792;54;16;16;0;0;16;16
21513;3808;54;16;16;0;0;16;16
21516;3824;54;16;16;0;0;16;16
21517;3840;54;16;16;0;0;16;16
21518;3856;54;16;16;0;0;16;16
21519;3872;54;16;16;0;0;16;16
21520;3888;54;16;16;0;0;16;16
21521;3904;54;16;16;0;0;16;16
21531;3920;54;16;16;0;0;16;16
21535;3936;54;16;16;0;0;16;16
21542;3952;54;16;16;0;0;16;16
21547;3968;54;16;16;0;0;16;16
21560;3984;54;16;16;0;0;16;16
21561;4000;54;16;16;0;0;16;16
21570;4016;54;16;16;0;0;16;16
21576;4032;54;16;16;0;0;16;16
21577;4048;54;16;16;0;0;16;16
21578;4064;54;16;16;0;0;16;16
21608;4080;54;16;16;0;0;16;16
21610;0;70;16;16;0;0;16;16
21619;16;70;16;16;0;0;16;16
21628;32;70;16;16;0;0;16;16
21629;48;70;16;16;0;0;16;16
21644;64;70;16;16;0;0;16;16
21682;80;70;16;16;0;0;16;16
21693;96;70;16;16;0;0;16;16
21696;112;70;16;16;0;0;16;16
21697;128;70;16;16;0;0;16;16
21729;144;70;16;16;0;0;16;16
21746;160;70;16;16;0;0;16;16
21754;176;70;16;16;0;0;16;16
21764;192;70;16;16;0;0;16;16
21766;208;70;16;16;0;0;16;16
21767;224;70;16;16;0;0;16;16
21776;240;70;16;16;0;0;16;16
21807;256;70;16;16;0;0;16;16
21809;272;70;16;16;0;0;16;16
21822;288;70;16;16;0;0;16;16
21830;304;70;16;16;0;0;16;16
21839;320;70;16;16;0;0;16;16
21843;336;70;16;16;0;0;16;16
21892;352;70;16;16;0;0;16;16
21897;368;70;16;16;0;0;16;16
21914;384;70;16;16;0;0;16;16
21916;400;70;16;16;0;0;16;16
21917;416;70;16;16;0;0;16;16
21929;432;70;16;16;0;0;16;16
21930;448;70;16;16;0;0;16;16
21931;464;70;16;16;0;0;16;16
21942;480;70;16;16;0;0;16;16
21957;496;70;16;16;0;0;16;16
21987;512;70;16;16;0;0;16;16
22022;528;70;16;16;0;0;16;16
22065;544;70;16;16;0;0;16;16
22066;560;70;16;16;0;0;16;16
22120;576;70;16;16;0;0;16;16
22132;592;70;16;16;0;0;16;16
22151;608;70;16;16;0;0;16;16
22234;624;70;16;16;0;0;16;16
22235;640;70;16;16;0;0;16;16
22238;656;70;16;16;0;0;16;16
22240;672;70;16;16;0;0;16;16
22243;688;70;16;16;0;0;16;16
22256;704;70;16;16;0;0;16;16
22258;720;70;16;16;0;0;16;16
22259;736;70;16;16;0;0;16;16
22266;752;70;16;16;0;0;16;16
22269;768;70;16;16;0;0;16;16
22287;784;70;16;16;0;0;16;16
22290;800;70;16;16;0;0;16;16
22303;816;70;16;16;0;0;16;16
22311;832;70;16;16;0;0;16;16
22312;848;70;16;16;0;0;16;16
22320;864;70;16;16;0;0;16;16
22338;880;70;16;16;0;0;16;16
22343;896;70;16;16;0;0;16;16
22346;912;70;16;16;0;0;16;16
22353;928;70;16;16;0;0;16;16
22378;944;70;16;16;0;0;16;16
22402;960;70;16;16;0;0;16;16
22411;976;70;16;16;0;0;16;16
22435;992;70;16;16;0;0;16;16
22475;1008;70;16;16;0;0;16;16
22478;1024;70;16;16;0;0;16;16
22495;1040;70;16;16;0;0;16;16
22519;1056;70;16;16;0;0;16;16
22521;1072;70;16;16;0;0;16;16
22522;1088;70;16;16;0;0;16;16
22524;1104;70;16;16;0;0;16;16
22528;1120;70;16;16;0;0;16;16
22530;1136;70;16;16;0;0;16;16
22533;1152;70;16;16;0;0;16;16
22534;1168;70;16;16;0;0;16;16
22549;1184;70;16;16;0;0;16;16
22564;1200;70;16;16;0;0;16;16
22570;1216;70;16;16;0;0;16;16
22577;1232;70;16;16;0;0;16;16
22580;1248;70;16;16;0;0;16;16
22592;1264;70;16;16;0;0;16;16
22593;1280;70;16;16;0;0;16;16
22602;1296;70;16;16;0;0;16;16
22609;1312;70;16;16;0;0;16;16
22612;1328;70;16;16;0;0;16;16
22615;1344;70;16;16;0;0;16;16
22618;1360;70;16;16;0;0;16;16
22622;1376;70;16;16;0;0;16;16
22625;1392;70;16;16;0;0;16;16
22633;1408;70;16;16;0;0;16;16
22654;1424;70;16;16;0;0;16;16
22659;1440;70;16;16;0;0;16;16
22675;1456;70;16;16;0;0;16;16
22679;1472;70;16;16;0;0;16;16
22684;1488;70;16;16;0;0;16;16
22696;1504;70;16;16;0;0;16;16
22707;1520;70;16;16;0;0;16;16
22718;1536;70;16;16;0;0;16;16
22721;1552;70;16;16;0;0;16;16
22727;1568;70;16;16;0;0;16;16
22730;1584;70;16;16;0;0;16;16
22732;1600;70;16;16;0;0;16;16
22763;1616;70;16;16;0;0;16;16
22766;1632;70;16;16;0;0;16;16
22768;1648;70;16;16;0;0;16;16
22769;1664;70;16;16;0;0;16;16
22770;1680;70;16;16;0;0;16;16
22793;1696;70;16;16;0;0;16;16
22799;1712;70;16;16;0;0;16;16
22805;1728;70;16;16;0;0;16;16
22806;1744;70;16;16;0;0;16;16
22810;1760;70;16;16;0;0;16;16
22812;1776;70;16;16;0;0;16;16
22818;1792;70;16;16;0;0;16;16
22823;1808;70;16;16;0;0;16;16
22825;1824;70;16;16;0;0;16;16
22826;1840;70;16;16;0;0;16;16
22827;1856;70;16;16;0;0;16;16
22830;1872;70;16;16;0;0;16;16
22833;1888;70;16;16;0;0;16;16
22855;1904;70;16;16;0;0;16;16
22856;1920;70;16;16;0;0;16;16
22857;1936;70;16;16;0;0;16;16
22863;1952;70;16;16;0;0;16;16
22865;1968;70;16;16;0;0;16;16
22868;1984;70;16;16;0;0;16;16
22885;2000;70;16;16;0;0;16;16
22888;2016;70;16;16;0;0;16;16
22890;2032;70;16;16;0;0;16;16
22894;2048;70;16;16;0;0;16;16
22899;2064;70;16;16;0;0;16;16
22900;2080;70;16;16;0;0;16;16
22909;2096;70;16;16;0;0;16;16
22914;2112;70;16;16;0;0;16;16
22915;2128;70;16;16;0;0;16;16
22916;2144;70;16;16;0;0;16;16
22922;2160;70;16;16;0;0;16;16
22934;2176;70;16;16;0;0;16;16
22937;2192;70;16;16;0;0;16;16
22949;2208;70;16;16;0;0;16;16
22952;2224;70;16;16;0;0;16;16
22956;2240;70;16;16;0;0;16;16
22969;2256;70;16;16;0;0;16;16
22971;2272;70;16;16;0;0;16;16
22985;2288;70;16;16;0;0;16;16
22987;2304;70;16;16;0;0;16;16
22995;2320;70;16;16;0;0;16;16
22996;2336;70;16;16;0;0;16;16
23019;2352;70;16;16;0;0;16;16
23035;2368;70;16;16;0;0;16;16
23039;2384;70;16;16;0;0;16;16
23041;2400;70;16;16;0;0;16;16
23064;2416;70;16;16;0;0;16;16
23072;2432;70;16;16;0;0;16;16
23087;2448;70;16;16;0;0;16;16
23110;2464;70;16;16;0;0;16;16
23130;2480;70;16;16;0;0;16;16
23142;2496;70;16;16;0;0;16;16
23167;2512;70;16;16;0;0;16;16
23186;2528;70;16;16;0;0;16;16
23195;2544;70;16;16;0;0;16;16
23233;2560;70;16;16;0;0;16;16
23241;2576;70;16;16;0;0;16;16
23244;2592;70;16;16;0;0;16;16
23265;2608;70;16;16;0;0;16;16
23330;2624;70;16;16;0;0;16;16
23376;2640;70;16;16;0;0;16;16
23380;2656;70;16;16;0;0;16;16
23383;2672;70;16;16;0;0;16;16
23384;2688;70;16;16;0;0;16;16
23389;2704;70;16;16;0;0;16;16
23395;2720;70;16;16;0;0;16;16
23396;2736;70;16;16;0;0;16;16
23398;2752;70;16;16;0;0;16;16
23403;2768;70;16;16;0;0;16;16
23429;2784;70;16;16;0;0;16;16
23431;2800;70;16;16;0;0;16;16
23432;2816;70;16;16;0;0;16;16
23433;2832;70;16;16;0;0;16;16
23436;2848;70;16;16;0;0;16;16
23447;2864;70;16;16;0;0;16;16
23448;2880;70;16;16;0;0;16;16
23449;2896;70;16;16;0;0;16;16
23450;2912;70;16;16;0;0;16;16
23451;2928;70;16;16;0;0;16;16
23452;2944;70;16;16;0;0;16;16
23453;2960;70;16;16;0;0;16;16
23455;2976;70;16;16;0;0;16;16
23458;2992;70;16;16;0;0;16;16
23459;3008;70;16;16;0;0;16;16
23460;3024;70;16;16;0;0;16;16
23470;3040;70;16;16;0;0;16;16
23472;3056;70;16;16;0;0;16;16
23475;3072;70;16;16;0;0;16;16
23476;3088;70;16;16;0;0;16;16
23477;3104;70;16;16;0;0;16;16
23478;3120;70;16;16;0;0;16;16
23481;3136;70;16;16;0;0;16;16
23487;3152;70;16;16;0;0;16;16
23490;3168;70;16;16;0;0;16;16
23492;3184;70;16;16;0;0;16;16
23494;3200;70;16;16;0;0;16;16
23500;3216;70;16;16;0;0;16;16
23506;3232;70;16;16;0;0;16;16
23515;3248;70;16;16;0;0;16;16
23517;3264;70;16;16;0;0;16;16
23519;3280;70;16;16;0;0;16;16
23521;3296;70;16;16;0;0;16;16
23527;3312;70;16;16;0;0;16;16
23529;3328;70;16;16;0;0;16;16
23534;3344;70;16;16;0;0;16;16
23544;3360;70;16;16;0;0;16;16
23546;3376;70;16;16;0;0;16;16
23550;3392;70;16;16;0;0;16;16
23551;3408;70;16;16;0;0;16;16
23553;3424;70;16;16;0;0;16;16
23554;3440;70;16;16;0;0;16;16
23556;3456;70;16;16;0;0;16;16
23558;3472;70;16;16;0;0;16;16
23561;3488;70;16;16;0;0;16;16
23562;3504;70;16;16;0;0;16;16
23563;3520;70;16;16;0;0;16;16
23566;3536;70;16;16;0;0;16;16
23567;3552;70;16;16;0;0;16;16
23569;3568;70;16;16;0;0;16;16
23578;3584;70;16;16;0;0;16;16
23601;3600;70;16;16;0;0;16;16
23610;3616;70;16;16;0;0;16;16
23611;3632;70;16;16;0;0;16;16
23612;3648;70;16;16;0;0;16;16
23613;3664;70;16;16;0;0;16;16
23614;3680;70;16;16;0;0;16;16
23615;3696;70;16;16;0;0;16;16
23616;3712;70;16;16;0;0;16;16
23621;3728;70;16;16;0;0;16;16
23624;3744;70;16;16;0;0;16;16
23626;3760;70;16;16;0;0;16;16
23627;3776;70;16;16;0;0;16;16
23637;3792;70;16;16;0;0;16;16
23646;3808;70;16;16;0;0;16;16
23652;3824;70;16;16;0;0;16;16
23653;3840;70;16;16;0;0;16;16
23663;3856;70;16;16;0;0;16;16
23665;3872;70;16;16;0;0;16;16
23696;3888;70;16;16;0;0;16;16
23713;3904;70;16;16;0;0;16;16
23721;3920;70;16;16;0;0;16;16
23724;3936;70;16;16;0;0;16;16
23731;3952;70;16;16;0;0;16;16
23736;3968;70;16;16;0;0;16;16
23776;3984;70;16;16;0;0;16;16
23777;4000;70;16;16;0;0;16;16
23792;4016;70;16;16;0;0;16;16
23798;4032;70;16;16;0;0;16;16
23815;4048;70;16;16;0;0;16;16
23822;4064;70;16;16;0;0;16;16
23830;4080;70;16;16;0;0;16;16
23849;0;86;16;16;0;0;16;16
23888;16;86;16;16;0;0;16;16
24029;32;86;16;16;0;0;16;16
24030;48;86;16;16;0;0;16;16
24033;64;86;16;16;0;0;16;16
24035;80;86;16;16;0;0;16;16
24037;96;86;16;16;0;0;16;16
24038;112;86;16;16;0;0;16;16
24039;128;86;16;16;0;0;16;16
24040;144;86;16;16;0;0;16;16
24046;160;86;16;16;0;0;16;16
24049;176;86;16;16;0;0;16;16
24059;192;86;16;16;0;0;16;16
24062;208;86;16;16;0;0;16;16
24066;224;86;16;16;0;0;16;16
24067;240;86;16;16;0;0;16;16
24070;256;86;16;16;0;0;16;16
24076;272;86;16;16;0;0;16;16
24093;288;86;16;16;0;0;16;16
24101;304;86;16;16;0;0;16;16
24107;320;86;16;16;0;0;16;16
24109;336;86;16;16;0;0;16;16
24111;352;86;16;16;0;0;16;16
24112;368;86;16;16;0;0;16;16
24115;384;86;16;16;0;0;16;16
24120;400;86;16;16;0;0;16;16
24125;416;86;16;16;0;0;16;16
24133;432;86;16;16;0;0;16;16
24149;448;86;16;16;0;0;16;16
24163;464;86;16;16;0;0;16;16
24178;480;86;16;16;0;0;16;16
24179;496;86;16;16;0;0;16;16
24180;512;86;16;16;0;0;16;16
24184;528;86;16;16;0;0;16;16
24185;544;86;16;16;0;0;16;16
24187;560;86;16;16;0;0;16;16
24188;576;86;16;16;0;0;16;16
24189;592;86;16;16;0;0;16;16
24190;608;86;16;16;0;0;16;16
24193;624;86;16;16;0;0;16;16
24195;640;86;16;16;0;0;16;16
24202;656;86;16;16;0;0;16;16
24207;672;86;16;16;0;0;16;16
24213;688;86;16;16;0;0;16;16
24215;704;86;16;16;0;0;16;16
24220;720;86;16;16;0;0;16;16
24230;736;86;16;16;0;0;16;16
24231;752;86;16;16;0;0;16;16
24235;768;86;16;16;0;0;16;16
24237;784;86;16;16;0;0;16;16
24246;800;86;16;16;0;0;16;16
24247;816;86;16;16;0;0;16;16
24248;832;86;16;16;0;0;16;16
24259;848;86;16;16;0;0;16;16
24265;864;86;16;16;0;0;16;16
24266;880;86;16;16;0;0;16;16
24310;896;86;16;16;0;0;16;16
24311;912;86;16;16;0;0;16;16
24314;928;86;16;16;0;0;16;16
24321;944;86;16;16;0;0;16;16
24324;960;86;16;16;0;0;16;16
24330;976;86;16;16;0;0;16;16
24335;992;86;16;16;0;0;16;16
24336;1008;86;16;16;0;0;16;16
24339;1024;86;16;16;0;0;16;16
24340;1040;86;16;16;0;0;16;16
24341;1056;86;16;16;0;0;16;16
24351;1072;86;16;16;0;0;16;16
24357;1088;86;16;16;0;0;16;16
24358;1104;86;16;16;0;0;16;16
24359;1120;86;16;16;0;0;16;16
24369;1136;86;16;16;0;0;16;16
24373;1152;86;16;16;0;0;16;16
24375;1168;86;16;16;0;0;16;16
24382;1184;86;16;16;0;0;16;16
24403;1200;86;16;16;0;0;16;16
24409;1216;86;16;16;0;0;16;16
24418;1232;86;16;16;0;0;16;16
24425;1248;86;16;16;0;0;16;16
24427;1264;86;16;16;0;0;16;16
24432;1280;86;16;16;0;0;16;16
24433;1296;86;16;16;0;0;16;16
24441;1312;86;16;16;0;0;16;16
24444;1328;86;16;16;0;0;16;16
24448;1344;86;16;16;0;0;16;16
24449;1360;86;16;16;0;0;16;16
24452;1376;86;16;16;0;0;16;16
24453;1392;86;16;16;0;0;16;16
24459;1408;86;16;16;0;0;16;16
24460;1424;86;16;16;0;0;16;16
24464;1440;86;16;16;0;0;16;16
24466;1456;86;16;16;0;0;16;16
24467;1472;86;16;16;0;0;16;16
24471;1488;86;16;16;0;0;16;16
24481;1504;86;16;16;0;0;16;16
24489;1520;86;16;16;0;0;16;16
24490;1536;86;16;16;0;0;16;16
24494;1552;86;16;16;0;0;16;16
24499;1568;86;16;16;0;0;16;16
24500;1584;86;16;16;0;0;16;16
24505;1600;86;16;16;0;0;16;16
24515;1616;86;16;16;0;0;16;16
24517;1632;86;16;16;0;0;16;16
24524;1648;86;16;16;0;0;16;16
24525;1664;86;16;16;0;0;16;16
24535;1680;86;16;16;0;0;16;16
24536;1696;86;16;16;0;0;16;16
24537;1712;86;16;16;0;0;16;16
24540;1728;86;16;16;0;0;16;16
24544;1744;86;16;16;0;0;16;16
24555;1760;86;16;16;0;0;16;16
24565;1776;86;16;16;0;0;16;16
24594;1792;86;16;16;0;0;16;16
24598;1808;86;16;16;0;0;16;16
24605;1824;86;16;16;0;0;16;16
24608;1840;86;16;16;0;0;16;16
24613;1856;86;16;16;0;0;16;16
24615;1872;86;16;16;0;0;16;16
24616;1888;86;16;16;0;0;16;16
24618;1904;86;16;16;0;0;16;16
24651;1920;86;16;16;0;0;16;16
24656;1936;86;16;16;0;0;16;16
24658;1952;86;16;16;0;0;16;16
24675;1968;86;16;16;0;0;16;16
24677;1984;86;16;16;0;0;16;16
24680;2000;86;16;16;0;0;16;16
24681;2016;86;16;16;0;0;16;16
24685;2032;86;16;16;0;0;16;16
24687;2048;86;16;16;0;0;16;16
24693;2064;86;16;16;0;0;16;16
24724;2080;86;16;16;0;0;16;16
24735;2096;86;16;16;0;0;16;16
24736;2112;86;16;16;0;0;16;16
24739;2128;86;16;16;0;0;16;16
24742;2144;86;16;16;0;0;16;16
24745;2160;86;16;16;0;0;16;16
24746;2176;86;16;16;0;0;16;16
24754;2192;86;16;16;0;0;16;16
24764;2208;86;16;16;0;0;16;16
24773;2224;86;16;16;0;0;16;16
24785;2240;86;16;16;0;0;16;16
24796;2256;86;16;16;0;0;16;16
24807;2272;86;16;16;0;0;16;16
24808;2288;86;16;16;0;0;16;16
24816;2304;86;16;16;0;0;16;16
24819;2320;86;16;16;0;0;16;16
24833;2336;86;16;16;0;0;16;16
24841;2352;86;16;16;0;0;16;16
24847;2368;86;16;16;0;0;16;16
24858;2384;86;16;16;0;0;16;16
24859;2400;86;16;16;0;0;16;16
24863;2416;86;16;16;0;0;16;16
24900;2432;86;16;16;0;0;16;16
24904;2448;86;16;16;0;0;16;16
24907;2464;86;16;16;0;0;16;16
24908;2480;86;16;16;0;0;16;16
24910;2496;86;16;16;0;0;16;16
24917;2512;86;16;16;0;0;16;16
24930;2528;86;16;16;0;0;16;16
24931;2544;86;16;16;0;0;16;16
24936;2560;86;16;16;0;0;16;16
24942;2576;86;16;16;0;0;16;16
24944;2592;86;16;16;0;0;16;16
24950;2608;86;16;16;0;0;16;16
24962;2624;86;16;16;0;0;16;16
24974;2640;86;16;16;0;0;16;16
24996;2656;86;16;16;0;0;16;16
24999;2672;86;16;16;0;0;16;16
25001;2688;86;16;16;0;0;16;16
25004;2704;86;16;16;0;0;16;16
25010;2720;86;16;16;0;0;16;16
25014;2736;86;16;16;0;0;16;16
25022;2752;86;16;16;0;0;16;16
25031;2768;86;16;16;0;0;16;16
25040;2784;86;16;16;0;0;16;16
25074;2800;86;16;16;0;0;16;16
25080;2816;86;16;16;0;0;16;16
25104;2832;86;16;16;0;0;16;16
25105;2848;86;16;16;0;0;16;16
25106;2864;86;16;16;0;0;16;16
25114;2880;86;16;16;0;0;16;16
25126;2896;86;16;16;0;0;16;16
25135;2912;86;16;16;0;0;16;16
25140;2928;86;16;16;0;0;16;16
25144;2944;86;16;16;0;0;16;16
25147;2960;86;16;16;0;0;16;16
25151;2976;86;16;16;0;0;16;16
25152;2992;86;16;16;0;0;16;16
25159;3008;86;16;16;0;0;16;16
25161;3024;86;16;16;0;0;16;16
25163;3040;86;16;16;0;0;16;16
25165;3056;86;16;16;0;0;16;16
25171;3072;86;16;16;0;0;16;16
25173;3088;86;16;16;0;0;16;16
25201;3104;86;16;16;0;0;16;16
25206;3120;86;16;16;0;0;16;16
25209;3136;86;16;16;0;0;16;16
25215;3152;86;16;16;0;0;16;16
25216;3168;86;16;16;0;0;16;16
25220;3184;86;16;16;0;0;16;16
25226;3200;86;16;16;0;0;16;16
25233;3216;86;16;16;0;0;16;16
25237;3232;86;16;16;0;0;16;16
25239;3248;86;16;16;0;0;16;16
25240;3264;86;16;16;0;0;16;16
25244;3280;86;16;16;0;0;16;16
25246;3296;86;16;16;0;0;16;16
25259;3312;86;16;16;0;0;16;16
25265;3328;86;16;16;0;0;16;16
25269;3344;86;16;16;0;0;16;16
25273;3360;86;16;16;0;0;16;16
25276;3376;86;16;16;0;0;16;16
25277;3392;86;16;16;0;0;16;16
25285;3408;86;16;16;0;0;16;16
25289;3424;86;16;16;0;0;16;16
25293;3440;86;16;16;0;0;16;16
25296;3456;86;16;16;0;0;16;16
25298;3472;86;16;16;0;0;16;16
25299;3488;86;16;16;0;0;16;16
25304;3504;86;16;16;0;0;16;16
25305;3520;86;16;16;0;0;16;16
25307;3536;86;16;16;0;0;16;16
25309;3552;86;16;16;0;0;16;16
25312;3568;86;16;16;0;0;16;16
25313;3584;86;16;16;0;0;16;16
25324;3600;86;16;16;0;0;16;16
25325;3616;86;16;16;0;0;16;16
25331;3632;86;16;16;0;0;16;16
25334;3648;86;16;16;0;0;16;16
25335;3664;86;16;16;0;0;16;16
25342;3680;86;16;16;0;0;16;16
25345;3696;86;16;16;0;0;16;16
25351;3712;86;16;16;0;0;16;16
25361;3728;86;16;16;0;0;16;16
25369;3744;86;16;16;0;0;16;16
25375;3760;86;16;16;0;0;16;16
25384;3776;86;16;16;0;0;16;16
25387;3792;86;16;16;0;0;16;16
25391;3808;86;16;16;0;0;16;16
25407;3824;86;16;16;0;0;16;16
25417;3840;86;16;16;0;0;16;16
25429;3856;86;16;16;0;0;16;16
25431;3872;86;16;16;0;0;16;16
25436;3888;86;16;16;0;0;16;16
25448;3904;86;16;16;0;0;16;16
25454;3920;86;16;16;0;0;16;16
25467;3936;86;16;16;0;0;16;16
25475;3952;86;16;16;0;0;16;16
25480;3968;86;16;16;0;0;16;16
25484;3984;86;16;16;0;0;16;16
25490;4000;86;16;16;0;0;16;16
25496;4016;86;16;16;0;0;16;16
25499;4032;86;16;16;0;0;16;16
25505;4048;86;16;16;0;0;16;16
25506;4064;86;16;16;0;0;16;16
25509;4080;86;16;16;0;0;16;16
25511;0;102;16;16;0;0;16;16
25512;16;102;16;16;0;0;16;16
25514;32;102;16;16;0;0;16;16
25522;48;102;16;16;0;0;16;16
25551;64;102;16;16;0;0;16;16
25552;80;102;16;16;0;0;16;16
25562;96;102;16;16;0;0;16;16
25563;112;102;16;16;0;0;16;16
25569;128;102;16;16;0;0;16;16
25582;144;102;16;16;0;0;16;16
25588;160;102;16;16;0;0;16;16
25594;176;102;16;16;0;0;16;16
25613;192;102;16;16;0;0;16;16
25644;208;102;16;16;0;0;16;16
25645;224;102;16;16;0;0;16;16
25658;240;102;16;16;0;0;16;16
25662;256;102;16;16;0;0;16;16
25666;272;102;16;16;0;0;16;16
25688;288;102;16;16;0;0;16;16
25705;304;102;16;16;0;0;16;16
25711;320;102;16;16;0;0;16;16
25731;336;102;16;16;0;0;16;16
25764;352;102;16;16;0;0;16;16
25774;368;102;16;16;0;0;16;16
25778;384;102;16;16;0;0;16;16
25793;400;102;16;16;0;0;16;16
25805;416;102;16;16;0;0;16;16
25830;432;102;16;16;0;0;16;16
25836;448;102;16;16;0;0;16;16
25903;464;102;16;16;0;0;16;16
25913;480;102;16;16;0;0;16;16
25915;496;102;16;16;0;0;16;16
25918;512;102;16;16;0;0;16;16
25919;528;102;16;16;0;0;16;16
25925;544;102;16;16;0;0;16;16
25935;560;102;16;16;0;0;16;16
25937;576;102;16;16;0;0;16;16
25943;592;102;16;16;0;0;16;16
25945;608;102;16;16;0;0;16;16
25954;624;102;16;16;0;0;16;16
25955;640;102;16;16;0;0;16;16
25964;656;102;16;16;0;0;16;16
25968;672;102;16;16;0;0;16;16
25972;688;102;16;16;0;0;16;16
25973;704;102;16;16;0;0;16;16
25975;720;102;16;16;0;0;16;16
25991;736;102;16;16;0;0;16;16
25993;752;102;16;16;0;0;16;16
25998;768;102;16;16;0;0;16;16
26001;784;102;16;16;0;0;16;16
26007;800;102;16;16;0;0;16;16
26009;816;102;16;16;0;0;16;16
26012;832;102;16;16;0;0;16;16
26020;848;102;16;16;0;0;16;16
26021;864;102;16;16;0;0;16;16
26028;880;102;16;16;0;0;16;16
26029;896;102;16;16;0;0;16;16
26032;912;102;16;16;0;0;16;16
26041;928;102;16;16;0;0;16;16
26045;944;102;16;16;0;0;16;16
26053;960;102;16;16;0;0;16;16
26059;976;102;16;16;0;0;16;16
26063;992;102;16;16;0;0;16;16
26071;1008;102;16;16;0;0;16;16
26082;1024;102;16;16;0;0;16;16
26085;1040;102;16;16;0;0;16;16
26086;1056;102;16;16;0;0;16;16
26087;1072;102;16;16;0;0;16;16
26088;1088;102;16;16;0;0;16;16
26089;1104;102;16;16;0;0;16;16
26092;1120;102;16;16;0;0;16;16
26106;1136;102;16;16;0;0;16;16
26118;1152;102;16;16;0;0;16;16
26119;1168;102;16;16;0;0;16;16
26126;1184;102;16;16;0;0;16;16
26131;1200;102;16;16;0;0;16;16
26132;1216;102;16;16;0;0;16;16
26143;1232;102;16;16;0;0;16;16
26144;1248;102;16;16;0;0;16;16
26149;1264;102;16;16;0;0;16;16
26151;1280;102;16;16;0;0;16;16
26152;1296;102;16;16;0;0;16;16
26157;1312;102;16;16;0;0;16;16
26159;1328;102;16;16;0;0;16;16
26172;1344;102;16;16;0;0;16;16
26178;1360;102;16;16;0;0;16;16
26217;1376;102;16;16;0;0;16;16
26222;1392;102;16;16;0;0;16;16
26223;1408;102;16;16;0;0;16;16
26228;1424;102;16;16;0;0;16;16
26230;1440;102;16;16;0;0;16;16
26241;1456;102;16;16;0;0;16;16
26247;1472;102;16;16;0;0;16;16
26257;1488;102;16;16;0;0;16;16
26262;1504;102;16;16;0;0;16;16
26263;1520;102;16;16;0;0;16;16
26278;1536;102;16;16;0;0;16;16
26283;1552;102;16;16;0;0;16;16
26286;1568;102;16;16;0;0;16;16
26292;1584;102;16;16;0;0;16;16
26311;1600;102;16;16;0;0;16;16
26326;1616;102;16;16;0;0;16;16
26332;1632;102;16;16;0;0;16;16
26354;1648;102;16;16;0;0;16;16
26356;1664;102;16;16;0;0;16;16
26360;1680;102;16;16;0;0;16;16
26361;1696;102;16;16;0;0;16;16
26365;1712;102;16;16;0;0;16;16
26367;1728;102;16;16;0;0;16;16
26368;1744;102;16;16;0;0;16;16
26376;1760;102;16;16;0;0;16;16
26377;1776;102;16;16;0;0;16;16
26381;1792;102;16;16;0;0;16;16
26389;1808;102;16;16;0;0;16;16
26391;1824;102;16;16;0;0;16;16
26395;1840;102;16;16;0;0;16;16
26397;1856;102;16;16;0;0;16;16
26399;1872;102;16;16;0;0;16;16
26408;1888;102;16;16;0;0;16;16
26410;1904;102;16;16;0;0;16;16
26411;1920;102;16;16;0;0;16;16
26412;1936;102;16;16;0;0;16;16
26413;1952;102;16;16;0;0;16;16
26417;1968;102;16;16;0;0;16;16
26420;1984;102;16;16;0;0;16;16
26426;2000;102;16;16;0;0;16;16
26429;2016;102;16;16;0;0;16;16
26441;2032;102;16;16;0;0;16;16
26448;2048;102;16;16;0;0;16;16
26449;2064;102;16;16;0;0;16;16
26463;2080;102;16;16;0;0;16;16
26465;2096;102;16;16;0;0;16;16
26469;2112;102;16;16;0;0;16;16
26479;2128;102;16;16;0;0;16;16
26481;2144;102;16;16;0;0;16;16
26494;2160;102;16;16;0;0;16;16
26495;2176;102;16;16;0;0;16;16
26512;2192;102;16;16;0;0;16;16
26517;2208;102;16;16;0;0;16;16
26519;2224;102;16;16;0;0;16;16
26522;2240;102;16;16;0;0;16;16
26524;2256;102;16;16;0;0;16;16
26525;2272;102;16;16;0;0;16;16
26528;2288;102;16;16;0;0;16;16
26530;2304;102;16;16;0;0;16;16
26543;2320;102;16;16;0;0;16;16
26550;2336;102;16;16;0;0;16;16
26564;2352;102;16;16;0;0;16;16
26576;2368;102;16;16;0;0;16;16
26579;2384;102;16;16;0;0;16;16
26580;2400;102;16;16;0;0;16;16
26609;2416;102;16;16;0;0;16;16
26611;2432;102;16;16;0;0;16;16
26613;2448;102;16;16;0;0;16;16
26619;2464;102;16;16;0;0;16;16
26623;2480;102;16;16;0;0;16;16
26627;2496;102;16;16;0;0;16;16
26628;2512;102;16;16;0;0;16;16
26643;2528;102;16;16;0;0;16;16
26657;2544;102;16;16;0;0;16;16
26666;2560;102;16;16;0;0;16;16
26680;2576;102;16;16;0;0;16;16
26681;2592;102;16;16;0;0;16;16
26684;2608;102;16;16;0;0;16;16
26685;2624;102;16;16;0;0;16;16
26689;2640;102;16;16;0;0;16;16
26691;2656;102;16;16;0;0;16;16
26696;2672;102;16;16;0;0;16;16
26705;2688;102;16;16;0;0;16;16
26716;2704;102;16;16;0;0;16;16
26719;2720;102;16;16;0;0;16;16
26757;2736;102;16;16;0;0;16;16
26775;2752;102;16;16;0;0;16;16
26792;2768;102;16;16;0;0;16;16
26800;2784;102;16;16;0;0;16;16
26820;2800;102;16;16;0;0;16;16
26827;2816;102;16;16;0;0;16;16
26834;2832;102;16;16;0;0;16;16
26842;2848;102;16;16;0;0;16;16
26847;2864;102;16;16;0;0;16;16
26862;2880;102;16;16;0;0;16;16
26874;2896;102;16;16;0;0;16;16
26885;2912;102;16;16;0;0;16;16
26893;2928;102;16;16;0;0;16;16
26894;2944;102;16;16;0;0;16;16
26908;2960;102;16;16;0;0;16;16
26989;2976;102;16;16;0;0;16;16
26997;2992;102;16;16;0;0;16;16
26999;3008;102;16;16;0;0;16;16
27004;3024;102;16;16;0;0;16;16
27005;3040;102;16;16;0;0;16;16
27010;3056;102;16;16;0;0;16;16
27083;3072;102;16;16;0;0;16;16
27096;3088;102;16;16;0;0;16;16
27133;3104;102;16;16;0;0;16;16
27161;3120;102;16;16;0;0;16;16
27169;3136;102;16;16;0;0;16;16
27177;3152;102;16;16;0;0;16;16
27178;3168;102;16;16;0;0;16;16
27193;3184;102;16;16;0;0;16;16
27211;3200;102;16;16;0;0;16;16
27231;3216;102;16;16;0;0;16;16
27396;3232;102;16;16;0;0;16;16
27424;3248;102;16;16;0;0;16;16
27425;3264;102;16;16;0;0;16;16
27431;3280;102;16;16;0;0;16;16
27442;3296;102;16;16;0;0;16;16
27450;3312;102;16;16;0;0;16;16
27454;3328;102;16;16;0;0;16;16
27468;3344;102;16;16;0;0;16;16
27475;3360;102;16;16;0;0;16;16
27490;3376;102;16;16;0;0;16;16
27491;3392;102;16;16;0;0;16;16
27494;3408;102;16;16;0;0;16;16
27497;3424;102;16;16;0;0;16;16
27503;3440;102;16;16;0;0;16;16
27507;3456;102;16;16;0;0;16;16
27508;3472;102;16;16;0;0;16;16
27515;3488;102;16;16;0;0;16;16
27529;3504;102;16;16;0;0;16;16
27530;3520;102;16;16;0;0;16;16
27531;3536;102;16;16;0;0;16;16
27542;3552;102;16;16;0;0;16;16
27572;3568;102;16;16;0;0;16;16
27573;3584;102;16;16;0;0;16;16
27578;3600;102;16;16;0;0;16;16
27579;3616;102;16;16;0;0;16;16
27583;3632;102;16;16;0;0;16;16
27584;3648;102;16;16;0;0;16;16
27597;3664;102;16;16;0;0;16;16
27598;3680;102;16;16;0;0;16;16
27602;3696;102;16;16;0;0;16;16
27604;3712;102;16;16;0;0;16;16
27611;3728;102;16;16;0;0;16;16
27663;3744;102;16;16;0;0;16;16
27665;3760;102;16;16;0;0;16;16
27671;3776;102;16;16;0;0;16;16
27700;3792;102;16;16;0;0;16;16
27703;3808;102;16;16;0;0;16;16
27704;3824;102;16;16;0;0;16;16
27710;3840;102;16;16;0;0;16;16
27713;3856;102;16;16;0;0;16;16
27714;3872;102;16;16;0;0;16;16
27726;3888;102;16;16;0;0;16;16
27735;3904;102;16;16;0;0;16;16
27738;3920;102;16;16;0;0;16;16
27743;3936;102;16;16;0;0;16;16
27744;3952;102;16;16;0;0;16;16
27760;3968;102;16;16;0;0;16;16
27770;3984;102;16;16;0;0;16;16
27773;4000;102;16;16;0;0;16;16
27779;4016;102;16;16;0;0;16;16
27784;4032;102;16;16;0;0;16;16
27798;4048;102;16;16;0;0;16;16
27801;4064;102;16;16;0;0;16;16
27809;4080;102;16;16;0;0;16;16
27810;0;118;16;16;0;0;16;16
27827;16;118;16;16;0;0;16;16
27832;32;118;16;16;0;0;16;16
27833;48;118;16;16;0;0;16;16
27835;64;118;16;16;0;0;16;16
27836;80;118;16;16;0;0;16;16
27839;96;118;16;16;0;0;16;16
27841;112;118;16;16;0;0;16;16
27849;128;118;16;16;0;0;16;16
27850;144;118;16;16;0;0;16;16
27852;160;118;16;16;0;0;16;16
27861;176;118;16;16;0;0;16;16
27873;192;118;16;16;0;0;16;16
27874;208;118;16;16;0;0;16;16
27875;224;118;16;16;0;0;16;16
27877;240;118;16;16;0;0;16;16
27880;256;118;16;16;0;0;16;16
27888;272;118;16;16;0;0;16;16
27891;288;118;16;16;0;0;16;16
27915;304;118;16;16;0;0;16;16
27927;320;118;16;16;0;0;16;16
27934;336;118;16;16;0;0;16;16
27941;352;118;16;16;0;0;16;16
27946;368;118;16;16;0;0;16;16
27963;384;118;16;16;0;0;16;16
27966;400;118;16;16;0;0;16;16
27969;416;118;16;16;0;0;16;16
27972;432;118;16;16;0;0;16;16
27973;448;118;16;16;0;0;16;16
27996;464;118;16;16;0;0;16;16
28006;480;118;16;16;0;0;16;16
28010;496;118;16;16;0;0;16;16
28014;512;118;16;16;0;0;16;16
28020;528;118;16;16;0;0;16;16
28023;544;118;16;16;0;0;16;16
28024;560;118;16;16;0;0;16;16
28040;576;118;16;16;0;0;16;16
28057;592;118;16;16;0;0;16;16
28079;608;118;16;16;0;0;16;16
28082;624;118;16;16;0;0;16;16
28092;640;118;16;16;0;0;16;16
28113;656;118;16;16;0;0;16;16
28129;672;118;16;16;0;0;16;16
28139;688;118;16;16;0;0;16;16
28145;704;118;16;16;0;0;16;16
28151;720;118;16;16;0;0;16;16
28155;736;118;16;16;0;0;16;16
28165;752;118;16;16;0;0;16;16
28167;768;118;16;16;0;0;16;16
28168;784;118;16;16;0;0;16;16
28169;800;118;16;16;0;0;16;16
28171;816;118;16;16;0;0;16;16
28179;832;118;16;16;0;0;16;16
28187;848;118;16;16;0;0;16;16
28193;864;118;16;16;0;0;16;16
28198;880;118;16;16;0;0;16;16
28201;896;118;16;16;0;0;16;16
28204;912;118;16;16;0;0;16;16
28207;928;118;16;16;0;0;16;16
28246;944;118;16;16;0;0;16;16
28263;960;118;16;16;0;0;16;16
28271;976;118;16;16;0;0;16;16
28286;992;118;16;16;0;0;16;16
28287;1008;118;16;16;0;0;16;16
28288;1024;118;16;16;0;0;16;16
28304;1040;118;16;16;0;0;16;16
28310;1056;118;16;16;0;0;16;16
28317;1072;118;16;16;0;0;16;16
28342;1088;118;16;16;0;0;16;16
28346;1104;118;16;16;0;0;16;16
28357;1120;118;16;16;0;0;16;16
28363;1136;118;16;16;0;0;16;16
28369;1152;118;16;16;0;0;16;16
28381;1168;118;16;16;0;0;16;16
28382;1184;118;16;16;0;0;16;16
28404;1200;118;16;16;0;0;16;16
28417;1216;118;16;16;0;0;16;16
28418;1232;118;16;16;0;0;16;16
28422;1248;118;16;16;0;0;16;16
28431;1264;118;16;16;0;0;16;16
28436;1280;118;16;16;0;0;16;16
28448;1296;118;16;16;0;0;16;16
28450;1312;118;16;16;0;0;16;16
28459;1328;118;16;16;0;0;16;16
28460;1344;118;16;16;0;0;16;16
28472;1360;118;16;16;0;0;16;16
28500;1376;118;16;16;0;0;16;16
28508;1392;118;16;16;0;0;16;16
28511;1408;118;16;16;0;0;16;16
28516;1424;118;16;16;0;0;16;16
28526;1440;118;16;16;0;0;16;16
28528;1456;118;16;16;0;0;16;16
28548;1472;118;16;16;0;0;16;16
28608;1488;118;16;16;0;0;16;16
28609;1504;118;16;16;0;0;16;16
28611;1520;118;16;16;0;0;16;16
28651;1536;118;16;16;0;0;16;16
28655;1552;118;16;16;0;0;16;16
28716;1568;118;16;16;0;0;16;16
28779;1584;118;16;16;0;0;16;16
28783;1600;118;16;16;0;0;16;16
28784;1616;118;16;16;0;0;16;16
28797;1632;118;16;16;0;0;16;16
28809;1648;118;16;16;0;0;16;16
28810;1664;118;16;16;0;0;16;16
28814;1680;118;16;16;0;0;16;16
28845;1696;118;16;16;0;0;16;16
28857;1712;118;16;16;0;0;16;16
28858;1728;118;16;16;0;0;16;16
28872;1744;118;16;16;0;0;16;16
28961;1760;118;16;16;0;0;16;16
28966;1776;118;16;16;0;0;16;16
28982;1792;118;16;16;0;0;16;16
28988;1808;118;16;16;0;0;16;16
29006;1824;118;16;16;0;0;16;16
29017;1840;118;16;16;0;0;16;16
29031;1856;118;16;16;0;0;16;16
29033;1872;118;16;16;0;0;16;16
29038;1888;118;16;16;0;0;16;16
29066;1904;118;16;16;0;0;16;16
29087;1920;118;16;16;0;0;16;16
29105;1936;118;16;16;0;0;16;16
29123;1952;118;16;16;0;0;16;16
29157;1968;118;16;16;0;0;16;16
29190;1984;118;16;16;0;0;16;16
29226;2000;118;16;16;0;0;16;16
29237;2016;118;16;16;0;0;16;16
29238;2032;118;16;16;0;0;16;16
29245;2048;118;16;16;0;0;16;16
29255;2064;118;16;16;0;0;16;16
29256;2080;118;16;16;0;0;16;16
29273;2096;118;16;16;0;0;16;16
29275;2112;118;16;16;0;0;16;16
29287;2128;118;16;16;0;0;16;16
29289;2144;118;16;16;0;0;16;16
29298;2160;118;16;16;0;0;16;16
29305;2176;118;16;16;0;0;16;16
29344;2192;118;16;16;0;0;16;16
29356;2208;118;16;16;0;0;16;16
29359;2224;118;16;16;0;0;16;16
29366;2240;118;16;16;0;0;16;16
29378;2256;118;16;16;0;0;16;16
29401;2272;118;16;16;0;0;16;16
29417;2288;118;16;16;0;0;16;16
29420;2304;118;16;16;0;0;16;16
29421;2320;118;16;16;0;0;16;16
29467;2336;118;16;16;0;0;16;16
29471;2352;118;16;16;0;0;16;16
29483;2368;118;16;16;0;0;16;16
29486;2384;118;16;16;0;0;16;16
29494;2400;118;16;16;0;0;16;16
29503;2416;118;16;16;0;0;16;16
29508;2432;118;16;16;0;0;16;16
29539;2448;118;16;16;0;0;16;16
29554;2464;118;16;16;0;0;16;16
29572;2480;118;16;16;0;0;16;16
29575;2496;118;16;16;0;0;16;16
29577;2512;118;16;16;0;0;16;16
29579;2528;118;16;16;0;0;16;16
29609;2544;118;16;16;0;0;16;16
29645;2560;118;16;16;0;0;16;16
29664;2576;118;16;16;0;0;16;16
29677;2592;118;16;16;0;0;16;16
29694;2608;118;16;16;0;0;16;16
29699;2624;118;16;16;0;0;16;16
29702;2640;118;16;16;0;0;16;16
29748;2656;118;16;16;0;0;16;16
29792;2672;118;16;16;0;0;16;16
29827;2688;118;16;16;0;0;16;16
29863;2704;118;16;16;0;0;16;16
29872;2720;118;16;16;0;0;16;16
29885;2736;118;16;16;0;0;16;16
29926;2752;118;16;16;0;0;16;16
29942;2768;118;16;16;0;0;16;16
29976;2784;118;16;16;0;0;16;16
29978;2800;118;16;16;0;0;16;16
29983;2816;118;16;16;0;0;16;16
29987;2832;118;16;16;0;0;16;16
29992;2848;118;16;16;0;0;16;16
30000;2864;118;16;16;0;0;16;16
30001;2880;118;16;16;0;0;16;16
30002;2896;118;16;16;0;0;16;16
30003;2912;118;16;16;0;0;16;16
30007;2928;118;16;16;0;0;16;16
30010;2944;118;16;16;0;0;16;16
30011;2960;118;16;16;0;0;16;16
30028;2976;118;16;16;0;0;16;16
30031;2992;118;16;16;0;0;16;16
30033;3008;118;16;16;0;0;16;16
30036;3024;118;16;16;0;0;16;16
30041;3040;118;16;16;0;0;16;16
30044;3056;118;16;16;0;0;16;16
30045;3072;118;16;16;0;0;16;16
30053;3088;118;16;16;0;0;16;16
30058;3104;118;16;16;0;0;16;16
30064;3120;118;16;16;0;0;16;16
30067;3136;118;16;16;0;0;16;16
30079;3152;118;16;16;0;0;16;16
30094;3168;118;16;16;0;0;16;16
30097;3184;118;16;16;0;0;16;16
30123;3200;118;16;16;0;0;16;16
30130;3216;118;16;16;0;0;16;16
30142;3232;118;16;16;0;0;16;16
30149;3248;118;16;16;0;0;16;16
30151;3264;118;16;16;0;0;16;16
30165;3280;118;16;16;0;0;16;16
30168;3296;118;16;16;0;0;16;16
30171;3312;118;16;16;0;0;16;16
30178;3328;118;16;16;0;0;16;16
30185;3344;118;16;16;0;0;16;16
30196;3360;118;16;16;0;0;16;16
30221;3376;118;16;16;0;0;16;16
30274;3392;118;16;16;0;0;16;16
30290;3408;118;16;16;0;0;16;16
30294;3424;118;16;16;0;0;16;16
30330;3440;118;16;16;0;0;16;16
30331;3456;118;16;16;0;0;16;16
30333;3472;118;16;16;0;0;16;16
30334;3488;118;16;16;0;0;16;16
30340;3504;118;16;16;0;0;16;16
30342;3520;118;16;16;0;0;16;16
30343;3536;118;16;16;0;0;16;16
30382;3552;118;16;16;0;0;16;16
30399;3568;118;16;16;0;0;16;16
30406;3584;118;16;16;0;0;16;16
30410;3600;118;16;16;0;0;16;16
30423;3616;118;16;16;0;0;16;16
30427;3632;118;16;16;0;0;16;16
30431;3648;118;16;16;0;0;16;16
30435;3664;118;16;16;0;0;16;16
30436;3680;118;16;16;0;0;16;16
30446;3696;118;16;16;0;0;16;16
30450;3712;118;16;16;0;0;16;16
30452;3728;118;16;16;0;0;16;16
30456;3744;118;16;16;0;0;16;16
30462;3760;118;16;16;0;0;16;16
30465;3776;118;16;16;0;0;16;16
30473;3792;118;16;16;0;0;16;16
30475;3808;118;16;16;0;0;16;16
30476;3824;118;16;16;0;0;16;16
30495;3840;118;16;16;0;0;16;16
30496;3856;118;16;16;0;0;16;16
30522;3872;118;16;16;0;0;16;16
30524;3888;118;16;16;0;0;16;16
30528;3904;118;16;16;0;0;16;16
30561;3920;118;16;16;0;0;16;16
30563;3936;118;16;16;0;0;16;16
30566;3952;118;16;16;0;0;16;16
30636;3968;118;16;16;0;0;16;16
30637;3984;118;16;16;0;0;16;16
30643;4000;118;16;16;0;0;16;16
30683;4016;118;16;16;0;0;16;16
30690;4032;118;16;16;0;0;16;16
30693;4048;118;16;16;0;0;16;16
30701;4064;118;16;16;0;0;16;16
30703;4080;118;16;16;0;0;16;16
30707;0;134;16;16;0;0;16;16
30722;16;134;16;16;0;0;16;16
30740;32;134;16;16;0;0;16;16
30741;48;134;16;16;0;0;16;16
30770;64;134;16;16;0;0;16;16
30772;80;134;16;16;0;0;16;16
30813;96;134;16;16;0;0;16;16
30827;112;134;16;16;0;0;16;16
30828;128;134;16;16;0;0;16;16
30849;144;134;16;16;0;0;16;16
30865;160;134;16;16;0;0;16;16
30906;176;134;16;16;0;0;16;16
30913;192;134;16;16;0;0;16;16
30952;208;134;16;16;0;0;16;16
30977;224;134;16;16;0;0;16;16
30990;240;134;16;16;0;0;16;16
31034;256;134;16;16;0;0;16;16
31036;272;134;16;16;0;0;16;16
31038;288;134;16;16;0;0;16;16
31048;304;134;16;16;0;0;16;16
31049;320;134;16;16;0;0;16;16
31062;336;134;16;16;0;0;16;16
31069;352;134;16;16;0;0;16;16
31070;368;134;16;16;0;0;16;16
31077;384;134;16;16;0;0;16;16
31080;400;134;16;16;0;0;16;16
31085;416;134;16;16;0;0;16;16
31105;432;134;16;16;0;0;16;16
31109;448;134;16;16;0;0;16;16
31117;464;134;16;16;0;0;16;16
31119;480;134;16;16;0;0;16;16
31168;496;134;16;16;0;0;16;16
31169;512;134;16;16;0;0;16;16
31179;528;134;16;16;0;0;16;16
31185;544;134;16;16;0;0;16;16
31186;560;134;16;16;0;0;16;16
31192;576;134;16;16;0;0;16;16
31199;592;134;16;16;0;0;16;16
31209;608;134;16;16;0;0;16;16
31216;624;134;16;16;0;0;16;16
31227;640;134;16;16;0;0;16;16
31243;656;134;16;16;0;0;16;16
31246;672;134;16;16;0;0;16;16
31258;688;134;16;16;0;0;16;16
31278;704;134;16;16;0;0;16;16
31282;720;134;16;16;0;0;16;16
31292;736;134;16;16;0;0;16;16
31293;752;134;16;16;0;0;16;16
31295;768;134;16;16;0;0;16;16
31296;784;134;16;16;0;0;16;16
31298;800;134;16;16;0;0;16;16
31309;816;134;16;16;0;0;16;16
31311;832;134;16;16;0;0;16;16
31339;848;134;16;16;0;0;16;16
31348;864;134;16;16;0;0;16;16
31350;880;134;16;16;0;0;16;16
31354;896;134;16;16;0;0;16;16
31361;912;134;16;16;0;0;16;16
31363;928;134;16;16;0;0;16;16
31378;944;134;16;16;0;0;16;16
31379;960;134;16;16;0;0;16;16
31391;976;134;16;16;0;0;16;16
31406;992;134;16;16;0;0;16;16
31407;1008;134;16;16;0;0;16;16
31435;1024;134;16;16;0;0;16;16
31452;1040;134;16;16;0;0;16;16
31456;1056;134;16;16;0;0;16;16
31461;1072;134;16;16;0;0;16;16
31471;1088;134;16;16;0;0;16;16
31478;1104;134;16;16;0;0;16;16
31481;1120;134;16;16;0;0;16;16
31505;1136;134;16;16;0;0;16;16
31515;1152;134;16;16;0;0;16;16
31526;1168;134;16;16;0;0;16;16
31532;1184;134;16;16;0;0;16;16
31558;1200;134;16;16;0;0;16;16
31561;1216;134;16;16;0;0;16;16
31563;1232;134;16;16;0;0;16;16
31570;1248;134;16;16;0;0;16;16
31572;1264;134;16;16;0;0;16;16
31574;1280;134;16;16;0;0;16;16
31623;1296;134;16;16;0;0;16;16
31627;1312;134;16;16;0;0;16;16
31639;1328;134;16;16;0;0;16;16
31649;1344;134;16;16;0;0;16;16
31665;1360;134;16;16;0;0;16;16
31672;1376;134;16;16;0;0;16;16
31680;1392;134;16;16;0;0;16;16
31684;1408;134;16;16;0;0;16;16
31689;1424;134;16;16;0;0;16;16
31716;1440;134;16;16;0;0;16;16
31777;1456;134;16;16;0;0;16;16
31807;1472;134;16;16;0;0;16;16
31821;1488;134;16;16;0;0;16;16
31840;1504;134;16;16;0;0;16;16
31859;1520;134;16;16;0;0;16;16
31881;1536;134;16;16;0;0;16;16
31883;1552;134;16;16;0;0;16;16
31890;1568;134;16;16;0;0;16;16
31895;1584;134;16;16;0;0;16;16
31896;1600;134;16;16;0;0;16;16
31899;1616;134;16;16;0;0;16;16
31911;1632;134;16;16;0;0;16;16
31934;1648;134;16;16;0;0;16;16
31958;1664;134;16;16;0;0;16;16
31975;1680;134;16;16;0;0;16;16
31992;1696;134;16;16;0;0;16;16
31995;1712;134;16;16;0;0;16;16
31998;1728;134;16;16;0;0;16;16
32000;1744;134;16;16;0;0;16;16
32004;1760;134;16;16;0;0;16;16
32005;1776;134;16;16;0;0;16;16
32011;1792;134;16;16;0;0;16;16
32013;1808;134;16;16;0;0;16;16
32020;1824;134;16;16;0;0;16;16
32025;1840;134;16;16;0;0;16;16
32026;1856;134;16;16;0;0;16;16
32027;1872;134;16;16;0;0;16;16
32032;1888;134;16;16;0;0;16;16
32033;1904;134;16;16;0;0;16;16
32034;1920;134;16;16;0;0;16;16
32043;1936;134;16;16;0;0;16;16
32047;1952;134;16;16;0;0;16;16
32048;1968;134;16;16;0;0;16;16
32051;1984;134;16;16;0;0;16;16
32057;2000;134;16;16;0;0;16;16
32058;2016;134;16;16;0;0;16;16
32066;2032;134;16;16;0;0;16;16
32068;2048;134;16;16;0;0;16;16
32076;2064;134;16;16;0;0;16;16
32080;2080;134;16;16;0;0;16;16
32094;2096;134;16;16;0;0;16;16
32097;2112;134;16;16;0;0;16;16
32102;2128;134;16;16;0;0;16;16
32113;2144;134;16;16;0;0;16;16
32117;2160;134;16;16;0;0;16;16
32118;2176;134;16;16;0;0;16;16
32121;2192;134;16;16;0;0;16;16
32153;2208;134;16;16;0;0;16;16
32154;2224;134;16;16;0;0;16;16
32173;2240;134;16;16;0;0;16;16
32177;2256;134;16;16;0;0;16;16
32178;2272;134;16;16;0;0;16;16
32187;2288;134;16;16;0;0;16;16
32191;2304;134;16;16;0;0;16;16
32202;2320;134;16;16;0;0;16;16
32207;2336;134;16;16;0;0;16;16
32209;2352;134;16;16;0;0;16;16
32210;2368;134;16;16;0;0;16;16
32218;2384;134;16;16;0;0;16;16
32224;2400;134;16;16;0;0;16;16
32232;2416;134;16;16;0;0;16;16
32233;2432;134;16;16;0;0;16;16
32239;2448;134;16;16;0;0;16;16
32244;2464;134;16;16;0;0;16;16
32251;2480;134;16;16;0;0;16;16
32257;2496;134;16;16;0;0;16;16
32260;2512;134;16;16;0;0;16;16
32283;2528;134;16;16;0;0;16;16
32294;2544;134;16;16;0;0;16;16
32299;2560;134;16;16;0;0;16;16
32302;2576;134;16;16;0;0;16;16
32318;2592;134;16;16;0;0;16;16
32321;2608;134;16;16;0;0;16;16
32330;2624;134;16;16;0;0;16;16
32340;2640;134;16;16;0;0;16;16
32341;2656;134;16;16;0;0;16;16
32365;2672;134;16;16;0;0;16;16
32368;2688;134;16;16;0;0;16;16
32566;2704;134;16;16;0;0;16;16
32618;2720;134;16;16;0;0;16;16
32622;2736;134;16;16;0;0;16;16
32624;2752;134;16;16;0;0;16;16
32626;2768;134;16;16;0;0;16;16
32629;2784;134;16;16;0;0;16;16
32631;2800;134;16;16;0;0;16;16
32645;2816;134;16;16;0;0;16;16
32650;2832;134;16;16;0;0;16;16
32654;2848;134;16;16;0;0;16;16
32670;2864;134;16;16;0;0;16;16
32676;2880;134;16;16;0;0;16;16
32680;2896;134;16;16;0;0;16;16
32681;2912;134;16;16;0;0;16;16
32701;2928;134;16;16;0;0;16;16
32705;2944;134;16;16;0;0;16;16
32716;2960;134;16;16;0;0;16;16
32722;2976;134;16;16;0;0;16;16
32763;2992;134;16;16;0;0;16;16
32764;3008;134;16;16;0;0;16;16
32769;3024;134;16;16;0;0;16;16
32771;3040;134;16;16;0;0;16;16
32773;3056;134;16;16;0;0;16;16
32784;3072;134;16;16;0;0;16;16
32789;3088;134;16;16;0;0;16;16
32791;3104;134;16;16;0;0;16;16
32819;3120;134;16;16;0;0;16;16
32854;3136;134;16;16;0;0;16;16
32862;3152;134;16;16;0;0;16;16
32884;3168;134;16;16;0;0;16;16
32887;3184;134;16;16;0;0;16;16
32905;3200;134;16;16;0;0;16;16
32908;3216;134;16;16;0;0;16;16
32918;3232;134;16;16;0;0;16;16
32920;3248;134;16;16;0;0;16;16
32925;3264;134;16;16;0;0;16;16
32929;3280;134;16;16;0;0;16;16
32930;3296;134;16;16;0;0;16;16
32933;3312;134;16;16;0;0;16;16
32937;3328;134;16;16;0;0;16;16
32938;3344;134;16;16;0;0;16;16
32943;3360;134;16;16;0;0;16;16
32946;3376;134;16;16;0;0;16;16
32954;3392;134;16;16;0;0;16;16
32963;3408;134;16;16;0;0;16;16
32966;3424;134;16;16;0;0;16;16
32972;3440;134;16;16;0;0;16;16
32974;3456;134;16;16;0;0;16;16
32990;3472;134;16;16;0;0;16;16
33012;3488;134;16;16;0;0;16;16
33016;3504;134;16;16;0;0;16;16
33021;3520;134;16;16;0;0;16;16
33026;3536;134;16;16;0;0;16;16
33029;3552;134;16;16;0;0;16;16
33031;3568;134;16;16;0;0;16;16
33032;3584;134;16;16;0;0;16;16
33034;3600;134;16;16;0;0;16;16
33050;3616;134;16;16;0;0;16;16
33073;3632;134;16;16;0;0;16;16
33075;3648;134;16;16;0;0;16;16
33102;3664;134;16;16;0;0;16;16
33104;3680;134;16;16;0;0;16;16
33109;3696;134;16;16;0;0;16;16
33131;3712;134;16;16;0;0;16;16
33136;3728;134;16;16;0;0;16;16
33144;3744;134;16;16;0;0;16;16
33145;3760;134;16;16;0;0;16;16
33146;3776;134;16;16;0;0;16;16
33178;3792;134;16;16;0;0;16;16
33180;3808;134;16;16;0;0;16;16
33181;3824;134;16;16;0;0;16;16
33192;3840;134;16;16;0;0;16;16
33203;3856;134;16;16;0;0;16;16
33222;3872;134;16;16;0;0;16;16
33235;3888;134;16;16;0;0;16;16
33251;3904;134;16;16;0;0;16;16
33256;3920;134;16;16;0;0;16;16
33258;3936;134;16;16;0;0;16;16
33261;3952;134;16;16;0;0;16;16
33267;3968;134;16;16;0;0;16;16
33268;3984;134;16;16;0;0;16;16
33276;4000;134;16;16;0;0;16;16
33288;4016;134;16;16;0;0;16;16
33292;4032;134;16;16;0;0;16;16
33294;4048;134;16;16;0;0;16;16
33303;4064;134;16;16;0;0;16;16
33310;4080;134;16;16;0;0;16;16
33311;0;150;16;16;0;0;16;16
33322;16;150;16;16;0;0;16;16
33324;32;150;16;16;0;0;16;16
33334;48;150;16;16;0;0;16;16
33335;64;150;16;16;0;0;16;16
33337;80;150;16;16;0;0;16;16
33351;96;150;16;16;0;0;16;16
33382;112;150;16;16;0;0;16;16
33391;128;150;16;16;0;0;16;16
33394;144;150;16;16;0;0;16;16
33398;160;150;16;16;0;0;16;16
33419;176;150;16;16;0;0;16;16
33437;192;150;16;16;0;0;16;16
33455;208;150;16;16;0;0;16;16
33457;224;150;16;16;0;0;16;16
33459;240;150;16;16;0;0;16;16
33464;256;150;16;16;0;0;16;16
33469;272;150;16;16;0;0;16;16
33495;288;150;16;16;0;0;16;16
33499;304;150;16;16;0;0;16;16
33509;320;150;16;16;0;0;16;16
33510;336;150;16;16;0;0;16;16
33521;352;150;16;16;0;0;16;16
33538;368;150;16;16;0;0;16;16
33550;384;150;16;16;0;0;16;16
33576;400;150;16;16;0;0;16;16
33590;416;150;16;16;0;0;16;16
33609;432;150;16;16;0;0;16;16
33618;448;150;16;16;0;0;16;16
33624;464;150;16;16;0;0;16;16
33655;480;150;16;16;0;0;16;16
33738;496;150;16;16;0;0;16;16
33740;512;150;16;16;0;0;16;16
33747;528;150;16;16;0;0;16;16
33756;544;150;16;16;0;0;16;16
33775;560;150;16;16;0;0;16;16
33806;576;150;16;16;0;0;16;16
33853;592;150;16;16;0;0;16;16
33865;608;150;16;16;0;0;16;16
33879;624;150;16;16;0;0;16;16
33883;640;150;16;16;0;0;16;16
33900;656;150;16;16;0;0;16;16
33976;672;150;16;16;0;0;16;16
33988;688;150;16;16;0;0;16;16
33995;704;150;16;16;0;0;16;16
34065;720;150;16;16;0;0;16;16
34101;736;150;16;16;0;0;16;16
34109;752;150;16;16;0;0;16;16
34180;768;150;16;16;0;0;16;16
34214;784;150;16;16;0;0;16;16
34218;800;150;16;16;0;0;16;16
34219;816;150;16;16;0;0;16;16
34220;832;150;16;16;0;0;16;16
34253;848;150;16;16;0;0;16;16
34276;864;150;16;16;0;0;16;16
34281;880;150;16;16;0;0;16;16
34299;896;150;16;16;0;0;16;16
34382;912;150;16;16;0;0;16;16
34384;928;150;16;16;0;0;16;16
34394;944;150;16;16;0;0;16;16
34396;960;150;16;16;0;0;16;16
34398;976;150;16;16;0;0;16;16
34411;992;150;16;16;0;0;16;16
34425;1008;150;16;16;0;0;16;16
34442;1024;150;16;16;0;0;16;16
34453;1040;150;16;16;0;0;16;16
34503;1056;150;16;16;0;0;16;16
34509;1072;150;16;16;0;0;16;16
34542;1088;150;16;16;0;0;16;16
34562;1104;150;16;16;0;0;16;16
34588;1120;150;16;16;0;0;16;16
34701;1136;150;16;16;0;0;16;16
34880;1152;150;16;16;0;0;16;16
34886;1168;150;16;16;0;0;16;16
34892;1184;150;16;16;0;0;16;16
34899;1200;150;16;16;0;0;16;16
34903;1216;150;16;16;0;0;16;16
34907;1232;150;16;16;0;0;16;16
34909;1248;150;16;16;0;0;16;16
34913;1264;150;16;16;0;0;16;16
34915;1280;150;16;16;0;0;16;16
34920;1296;150;16;16;0;0;16;16
34928;1312;150;16;16;0;0;16;16
34935;1328;150;16;16;0;0;16;16
34955;1344;150;16;16;0;0;16;16
34966;1360;150;16;16;0;0;16;16
34987;1376;150;16;16;0;0;16;16
35009;1392;150;16;16;0;0;16;16
35010;1408;150;16;16;0;0;16;16
35013;1424;150;16;16;0;0;16;16
35023;1440;150;16;16;0;0;16;16
35029;1456;150;16;16;0;0;16;16
35036;1472;150;16;16;0;0;16;16
35064;1488;150;16;16;0;0;16;16
35069;1504;150;16;16;0;0;16;16
35070;1520;150;16;16;0;0;16;16
35079;1536;150;16;16;0;0;16;16
35088;1552;150;16;16;0;0;16;16
35090;1568;150;16;16;0;0;16;16
35167;1584;150;16;16;0;0;16;16
35186;1600;150;16;16;0;0;16;16
35199;1616;150;16;16;0;0;16;16
35201;1632;150;16;16;0;0;16;16
35206;1648;150;16;16;0;0;16;16
35207;1664;150;16;16;0;0;16;16
35211;1680;150;16;16;0;0;16;16
35215;1696;150;16;16;0;0;16;16
35222;1712;150;16;16;0;0;16;16
35226;1728;150;16;16;0;0;16;16
35239;1744;150;16;16;0;0;16;16
35242;1760;150;16;16;0;0;16;16
35251;1776;150;16;16;0;0;16;16
35282;1792;150;16;16;0;0;16;16
35299;1808;150;16;16;0;0;16;16
35302;1824;150;16;16;0;0;16;16
35328;1840;150;16;16;0;0;16;16
35330;1856;150;16;16;0;0;16;16
35331;1872;150;16;16;0;0;16;16
35336;1888;150;16;16;0;0;16;16
35342;1904;150;16;16;0;0;16;16
35347;1920;150;16;16;0;0;16;16
35351;1936;150;16;16;0;0;16;16
35352;1952;150;16;16;0;0;16;16
35359;1968;150;16;16;0;0;16;16
35370;1984;150;16;16;0;0;16;16
35373;2000;150;16;16;0;0;16;16
35377;2016;150;16;16;0;0;16;16
35379;2032;150;16;16;0;0;16;16
35380;2048;150;16;16;0;0;16;16
35386;2064;150;16;16;0;0;16;16
35388;2080;150;16;16;0;0;16;16
35408;2096;150;16;16;0;0;16;16
35412;2112;150;16;16;0;0;16;16
35413;2128;150;16;16;0;0;16;16
35422;2144;150;16;16;0;0;16;16
35424;2160;150;16;16;0;0;16;16
35427;2176;150;16;16;0;0;16;16
35430;2192;150;16;16;0;0;16;16
35433;2208;150;16;16;0;0;16;16
35438;2224;150;16;16;0;0;16;16
35440;2240;150;16;16;0;0;16;16
35441;2256;150;16;16;0;0;16;16
35442;2272;150;16;16;0;0;16;16
35443;2288;150;16;16;0;0;16;16
35463;2304;150;16;16;0;0;16;16
35465;2320;150;16;16;0;0;16;16
35468;2336;150;16;16;0;0;16;16
35469;2352;150;16;16;0;0;16;16
35475;2368;150;16;16;0;0;16;16
35477;2384;150;16;16;0;0;16;16
35480;2400;150;16;16;0;0;16;16
35486;2416;150;16;16;0;0;16;16
35488;2432;150;16;16;0;0;16;16
35492;2448;150;16;16;0;0;16;16
35500;2464;150;16;16;0;0;16;16
35501;2480;150;16;16;0;0;16;16
35504;2496;150;16;16;0;0;16;16
35506;2512;150;16;16;0;0;16;16
35519;2528;150;16;16;0;0;16;16
35527;2544;150;16;16;0;0;16;16
35531;2560;150;16;16;0;0;16;16
35542;2576;150;16;16;0;0;16;16
35558;2592;150;16;16;0;0;16;16
35559;2608;150;16;16;0;0;16;16
35565;2624;150;16;16;0;0;16;16
35566;2640;150;16;16;0;0;16;16
35576;2656;150;16;16;0;0;16;16
35582;2672;150;16;16;0;0;16;16
35584;2688;150;16;16;0;0;16;16
35585;2704;150;16;16;0;0;16;16
35588;2720;150;16;16;0;0;16;16
35598;2736;150;16;16;0;0;16;16
35609;2752;150;16;16;0;0;16;16
35611;2768;150;16;16;0;0;16;16
35613;2784;150;16;16;0;0;16;16
35617;2800;150;16;16;0;0;16;16
35641;2816;150;16;16;0;0;16;16
35672;2832;150;16;16;0;0;16;16
35676;2848;150;16;16;0;0;16;16
35686;2864;150;16;16;0;0;16;16
35696;2880;150;16;16;0;0;16;16
35698;2896;150;16;16;0;0;16;16
35703;2912;150;16;16;0;0;16;16
35895;2928;150;16;16;0;0;16;16
35910;2944;150;16;16;0;0;16;16
35914;2960;150;16;16;0;0;16;16
35930;2976;150;16;16;0;0;16;16
35937;2992;150;16;16;0;0;16;16
35946;3008;150;16;16;0;0;16;16
35980;3024;150;16;16;0;0;16;16
35997;3040;150;16;16;0;0;16;16
35998;3056;150;16;16;0;0;16;16
36000;3072;150;16;16;0;0;16;16
36001;3088;150;16;16;0;0;16;16
36002;3104;150;16;16;0;0;16;16
36007;3120;150;16;16;0;0;16;16
36008;3136;150;16;16;0;0;16;16
36009;3152;150;16;16;0;0;16;16
36010;3168;150;16;16;0;0;16;16
36011;3184;150;16;16;0;0;16;16
36012;3200;150;16;16;0;0;16;16
36015;3216;150;16;16;0;0;16;16
36020;3232;150;16;16;0;0;16;16
36023;3248;150;16;16;0;0;16;16
36024;3264;150;16;16;0;0;16;16
36027;3280;150;16;16;0;0;16;16
36028;3296;150;16;16;0;0;16;16
36031;3312;150;16;16;0;0;16;16
36032;3328;150;16;16;0;0;16;16
36034;3344;150;16;16;0;0;16;16
36035;3360;150;16;16;0;0;16;16
36036;3376;150;16;16;0;0;16;16
36039;3392;150;16;16;0;0;16;16
36042;3408;150;16;16;0;0;16;16
36051;3424;150;16;16;0;0;16;16
36059;3440;150;16;16;0;0;16;16
36060;3456;150;16;16;0;0;16;16
36062;3472;150;16;16;0;0;16;16
36064;3488;150;16;16;0;0;16;16
36066;3504;150;16;16;0;0;16;16
36070;3520;150;16;16;0;0;16;16
36074;3536;150;16;16;0;0;16;16
36077;3552;150;16;16;0;0;16;16
36092;3568;150;16;16;0;0;16;16
36104;3584;150;16;16;0;0;16;16
36196;3600;150;16;16;0;0;16;16
36198;3616;150;16;16;0;0;16;16
36208;3632;150;16;16;0;0;16;16
36212;3648;150;16;16;0;0;16;16
36215;3664;150;16;16;0;0;16;16
36229;3680;150;16;16;0;0;16;16
36234;3696;150;16;16;0;0;16;16
36259;3712;150;16;16;0;0;16;16
36275;3728;150;16;16;0;0;16;16
36317;3744;150;16;16;0;0;16;16
36321;3760;150;16;16;0;0;16;16
36335;3776;150;16;16;0;0;16;16
36339;3792;150;16;16;0;0;16;16
36341;3808;150;16;16;0;0;16;16
36362;3824;150;16;16;0;0;16;16
36367;3840;150;16;16;0;0;16;16
36394;3856;150;16;16;0;0;16;16
36468;3872;150;16;16;0;0;16;16
36493;3888;150;16;16;0;0;16;16
36523;3904;150;16;16;0;0;16;16
36554;3920;150;16;16;0;0;16;16
36556;3936;150;16;16;0;0;16;16
36557;3952;150;16;16;0;0;16;16
36562;3968;150;16;16;0;0;16;16
36575;3984;150;16;16;0;0;16;16
36578;4000;150;16;16;0;0;16;16
36600;4016;150;16;16;0;0;16;16
36605;4032;150;16;16;0;0;16;16
36611;4048;150;16;16;0;0;16;16
36617;4064;150;16;16;0;0;16;16
36637;4080;150;16;16;0;0;16;16
36649;0;166;16;16;0;0;16;16
36650;16;166;16;16;0;0;16;16
36664;32;166;16;16;0;0;16;16
36676;48;166;16;16;0;0;16;16
36763;64;166;16;16;0;0;16;16
36766;80;166;16;16;0;0;16;16
36771;96;166;16;16;0;0;16;16
36785;112;166;16;16;0;0;16;16
36786;128;166;16;16;0;0;16;16
36794;144;166;16;16;0;0;16;16
36796;160;166;16;16;0;0;16;16
36805;176;166;16;16;0;0;16;16
36814;192;166;16;16;0;0;16;16
36817;208;166;16;16;0;0;16;16
36820;224;166;16;16;0;0;16;16
36843;240;166;16;16;0;0;16;16
36845;256;166;16;16;0;0;16;16
36848;272;166;16;16;0;0;16;16
36855;288;166;16;16;0;0;16;16
36861;304;166;16;16;0;0;16;16
36864;320;166;16;16;0;0;16;16
36865;336;166;16;16;0;0;16;16
36867;352;166;16;16;0;0;16;16
36870;368;166;16;16;0;0;16;16
36879;384;166;16;16;0;0;16;16
36880;400;166;16;16;0;0;16;16
36883;416;166;16;16;0;0;16;16
36884;432;166;16;16;0;0;16;16
36890;448;166;16;16;0;0;16;16
36893;464;166;16;16;0;0;16;16
36895;480;166;16;16;0;0;16;16
36896;496;166;16;16;0;0;16;16
36899;512;166;16;16;0;0;16;16
36910;528;166;16;16;0;0;16;16
36913;544;166;16;16;0;0;16;16
36914;560;166;16;16;0;0;16;16
36920;576;166;16;16;0;0;16;16
36930;592;166;16;16;0;0;16;16
36933;608;166;16;16;0;0;16;16
36935;624;166;16;16;0;0;16;16
36938;640;166;16;16;0;0;16;16
36939;656;166;16;16;0;0;16;16
36941;672;166;16;16;0;0;16;16
36942;688;166;16;16;0;0;16;16
36947;704;166;16;16;0;0;16;16
36948;720;166;16;16;0;0;16;16
36949;736;166;16;16;0;0;16;16
36956;752;166;16;16;0;0;16;16
36960;768;166;16;16;0;0;16;16
36961;784;166;16;16;0;0;16;16
36963;800;166;16;16;0;0;16;16
36969;816;166;16;16;0;0;16;16
36973;832;166;16;16;0;0;16;16
36974;848;166;16;16;0;0;16;16
36981;864;166;16;16;0;0;16;16
36983;880;166;16;16;0;0;16;16
36984;896;166;16;16;0;0;16;16
36986;912;166;16;16;0;0;16;16
36991;928;166;16;16;0;0;16;16
36996;944;166;16;16;0;0;16;16
37027;960;166;16;16;0;0;16;16
37030;976;166;16;16;0;0;16;16
37034;992;166;16;16;0;0;16;16
37048;1008;166;16;16;0;0;16;16
37066;1024;166;16;16;0;0;16;16
37070;1040;166;16;16;0;0;16;16
37089;1056;166;16;16;0;0;16;16
37096;1072;166;16;16;0;0;16;16
37101;1088;166;16;16;0;0;16;16
37109;1104;166;16;16;0;0;16;16
37111;1120;166;16;16;0;0;16;16
37117;1136;166;16;16;0;0;16;16
37196;1152;166;16;16;0;0;16;16
37197;1168;166;16;16;0;0;16;16
37198;1184;166;16;16;0;0;16;16
37202;1200;166;16;16;0;0;16;16
37204;1216;166;16;16;0;0;16;16
37218;1232;166;16;16;0;0;16;16
37226;1248;166;16;16;0;0;16;16
37228;1264;166;16;16;0;0;16;16
37237;1280;166;16;16;0;0;16;16
37239;1296;166;16;16;0;0;16;16
37240;1312;166;16;16;0;0;16;16
37266;1328;166;16;16;0;0;16;16
37276;1344;166;16;16;0;0;16;16
37304;1360;166;16;16;0;0;16;16
37319;1376;166;16;16;0;0;16;16
37320;1392;166;16;16;0;0;16;16
37324;1408;166;16;16;0;0;16;16
37325;1424;166;16;16;0;0;16;16
37326;1440;166;16;16;0;0;16;16
37327;1456;166;16;16;0;0;16;16
37329;1472;166;16;16;0;0;16;16
37340;1488;166;16;16;0;0;16;16
37341;1504;166;16;16;0;0;16;16
37347;1520;166;16;16;0;0;16;16
37389;1536;166;16;16;0;0;16;16
37428;1552;166;16;16;0;0;16;16
37444;1568;166;16;16;0;0;16;16
37467;1584;166;16;16;0;0;16;16
37474;1600;166;16;16;0;0;16;16
37489;1616;166;16;16;0;0;16;16
37504;1632;166;16;16;0;0;16;16
37507;1648;166;16;16;0;0;16;16
37509;1664;166;16;16;0;0;16;16
37528;1680;166;16;16;0;0;16;16
37549;1696;166;16;16;0;0;16;16
37613;1712;166;16;16;0;0;16;16
37619;1728;166;16;16;0;0;16;16
37628;1744;166;16;16;0;0;16;16
37664;1760;166;16;16;0;0;16;16
37670;1776;166;16;16;0;0;16;16
37676;1792;166;16;16;0;0;16;16
37678;1808;166;16;16;0;0;16;16
37679;1824;166;16;16;0;0;16;16
37682;1840;166;16;16;0;0;16;16
37707;1856;166;16;16;0;0;16;16
37723;1872;166;16;16;0;0;16;16
37749;1888;166;16;16;0;0;16;16
37772;1904;166;16;16;0;0;16;16
37782;1920;166;16;16;0;0;16;16
37806;1936;166;16;16;0;0;16;16
37857;1952;166;16;16;0;0;16;16
37912;1968;166;16;16;0;0;16;16
37969;1984;166;16;16;0;0;16;16
38263;2000;166;16;16;0;0;16;16
38272;2016;166;16;16;0;0;16;16
38281;2032;166;16;16;0;0;16;16
38283;2048;166;16;16;0;0;16;16
38289;2064;166;16;16;0;0;16;16
38291;2080;166;16;16;0;0;16;16
38306;2096;166;16;16;0;0;16;16
38307;2112;166;16;16;0;0;16;16
38309;2128;166;16;16;0;0;16;16
38322;2144;166;16;16;0;0;16;16
38343;2160;166;16;16;0;0;16;16
38360;2176;166;16;16;0;0;16;16
38428;2192;166;16;16;0;0;16;16
38442;2208;166;16;16;0;0;16;16
38450;2224;166;16;16;0;0;16;16
38459;2240;166;16;16;0;0;16;16
38468;2256;166;16;16;0;0;16;16
38477;2272;166;16;16;0;0;16;16
38480;2288;166;16;16;0;0;16;16
38491;2304;166;16;16;0;0;16;16
38498;2320;166;16;16;0;0;16;16
38499;2336;166;16;16;0;0;16;16
38500;2352;166;16;16;0;0;16;16
38501;2368;166;16;16;0;0;16;16
38506;2384;166;16;16;0;0;16;16
38512;2400;166;16;16;0;0;16;16
38515;2416;166;16;16;0;0;16;16
38517;2432;166;16;16;0;0;16;16
38518;2448;166;16;16;0;0;16;16
38520;2464;166;16;16;0;0;16;16
38522;2480;166;16;16;0;0;16;16
38525;2496;166;16;16;0;0;16;16
38533;2512;166;16;16;0;0;16;16
38534;2528;166;16;16;0;0;16;16
38538;2544;166;16;16;0;0;16;16
38542;2560;166;16;16;0;0;16;16
38543;2576;166;16;16;0;0;16;16
38548;2592;166;16;16;0;0;16;16
38553;2608;166;16;16;0;0;16;16
38555;2624;166;16;16;0;0;16;16
38556;2640;166;16;16;0;0;16;16
38560;2656;166;16;16;0;0;16;16
38563;2672;166;16;16;0;0;16;16
38583;2688;166;16;16;0;0;16;16
38587;2704;166;16;16;0;0;16;16
38596;2720;166;16;16;0;0;16;16
38597;2736;166;16;16;0;0;16;16
38598;2752;166;16;16;0;0;16;16
38599;2768;166;16;16;0;0;16;16
38604;2784;166;16;16;0;0;16;16
38609;2800;166;16;16;0;0;16;16
38626;2816;166;16;16;0;0;16;16
38627;2832;166;16;16;0;0;16;16
38632;2848;166;16;16;0;0;16;16
38634;2864;166;16;16;0;0;16;16
38640;2880;166;16;16;0;0;16;16
38642;2896;166;16;16;0;0;16;16
38646;2912;166;16;16;0;0;16;16
38647;2928;166;16;16;0;0;16;16
38651;2944;166;16;16;0;0;16;16
38656;2960;166;16;16;0;0;16;16
38663;2976;166;16;16;0;0;16;16
38666;2992;166;16;16;0;0;16;16
38684;3008;166;16;16;0;0;16;16
38695;3024;166;16;16;0;0;16;16
38706;3040;166;16;16;0;0;16;16
38738;3056;166;16;16;0;0;16;16
38745;3072;166;16;16;0;0;16;16
38750;3088;166;16;16;0;0;16;16
38754;3104;166;16;16;0;0;16;16
38761;3120;166;16;16;0;0;16;16
38772;3136;166;16;16;0;0;16;16
38867;3152;166;16;16;0;0;16;16
38899;3168;166;16;16;0;0;16;16
38907;3184;166;16;16;0;0;16;16
38911;3200;166;16;16;0;0;16;16
38914;3216;166;16;16;0;0;16;16
38915;3232;166;16;16;0;0;16;16
38917;3248;166;16;16;0;0;16;16
38918;3264;166;16;16;0;0;16;16
38920;3280;166;16;16;0;0;16;16
38928;3296;166;16;16;0;0;16;16
38929;3312;166;16;16;0;0;16;16
38930;3328;166;16;16;0;0;16;16
38931;3344;166;16;16;0;0;16;16
38936;3360;166;16;16;0;0;16;16
38957;3376;166;16;16;0;0;16;16
38960;3392;166;16;16;0;0;16;16
38971;3408;166;16;16;0;0;16;16
38972;3424;166;16;16;0;0;16;16
38988;3440;166;16;16;0;0;16;16
38989;3456;166;16;16;0;0;16;16
38990;3472;166;16;16;0;0;16;16
38996;3488;166;16;16;0;0;16;16
38997;3504;166;16;16;0;0;16;16
39000;3520;166;16;16;0;0;16;16
39006;3536;166;16;16;0;0;16;16
39015;3552;166;16;16;0;0;16;16
39080;3568;166;16;16;0;0;16;16
39131;3584;166;16;16;0;0;16;16
39135;3600;166;16;16;0;0;16;16
39138;3616;166;16;16;0;0;16;16
39151;3632;166;16;16;0;0;16;16
39154;3648;166;16;16;0;0;16;16
39164;3664;166;16;16;0;0;16;16
39165;3680;166;16;16;0;0;16;16
39166;3696;166;16;16;0;0;16;16
39173;3712;166;16;16;0;0;16;16
39178;3728;166;16;16;0;0;16;16
39180;3744;166;16;16;0;0;16;16
39187;3760;166;16;16;0;0;16;16
39208;3776;166;16;16;0;0;16;16
39318;3792;166;16;16;0;0;16;16
39321;3808;166;16;16;0;0;16;16
39340;3824;166;16;16;0;0;16;16
39364;3840;166;16;16;0;0;16;16
39365;3856;166;16;16;0;0;16;16
39366;3872;166;16;16;0;0;16;16
39376;3888;166;16;16;0;0;16;16
39378;3904;166;16;16;0;0;16;16
39438;3920;166;16;16;0;0;16;16
39442;3936;166;16;16;0;0;16;16
39443;3952;166;16;16;0;0;16;16
39472;3968;166;16;16;0;0;16;16
39514;3984;166;16;16;0;0;16;16
39592;4000;166;16;16;0;0;16;16
39608;4016;166;16;16;0;0;16;16
39620;4032;166;16;16;0;0;16;16
39640;4048;166;16;16;0;0;16;16
39658;4064;166;16;16;0;0;16;16
39729;4080;166;16;16;0;0;16;16
39740;0;182;16;16;0;0;16;16
39746;16;182;16;16;0;0;16;16
39749;32;182;16;16;0;0;16;16
39764;48;182;16;16;0;0;16;16
39770;64;182;16;16;0;0;16;16
39854;80;182;16;16;0;0;16;16
39912;96;182;16;16;0;0;16;16
40165;112;182;16;16;0;0;16;16
40180;128;182;16;16;0;0;16;16
40335;144;182;16;16;0;0;16;16
40372;160;182;16;16;0;0;16;16
40575;176;182;16;16;0;0;16;16
40595;192;182;16;16;0;0;16;16
40599;208;182;16;16;0;0;16;16
40614;224;182;16;16;0;0;16;16
40634;240;182;16;16;0;0;16;16
40635;256;182;16;16;0;0;16;16
40644;272;182;16;16;0;0;16;16
40658;288;182;16;16;0;0;16;16
40665;304;182;16;16;0;0;16;16
40723;320;182;16;16;0;0;16;16
40763;336;182;16;16;0;0;16;16
40802;352;182;16;16;0;0;16;16
65281;0;198;16;16;0;0;16;16
65283;16;198;16;16;0;0;16;16
65284;32;198;16;16;0;0;16;16
65285;48;198;16;16;0;0;16;16
65288;64;198;16;16;0;0;16;16
65289;80;198;16;16;0;0;16;16
65290;96;198;16;16;0;0;16;16
65292;112;198;16;16;0;0;16;16
65296;128;198;16;16;0;0;16;16
65297;144;198;16;16;0;0;16;16
65298;160;198;16;16;0;0;16;16
65299;176;198;16;16;0;0;16;16
65300;192;198;16;16;0;0;16;16
65301;208;198;16;16;0;0;16;16
65302;224;198;16;16;0;0;16;16
65303;240;198;16;16;0;0;16;16
65304;256;198;16;16;0;0;16;16
65305;272;198;16;16;0;0;16;16
65306;288;198;16;16;0;0;16;16
65307;304;198;16;16;0;0;16;16
65311;320;198;16;16;0;0;16;16
65313;336;198;16;16;0;0;16;16
65314;352;198;16;16;0;0;16;16
65315;368;198;16;16;0;0;16;16
65316;384;198;16;16;0;0;16;16
65317;400;198;16;16;0;0;16;16
65318;416;198;16;16;0;0;16;16
65319;432;198;16;16;0;0;16;16
65320;448;198;16;16;0;0;16;16
65321;464;198;16;16;0;0;16;16
65322;480;198;16;16;0;0;16;16
65323;496;198;16;16;0;0;16;16
65324;512;198;16;16;0;0;16;16
65325;528;198;16;16;0;0;16;16
65326;544;198;16;16;0;0;16;16
65327;560;198;16;16;0;0;16;16
65328;576;198;16;16;0;0;16;16
65329;592;198;16;16;0;0;16;16
65330;608;198;16;16;0;0;16;16
65331;624;198;16;16;0;0;16;16
65332;640;198;16;16;0;0;16;16
65333;656;198;16;16;0;0;16;16
65334;672;198;16;16;0;0;16;16
65335;688;198;16;16;0;0;16;16
65336;704;198;16;16;0;0;16;16
65337;720;198;16;16;0;0;16;16
65338;736;198;16;16;0;0;16;16
65345;752;198;16;16;0;0;16;16
65346;768;198;16;16;0;0;16;16
65347;784;198;16;16;0;0;16;16
65348;800;198;16;16;0;0;16;16
65349;816;198;16;16;0;0;16;16
65350;832;198;16;16;0;0;16;16
65351;848;198;16;16;0;0;16;16
65352;864;198;16;16;0;0;16;16
65353;880;198;16;16;0;0;16;16
65354;896;198;16;16;0;0;16;16
65355;912;198;16;16;0;0;16;16
65356;928;198;16;16;0;0;16;16
65357;944;198;16;16;0;0;16;16
65358;960;198;16;16;0;0;16;16
65359;976;198;16;16;0;0;16;16
65360;992;198;16;16;0;0;16;16
65361;1008;198;16;16;0;0;16;16
65362;1024;198;16;16;0;0;16;16
65363;1040;198;16;16;0;0;16;16
65364;1056;198;16;16;0;0;16;16
65365;1072;198;16;16;0;0;16;16
65366;1088;198;16;16;0;0;16;16
65367;1104;198;16;16;0;0;16;16
65368;1120;198;16;16;0;0;16;16
65369;1136;198;16;16;0;0;16;16
65370;1152;198;16;16;0;0;16;16
65371;1168;198;16;16;0;0;16;16
65373;1184;198;16;16;0;0;16;16
65374;1200;198;16;16;0;0;16;16
65509;1216;198;16;16;0;0;16;16
