32;0;0;32
32;0;0;22;36;0;0;22;36
33;28;0;22;36;0;0;22;36
34;56;0;22;36;0;0;22;36
35;84;0;22;36;0;0;22;36
36;112;0;22;36;0;0;22;36
37;140;0;22;36;0;0;22;36
38;168;0;22;36;0;0;22;36
39;196;0;22;36;0;0;22;36
40;224;0;22;36;0;0;22;36
41;252;0;22;36;0;0;22;36
42;280;0;22;36;0;0;22;36
43;308;0;22;36;0;0;22;36
44;336;0;22;36;0;0;22;36
45;364;0;22;36;0;0;22;36
46;392;0;22;36;0;0;22;36
47;420;0;22;36;0;0;22;36
48;448;0;22;36;0;0;22;36
49;476;0;22;36;0;0;22;36
50;504;0;22;36;0;0;22;36
51;532;0;22;36;0;0;22;36
52;560;0;22;36;0;0;22;36
53;588;0;22;36;0;0;22;36
54;616;0;22;36;0;0;22;36
55;644;0;22;36;0;0;22;36
56;672;0;22;36;0;0;22;36
57;700;0;22;36;0;0;22;36
58;728;0;22;36;0;0;22;36
59;756;0;22;36;0;0;22;36
60;784;0;22;36;0;0;22;36
61;812;0;22;36;0;0;22;36
62;840;0;22;36;0;0;22;36
63;868;0;22;36;0;0;22;36
64;896;0;26;36;0;0;26;36
65;928;0;24;36;0;0;24;36
66;958;0;26;36;0;0;26;36
67;990;0;22;36;0;0;22;36
68;1018;0;26;36;0;0;26;36
69;1050;0;22;36;0;0;22;36
70;1078;0;22;36;0;0;22;36
71;1106;0;24;36;0;0;24;36
72;1136;0;24;36;0;0;24;36
73;1166;0;19;36;0;0;19;36
74;1191;0;22;36;0;0;22;36
75;1219;0;22;36;0;0;22;36
76;1247;0;22;36;0;0;22;36
77;1275;0;26;36;0;0;26;36
78;1307;0;22;36;0;0;22;36
79;1335;0;26;36;0;0;26;36
80;1367;0;22;36;0;0;22;36
81;1395;0;27;36;0;0;27;36
82;1428;0;22;36;0;0;22;36
83;1456;0;24;36;0;0;24;36
84;1486;0;22;36;0;0;22;36
85;1514;0;24;36;0;0;24;36
86;1544;0;24;36;0;0;24;36
87;1574;0;24;36;0;0;24;36
88;1604;0;22;36;0;0;22;36
89;1632;0;22;36;0;0;22;36
90;1660;0;22;36;0;0;22;36
91;1688;0;22;36;0;0;22;36
92;1716;0;22;36;0;0;22;36
93;1744;0;22;36;0;0;22;36
94;1772;0;22;36;0;0;22;36
95;1800;0;22;36;0;0;22;36
96;1828;0;22;36;0;0;22;36
97;1856;0;22;36;0;0;22;36
98;1884;0;22;36;0;0;22;36
99;1912;0;22;36;0;0;22;36
100;1940;0;22;36;0;0;22;36
101;1968;0;22;36;0;0;22;36
102;1996;0;22;36;0;0;22;36
103;2024;0;22;36;0;0;22;36
104;2052;0;22;36;0;0;22;36
105;2080;0;22;36;0;0;22;36
106;2108;0;22;36;0;0;22;36
107;2136;0;22;36;0;0;22;36
108;2164;0;22;36;0;0;22;36
109;2192;0;22;36;0;0;22;36
110;2220;0;22;36;0;0;22;36
111;2248;0;22;36;0;0;22;36
112;2276;0;22;36;0;0;22;36
113;2304;0;22;36;0;0;22;36
114;2332;0;22;36;0;0;22;36
115;2360;0;22;36;0;0;22;36
116;2388;0;22;36;0;0;22;36
117;2416;0;22;36;0;0;22;36
118;2444;0;22;36;0;0;22;36
119;2472;0;22;36;0;0;22;36
120;2500;0;22;36;0;0;22;36
121;2528;0;22;36;0;0;22;36
122;2556;0;22;36;0;0;22;36
123;2584;0;22;36;0;0;22;36
124;2612;0;22;36;0;0;22;36
125;2640;0;22;36;0;0;22;36
126;2668;0;22;36;0;0;22;36
161;2696;0;22;36;0;0;22;36
162;2724;0;22;36;0;0;22;36
163;2752;0;22;36;0;0;22;36
164;2780;0;22;36;0;0;22;36
165;2808;0;22;36;0;0;22;36
166;2836;0;22;36;0;0;22;36
167;2864;0;22;36;0;0;22;36
168;2892;0;22;36;0;0;22;36
169;2920;0;22;36;0;0;22;36
170;2948;0;22;36;0;0;22;36
171;2976;0;22;36;0;0;22;36
172;3004;0;22;36;0;0;22;36
173;3032;0;22;36;0;0;22;36
174;3060;0;22;36;0;0;22;36
175;3088;0;22;36;0;0;22;36
176;3116;0;22;36;0;0;22;36
177;3144;0;22;36;0;0;22;36
178;3172;0;22;36;0;0;22;36
179;3200;0;22;36;0;0;22;36
180;3228;0;22;36;0;0;22;36
181;3256;0;22;36;0;0;22;36
182;3284;0;22;36;0;0;22;36
183;3312;0;22;36;0;0;22;36
184;3340;0;22;36;0;0;22;36
185;3368;0;22;36;0;0;22;36
186;3396;0;22;36;0;0;22;36
187;3424;0;22;36;0;0;22;36
188;3452;0;22;36;0;0;22;36
189;3480;0;22;36;0;0;22;36
190;3508;0;22;36;0;0;22;36
191;3536;0;22;36;0;0;22;36
192;3564;0;22;36;0;0;22;36
193;3592;0;22;36;0;0;22;36
194;3620;0;22;36;0;0;22;36
195;3648;0;22;36;0;0;22;36
196;3676;0;22;36;0;0;22;36
197;3704;0;22;36;0;0;22;36
198;3732;0;22;36;0;0;22;36
199;3760;0;22;36;0;0;22;36
200;3788;0;22;36;0;0;22;36
201;3816;0;22;36;0;0;22;36
202;3844;0;22;36;0;0;22;36
203;3872;0;22;36;0;0;22;36
204;3900;0;22;36;0;0;22;36
205;3928;0;22;36;0;0;22;36
206;3956;0;22;36;0;0;22;36
207;3984;0;22;36;0;0;22;36
208;4012;0;22;36;0;0;22;36
209;4040;0;22;36;0;0;22;36
210;4068;0;22;36;0;0;22;36
211;0;42;22;36;0;0;22;36
212;28;42;22;36;0;0;22;36
213;56;42;22;36;0;0;22;36
214;84;42;22;36;0;0;22;36
215;112;42;22;36;0;0;22;36
216;140;42;22;36;0;0;22;36
217;168;42;22;36;0;0;22;36
218;196;42;22;36;0;0;22;36
219;224;42;22;36;0;0;22;36
220;252;42;22;36;0;0;22;36
221;280;42;22;36;0;0;22;36
222;308;42;22;36;0;0;22;36
223;336;42;22;36;0;0;22;36
224;364;42;22;36;0;0;22;36
225;392;42;22;36;0;0;22;36
226;420;42;22;36;0;0;22;36
227;448;42;22;36;0;0;22;36
228;476;42;22;36;0;0;22;36
229;504;42;22;36;0;0;22;36
230;532;42;22;36;0;0;22;36
231;560;42;22;36;0;0;22;36
232;588;42;22;36;0;0;22;36
233;616;42;22;36;0;0;22;36
234;644;42;22;36;0;0;22;36
235;672;42;22;36;0;0;22;36
236;700;42;22;36;0;0;22;36
237;728;42;22;36;0;0;22;36
238;756;42;22;36;0;0;22;36
239;784;42;22;36;0;0;22;36
240;812;42;22;36;0;0;22;36
241;840;42;22;36;0;0;22;36
242;868;42;22;36;0;0;22;36
243;896;42;22;36;0;0;22;36
244;924;42;22;36;0;0;22;36
245;952;42;22;36;0;0;22;36
246;980;42;22;36;0;0;22;36
247;1008;42;22;36;0;0;22;36
248;1036;42;22;36;0;0;22;36
249;1064;42;22;36;0;0;22;36
250;1092;42;22;36;0;0;22;36
251;1120;42;22;36;0;0;22;36
252;1148;42;22;36;0;0;22;36
253;1176;42;22;36;0;0;22;36
254;1204;42;22;36;0;0;22;36
255;1232;42;22;36;0;0;22;36
916;1260;42;22;36;0;0;22;36
960;1288;42;22;36;0;0;22;36
8212;0;84;36;34;0;0;36;34
8216;42;84;36;34;0;0;36;34
8217;84;84;36;34;0;0;36;34
8220;126;84;36;34;0;0;36;34
8221;168;84;36;34;0;0;36;34
8230;210;84;36;34;0;0;36;34
8592;252;84;36;34;0;0;36;34
8593;294;84;36;34;0;0;36;34
8594;336;84;36;34;0;0;36;34
8595;378;84;36;34;0;0;36;34
8734;420;84;44;34;0;0;44;34
9320;470;84;36;34;0;0;36;34
12288;512;84;36;34;0;0;36;34
12289;554;84;36;34;0;0;36;34
12290;596;84;36;34;0;0;36;34
12298;638;84;36;34;0;0;36;34
12299;680;84;36;34;0;0;36;34
12300;722;84;36;34;0;0;36;34
12301;764;84;36;34;0;0;36;34
12302;806;84;36;34;0;0;36;34
12303;848;84;36;34;0;0;36;34
12304;890;84;36;34;0;0;36;34
12305;932;84;36;34;0;0;36;34
12308;974;84;36;34;0;0;36;34
12309;1016;84;36;34;0;0;36;34
12310;1058;84;36;34;0;0;36;34
12311;1100;84;36;34;0;0;36;34
12353;0;124;35;34;0;0;35;34
12354;41;124;35;34;0;0;35;34
12355;82;124;35;34;0;0;35;34
12356;123;124;35;34;0;0;35;34
12357;164;124;35;34;0;0;35;34
12358;205;124;35;34;0;0;35;34
12359;246;124;35;34;0;0;35;34
12360;287;124;35;34;0;0;35;34
12361;328;124;35;34;0;0;35;34
12362;369;124;35;34;0;0;35;34
12363;410;124;35;34;0;0;35;34
12364;451;124;35;34;0;0;35;34
12365;492;124;35;34;0;0;35;34
12366;533;124;35;34;0;0;35;34
12367;574;124;35;34;0;0;35;34
12368;615;124;35;34;0;0;35;34
12369;656;124;35;34;0;0;35;34
12370;697;124;35;34;0;0;35;34
12371;738;124;35;34;0;0;35;34
12372;779;124;35;34;0;0;35;34
12373;820;124;35;34;0;0;35;34
12374;861;124;35;34;0;0;35;34
12375;902;124;35;34;0;0;35;34
12376;943;124;35;34;0;0;35;34
12377;984;124;35;34;0;0;35;34
12378;1025;124;35;34;0;0;35;34
12379;1066;124;35;34;0;0;35;34
12380;1107;124;35;34;0;0;35;34
12381;1148;124;35;34;0;0;35;34
12382;1189;124;35;34;0;0;35;34
12383;1230;124;35;34;0;0;35;34
12384;1271;124;35;34;0;0;35;34
12385;1312;124;35;34;0;0;35;34
12386;1353;124;35;34;0;0;35;34
12387;1394;124;35;34;0;0;35;34
12388;1435;124;35;34;0;0;35;34
12389;1476;124;35;34;0;0;35;34
12390;1517;124;35;34;0;0;35;34
12391;1558;124;35;34;0;0;35;34
12392;1599;124;35;34;0;0;35;34
12393;1640;124;35;34;0;0;35;34
12394;1681;124;35;34;0;0;35;34
12395;1722;124;35;34;0;0;35;34
12396;1763;124;35;34;0;0;35;34
12397;1804;124;35;34;0;0;35;34
12398;1845;124;35;34;0;0;35;34
12399;1886;124;35;34;0;0;35;34
12400;1927;124;35;34;0;0;35;34
12401;1968;124;35;34;0;0;35;34
12402;2009;124;35;34;0;0;35;34
12403;2050;124;35;34;0;0;35;34
12404;2091;124;35;34;0;0;35;34
12405;2132;124;35;34;0;0;35;34
12406;2173;124;35;34;0;0;35;34
12407;2214;124;35;34;0;0;35;34
12408;2255;124;35;34;0;0;35;34
12409;2296;124;35;34;0;0;35;34
12410;2337;124;35;34;0;0;35;34
12411;2378;124;35;34;0;0;35;34
12412;2419;124;35;34;0;0;35;34
12413;2460;124;35;34;0;0;35;34
12414;2501;124;35;34;0;0;35;34
12415;2542;124;35;34;0;0;35;34
12416;2583;124;35;34;0;0;35;34
12417;2624;124;35;34;0;0;35;34
12418;2665;124;35;34;0;0;35;34
12419;2706;124;35;34;0;0;35;34
12420;2747;124;35;34;0;0;35;34
12421;2788;124;35;34;0;0;35;34
12422;2829;124;35;34;0;0;35;34
12423;2870;124;35;34;0;0;35;34
12424;2911;124;35;34;0;0;35;34
12425;2952;124;35;34;0;0;35;34
12426;2993;124;35;34;0;0;35;34
12427;3034;124;35;34;0;0;35;34
12428;3075;124;35;34;0;0;35;34
12429;3116;124;35;34;0;0;35;34
12430;3157;124;35;34;0;0;35;34
12431;3198;124;35;34;0;0;35;34
12432;3239;124;35;34;0;0;35;34
12433;3280;124;35;34;0;0;35;34
12434;3321;124;35;34;0;0;35;34
12435;3362;124;35;34;0;0;35;34
12436;3403;124;35;34;0;0;35;34
12437;3444;124;35;34;0;0;35;34
12438;3485;124;35;34;0;0;35;34
12443;3526;124;35;34;0;0;35;34
12444;3567;124;35;34;0;0;35;34
12445;3608;124;35;34;0;0;35;34
12446;3649;124;35;34;0;0;35;34
12448;3690;124;35;34;0;0;35;34
12449;3731;124;35;34;0;0;35;34
12450;3772;124;35;34;0;0;35;34
12451;3813;124;35;34;0;0;35;34
12452;3854;124;35;34;0;0;35;34
12453;3895;124;35;34;0;0;35;34
12454;3936;124;35;34;0;0;35;34
12455;3977;124;35;34;0;0;35;34
12456;4018;124;35;34;0;0;35;34
12457;4059;124;35;34;0;0;35;34
12458;0;164;35;34;0;0;35;34
12459;41;164;35;34;0;0;35;34
12460;82;164;35;34;0;0;35;34
12461;123;164;35;34;0;0;35;34
12462;164;164;35;34;0;0;35;34
12463;205;164;35;34;0;0;35;34
12464;246;164;35;34;0;0;35;34
12465;287;164;35;34;0;0;35;34
12466;328;164;35;34;0;0;35;34
12467;369;164;35;34;0;0;35;34
12468;410;164;35;34;0;0;35;34
12469;451;164;35;34;0;0;35;34
12470;492;164;35;34;0;0;35;34
12471;533;164;35;34;0;0;35;34
12472;574;164;35;34;0;0;35;34
12473;615;164;35;34;0;0;35;34
12474;656;164;35;34;0;0;35;34
12475;697;164;35;34;0;0;35;34
12476;738;164;35;34;0;0;35;34
12477;779;164;35;34;0;0;35;34
12478;820;164;35;34;0;0;35;34
12479;861;164;35;34;0;0;35;34
12480;902;164;35;34;0;0;35;34
12481;943;164;35;34;0;0;35;34
12482;984;164;35;34;0;0;35;34
12483;1025;164;35;34;0;0;35;34
12484;1066;164;35;34;0;0;35;34
12485;1107;164;35;34;0;0;35;34
12486;1148;164;35;34;0;0;35;34
12487;1189;164;35;34;0;0;35;34
12488;1230;164;35;34;0;0;35;34
12489;1271;164;35;34;0;0;35;34
12490;1312;164;35;34;0;0;35;34
12491;1353;164;35;34;0;0;35;34
12492;1394;164;35;34;0;0;35;34
12493;1435;164;35;34;0;0;35;34
12494;1476;164;35;34;0;0;35;34
12495;1517;164;35;34;0;0;35;34
12496;1558;164;35;34;0;0;35;34
12497;1599;164;35;34;0;0;35;34
12498;1640;164;35;34;0;0;35;34
12499;1681;164;35;34;0;0;35;34
12500;1722;164;35;34;0;0;35;34
12501;1763;164;35;34;0;0;35;34
12502;1804;164;35;34;0;0;35;34
12503;1845;164;35;34;0;0;35;34
12504;1886;164;35;34;0;0;35;34
12505;1927;164;35;34;0;0;35;34
12506;1968;164;35;34;0;0;35;34
12507;2009;164;35;34;0;0;35;34
12508;2050;164;35;34;0;0;35;34
12509;2091;164;35;34;0;0;35;34
12510;2132;164;35;34;0;0;35;34
12511;2173;164;35;34;0;0;35;34
12512;2214;164;35;34;0;0;35;34
12513;2255;164;35;34;0;0;35;34
12514;2296;164;35;34;0;0;35;34
12515;2337;164;35;34;0;0;35;34
12516;2378;164;35;34;0;0;35;34
12517;2419;164;35;34;0;0;35;34
12518;2460;164;35;34;0;0;35;34
12519;2501;164;35;34;0;0;35;34
12520;2542;164;35;34;0;0;35;34
12521;2583;164;35;34;0;0;35;34
12522;2624;164;35;34;0;0;35;34
12523;2665;164;35;34;0;0;35;34
12524;2706;164;35;34;0;0;35;34
12525;2747;164;35;34;0;0;35;34
12526;2788;164;35;34;0;0;35;34
12527;2829;164;35;34;0;0;35;34
12528;2870;164;35;34;0;0;35;34
12529;2911;164;35;34;0;0;35;34
12530;2952;164;35;34;0;0;35;34
12531;2993;164;35;34;0;0;35;34
12532;3034;164;35;34;0;0;35;34
12533;3075;164;35;34;0;0;35;34
12534;3116;164;35;34;0;0;35;34
12535;3157;164;35;34;0;0;35;34
12536;3198;164;35;34;0;0;35;34
12537;3239;164;35;34;0;0;35;34
12538;3280;164;35;34;0;0;35;34
12539;3321;164;35;34;0;0;35;34
12540;3362;164;35;34;0;0;35;34
12541;3403;164;35;34;0;0;35;34
12542;3444;164;35;34;0;0;35;34
17868;3485;164;35;34;0;0;35;34
19968;3526;164;35;34;0;0;35;34
19969;3567;164;35;34;0;0;35;34
19971;3608;164;35;34;0;0;35;34
19975;3649;164;35;34;0;0;35;34
19976;3690;164;35;34;0;0;35;34
19977;3731;164;35;34;0;0;35;34
19978;3772;164;35;34;0;0;35;34
19979;3813;164;35;34;0;0;35;34
19981;3854;164;35;34;0;0;35;34
19982;3895;164;35;34;0;0;35;34
19988;3936;164;35;34;0;0;35;34
19990;3977;164;35;34;0;0;35;34
19992;4018;164;35;34;0;0;35;34
19993;4059;164;35;34;0;0;35;34
20001;0;204;35;34;0;0;35;34
20006;41;204;35;34;0;0;35;34
20013;82;204;35;34;0;0;35;34
20018;123;204;35;34;0;0;35;34
20024;164;204;35;34;0;0;35;34
20025;205;204;35;34;0;0;35;34
20027;246;204;35;34;0;0;35;34
20028;287;204;35;34;0;0;35;34
20037;328;204;35;34;0;0;35;34
20047;369;204;35;34;0;0;35;34
20055;410;204;35;34;0;0;35;34
20057;451;204;35;34;0;0;35;34
20061;492;204;35;34;0;0;35;34
20062;533;204;35;34;0;0;35;34
20081;574;204;35;34;0;0;35;34
20083;615;204;35;34;0;0;35;34
20094;656;204;35;34;0;0;35;34
20096;697;204;35;34;0;0;35;34
20102;738;204;35;34;0;0;35;34
20104;779;204;35;34;0;0;35;34
20105;820;204;35;34;0;0;35;34
20107;861;204;35;34;0;0;35;34
20108;902;204;35;34;0;0;35;34
20114;943;204;35;34;0;0;35;34
20116;984;204;35;34;0;0;35;34
20117;1025;204;35;34;0;0;35;34
20124;1066;204;35;34;0;0;35;34
20129;1107;204;35;34;0;0;35;34
20132;1148;204;35;34;0;0;35;34
20139;1189;204;35;34;0;0;35;34
20140;1230;204;35;34;0;0;35;34
20141;1271;204;35;34;0;0;35;34
20154;1312;204;35;34;0;0;35;34
20161;1353;204;35;34;0;0;35;34
20170;1394;204;35;34;0;0;35;34
20171;1435;204;35;34;0;0;35;34
20175;1476;204;35;34;0;0;35;34
20181;1517;204;35;34;0;0;35;34
20182;1558;204;35;34;0;0;35;34
20184;1599;204;35;34;0;0;35;34
20185;1640;204;35;34;0;0;35;34
20195;1681;204;35;34;0;0;35;34
20196;1722;204;35;34;0;0;35;34
20197;1763;204;35;34;0;0;35;34
20206;1804;204;35;34;0;0;35;34
20208;1845;204;35;34;0;0;35;34
20210;1886;204;35;34;0;0;35;34
20214;1927;204;35;34;0;0;35;34
20219;1968;204;35;34;0;0;35;34
20225;2009;204;35;34;0;0;35;34
20238;2050;204;35;34;0;0;35;34
20239;2091;204;35;34;0;0;35;34
20240;2132;204;35;34;0;0;35;34
20241;2173;204;35;34;0;0;35;34
20250;2214;204;35;34;0;0;35;34
20253;2255;204;35;34;0;0;35;34
20271;2296;204;35;34;0;0;35;34
20276;2337;204;35;34;0;0;35;34
20280;2378;204;35;34;0;0;35;34
20282;2419;204;35;34;0;0;35;34
20284;2460;204;35;34;0;0;35;34
20294;2501;204;35;34;0;0;35;34
20301;2542;204;35;34;0;0;35;34
20302;2583;204;35;34;0;0;35;34
20303;2624;204;35;34;0;0;35;34
20304;2665;204;35;34;0;0;35;34
20307;2706;204;35;34;0;0;35;34
20309;2747;204;35;34;0;0;35;34
20313;2788;204;35;34;0;0;35;34
20316;2829;204;35;34;0;0;35;34
20339;2870;204;35;34;0;0;35;34
20341;2911;204;35;34;0;0;35;34
20351;2952;204;35;34;0;0;35;34
20363;2993;204;35;34;0;0;35;34
20365;3034;204;35;34;0;0;35;34
20379;3075;204;35;34;0;0;35;34
20381;3116;204;35;34;0;0;35;34
20385;3157;204;35;34;0;0;35;34
20398;3198;204;35;34;0;0;35;34
20399;3239;204;35;34;0;0;35;34
20405;3280;204;35;34;0;0;35;34
20406;3321;204;35;34;0;0;35;34
20415;3362;204;35;34;0;0;35;34
20418;3403;204;35;34;0;0;35;34
20419;3444;204;35;34;0;0;35;34
20426;3485;204;35;34;0;0;35;34
20439;3526;204;35;34;0;0;35;34
20445;3567;204;35;34;0;0;35;34
20449;3608;204;35;34;0;0;35;34
20462;3649;204;35;34;0;0;35;34
20467;3690;204;35;34;0;0;35;34
20469;3731;204;35;34;0;0;35;34
20472;3772;204;35;34;0;0;35;34
20474;3813;204;35;34;0;0;35;34
20489;3854;204;35;34;0;0;35;34
20491;3895;204;35;34;0;0;35;34
20493;3936;204;35;34;0;0;35;34
20498;3977;204;35;34;0;0;35;34
20505;4018;204;35;34;0;0;35;34
20511;4059;204;35;34;0;0;35;34
20515;0;244;35;34;0;0;35;34
20516;41;244;35;34;0;0;35;34
20523;82;244;35;34;0;0;35;34
20537;123;244;35;34;0;0;35;34
20553;164;244;35;34;0;0;35;34
20559;205;244;35;34;0;0;35;34
20572;246;244;35;34;0;0;35;34
20581;287;244;35;34;0;0;35;34
20596;328;244;35;34;0;0;35;34
20597;369;244;35;34;0;0;35;34
20598;410;244;35;34;0;0;35;34
20605;451;244;35;34;0;0;35;34
20621;492;244;35;34;0;0;35;34
20625;533;244;35;34;0;0;35;34
20632;574;244;35;34;0;0;35;34
20633;615;244;35;34;0;0;35;34
20652;656;244;35;34;0;0;35;34
20658;697;244;35;34;0;0;35;34
20661;738;244;35;34;0;0;35;34
20663;779;244;35;34;0;0;35;34
20670;820;244;35;34;0;0;35;34
20677;861;244;35;34;0;0;35;34
20685;902;244;35;34;0;0;35;34
20687;943;244;35;34;0;0;35;34
20693;984;244;35;34;0;0;35;34
20698;1025;244;35;34;0;0;35;34
20711;1066;244;35;34;0;0;35;34
20736;1107;244;35;34;0;0;35;34
20740;1148;244;35;34;0;0;35;34
20754;1189;244;35;34;0;0;35;34
20767;1230;244;35;34;0;0;35;34
20778;1271;244;35;34;0;0;35;34
20803;1312;244;35;34;0;0;35;34
20804;1353;244;35;34;0;0;35;34
20805;1394;244;35;34;0;0;35;34
20806;1435;244;35;34;0;0;35;34
20808;1476;244;35;34;0;0;35;34
20809;1517;244;35;34;0;0;35;34
20811;1558;244;35;34;0;0;35;34
20813;1599;244;35;34;0;0;35;34
20816;1640;244;35;34;0;0;35;34
20826;1681;244;35;34;0;0;35;34
20837;1722;244;35;34;0;0;35;34
20840;1763;244;35;34;0;0;35;34
20843;1804;244;35;34;0;0;35;34
20844;1845;244;35;34;0;0;35;34
20845;1886;244;35;34;0;0;35;34
20849;1927;244;35;34;0;0;35;34
20853;1968;244;35;34;0;0;35;34
20855;2009;244;35;34;0;0;35;34
20856;2050;244;35;34;0;0;35;34
20860;2091;244;35;34;0;0;35;34
20869;2132;244;35;34;0;0;35;34
20870;2173;244;35;34;0;0;35;34
20874;2214;244;35;34;0;0;35;34
20877;2255;244;35;34;0;0;35;34
20882;2296;244;35;34;0;0;35;34
20887;2337;244;35;34;0;0;35;34
20889;2378;244;35;34;0;0;35;34
20896;2419;244;35;34;0;0;35;34
20901;2460;244;35;34;0;0;35;34
20908;2501;244;35;34;0;0;35;34
20918;2542;244;35;34;0;0;35;34
20919;2583;244;35;34;0;0;35;34
20932;2624;244;35;34;0;0;35;34
20934;2665;244;35;34;0;0;35;34
20941;2706;244;35;34;0;0;35;34
20957;2747;244;35;34;0;0;35;34
20961;2788;244;35;34;0;0;35;34
20966;2829;244;35;34;0;0;35;34
20982;2870;244;35;34;0;0;35;34
20984;2911;244;35;34;0;0;35;34
20985;2952;244;35;34;0;0;35;34
20986;2993;244;35;34;0;0;35;34
20992;3034;244;35;34;0;0;35;34
20995;3075;244;35;34;0;0;35;34
20998;3116;244;35;34;0;0;35;34
20999;3157;244;35;34;0;0;35;34
21000;3198;244;35;34;0;0;35;34
21002;3239;244;35;34;0;0;35;34
21009;3280;244;35;34;0;0;35;34
21015;3321;244;35;34;0;0;35;34
21021;3362;244;35;34;0;0;35;34
21028;3403;244;35;34;0;0;35;34
21029;3444;244;35;34;0;0;35;34
21033;3485;244;35;34;0;0;35;34
21040;3526;244;35;34;0;0;35;34
21046;3567;244;35;34;0;0;35;34
21047;3608;244;35;34;0;0;35;34
21048;3649;244;35;34;0;0;35;34
21049;3690;244;35;34;0;0;35;34
21050;3731;244;35;34;0;0;35;34
21051;3772;244;35;34;0;0;35;34
21063;3813;244;35;34;0;0;35;34
21066;3854;244;35;34;0;0;35;34
21069;3895;244;35;34;0;0;35;34
21078;3936;244;35;34;0;0;35;34
21083;3977;244;35;34;0;0;35;34
21085;4018;244;35;34;0;0;35;34
21091;4059;244;35;34;0;0;35;34
21092;0;284;35;34;0;0;35;34
21103;41;284;35;34;0;0;35;34
21104;82;284;35;34;0;0;35;34
21106;123;284;35;34;0;0;35;34
21109;164;284;35;34;0;0;35;34
21127;205;284;35;34;0;0;35;34
21147;246;284;35;34;0;0;35;34
21151;287;284;35;34;0;0;35;34
21152;328;284;35;34;0;0;35;34
21155;369;284;35;34;0;0;35;34
21161;410;284;35;34;0;0;35;34
21162;451;284;35;34;0;0;35;34
21169;492;284;35;34;0;0;35;34
21172;533;284;35;34;0;0;35;34
21177;574;284;35;34;0;0;35;34
21182;615;284;35;34;0;0;35;34
21187;656;284;35;34;0;0;35;34
21189;697;284;35;34;0;0;35;34
21191;738;284;35;34;0;0;35;34
21193;779;284;35;34;0;0;35;34
21205;820;284;35;34;0;0;35;34
21208;861;284;35;34;0;0;35;34
21209;902;284;35;34;0;0;35;34
21213;943;284;35;34;0;0;35;34
21215;984;284;35;34;0;0;35;34
21218;1025;284;35;34;0;0;35;34
21220;1066;284;35;34;0;0;35;34
21223;1107;284;35;34;0;0;35;34
21234;1148;284;35;34;0;0;35;34
21246;1189;284;35;34;0;0;35;34
21250;1230;284;35;34;0;0;35;34
21253;1271;284;35;34;0;0;35;34
21270;1312;284;35;34;0;0;35;34
21271;1353;284;35;34;0;0;35;34
21280;1394;284;35;34;0;0;35;34
21305;1435;284;35;34;0;0;35;34
21306;1476;284;35;34;0;0;35;34
21307;1517;284;35;34;0;0;35;34
21311;1558;284;35;34;0;0;35;34
21313;1599;284;35;34;0;0;35;34
21315;1640;284;35;34;0;0;35;34
21319;1681;284;35;34;0;0;35;34
21320;1722;284;35;34;0;0;35;34
21322;1763;284;35;34;0;0;35;34
21329;1804;284;35;34;0;0;35;34
21330;1845;284;35;34;0;0;35;34
21331;1886;284;35;34;0;0;35;34
21332;1927;284;35;34;0;0;35;34
21335;1968;284;35;34;0;0;35;34
21336;2009;284;35;34;0;0;35;34
21338;2050;284;35;34;0;0;35;34
21344;2091;284;35;34;0;0;35;34
21360;2132;284;35;34;0;0;35;34
21361;2173;284;35;34;0;0;35;34
21363;2214;284;35;34;0;0;35;34
21364;2255;284;35;34;0;0;35;34
21365;2296;284;35;34;0;0;35;34
21368;2337;284;35;34;0;0;35;34
21380;2378;284;35;34;0;0;35;34
21400;2419;284;35;34;0;0;35;34
21402;2460;284;35;34;0;0;35;34
21407;2501;284;35;34;0;0;35;34
21427;2542;284;35;34;0;0;35;34
21435;2583;284;35;34;0;0;35;34
21442;2624;284;35;34;0;0;35;34
21448;2665;284;35;34;0;0;35;34
21450;2706;284;35;34;0;0;35;34
21451;2747;284;35;34;0;0;35;34
21452;2788;284;35;34;0;0;35;34
21453;2829;284;35;34;0;0;35;34
21454;2870;284;35;34;0;0;35;34
21460;2911;284;35;34;0;0;35;34
21462;2952;284;35;34;0;0;35;34
21463;2993;284;35;34;0;0;35;34
21465;3034;284;35;34;0;0;35;34
21475;3075;284;35;34;0;0;35;34
21476;3116;284;35;34;0;0;35;34
21477;3157;284;35;34;0;0;35;34
21483;3198;284;35;34;0;0;35;34
21484;3239;284;35;34;0;0;35;34
21487;3280;284;35;34;0;0;35;34
21488;3321;284;35;34;0;0;35;34
21490;3362;284;35;34;0;0;35;34
21491;3403;284;35;34;0;0;35;34
21495;3444;284;35;34;0;0;35;34
21496;3485;284;35;34;0;0;35;34
21508;3526;284;35;34;0;0;35;34
21512;3567;284;35;34;0;0;35;34
21513;3608;284;35;34;0;0;35;34
21516;3649;284;35;34;0;0;35;34
21517;3690;284;35;34;0;0;35;34
21518;3731;284;35;34;0;0;35;34
21519;3772;284;35;34;0;0;35;34
21520;3813;284;35;34;0;0;35;34
21521;3854;284;35;34;0;0;35;34
21531;3895;284;35;34;0;0;35;34
21535;3936;284;35;34;0;0;35;34
21542;3977;284;35;34;0;0;35;34
21547;4018;284;35;34;0;0;35;34
21560;4059;284;35;34;0;0;35;34
21561;0;324;35;34;0;0;35;34
21570;41;324;35;34;0;0;35;34
21576;82;324;35;34;0;0;35;34
21577;123;324;35;34;0;0;35;34
21578;164;324;35;34;0;0;35;34
21608;205;324;35;34;0;0;35;34
21610;246;324;35;34;0;0;35;34
21619;287;324;35;34;0;0;35;34
21628;328;324;35;34;0;0;35;34
21629;369;324;35;34;0;0;35;34
21644;410;324;35;34;0;0;35;34
21682;451;324;35;34;0;0;35;34
21693;492;324;35;34;0;0;35;34
21696;533;324;35;34;0;0;35;34
21697;574;324;35;34;0;0;35;34
21729;615;324;35;34;0;0;35;34
21746;656;324;35;34;0;0;35;34
21754;697;324;35;34;0;0;35;34
21764;738;324;35;34;0;0;35;34
21766;779;324;35;34;0;0;35;34
21767;820;324;35;34;0;0;35;34
21776;861;324;35;34;0;0;35;34
21807;902;324;35;34;0;0;35;34
21809;943;324;35;34;0;0;35;34
21822;984;324;35;34;0;0;35;34
21830;1025;324;35;34;0;0;35;34
21839;1066;324;35;34;0;0;35;34
21843;1107;324;35;34;0;0;35;34
21892;1148;324;35;34;0;0;35;34
21897;1189;324;35;34;0;0;35;34
21914;1230;324;35;34;0;0;35;34
21916;1271;324;35;34;0;0;35;34
21917;1312;324;35;34;0;0;35;34
21929;1353;324;35;34;0;0;35;34
21930;1394;324;35;34;0;0;35;34
21931;1435;324;35;34;0;0;35;34
21942;1476;324;35;34;0;0;35;34
21957;1517;324;35;34;0;0;35;34
21987;1558;324;35;34;0;0;35;34
22022;1599;324;35;34;0;0;35;34
22065;1640;324;35;34;0;0;35;34
22066;1681;324;35;34;0;0;35;34
22120;1722;324;35;34;0;0;35;34
22132;1763;324;35;34;0;0;35;34
22151;1804;324;35;34;0;0;35;34
22234;1845;324;35;34;0;0;35;34
22235;1886;324;35;34;0;0;35;34
22238;1927;324;35;34;0;0;35;34
22240;1968;324;35;34;0;0;35;34
22243;2009;324;35;34;0;0;35;34
22256;2050;324;35;34;0;0;35;34
22258;2091;324;35;34;0;0;35;34
22259;2132;324;35;34;0;0;35;34
22266;2173;324;35;34;0;0;35;34
22269;2214;324;35;34;0;0;35;34
22287;2255;324;35;34;0;0;35;34
22290;2296;324;35;34;0;0;35;34
22303;2337;324;35;34;0;0;35;34
22311;2378;324;35;34;0;0;35;34
22312;2419;324;35;34;0;0;35;34
22320;2460;324;35;34;0;0;35;34
22338;2501;324;35;34;0;0;35;34
22343;2542;324;35;34;0;0;35;34
22346;2583;324;35;34;0;0;35;34
22353;2624;324;35;34;0;0;35;34
22378;2665;324;35;34;0;0;35;34
22402;2706;324;35;34;0;0;35;34
22411;2747;324;35;34;0;0;35;34
22435;2788;324;35;34;0;0;35;34
22475;2829;324;35;34;0;0;35;34
22478;2870;324;35;34;0;0;35;34
22495;2911;324;35;34;0;0;35;34
22519;2952;324;35;34;0;0;35;34
22521;2993;324;35;34;0;0;35;34
22522;3034;324;35;34;0;0;35;34
22524;3075;324;35;34;0;0;35;34
22528;3116;324;35;34;0;0;35;34
22530;3157;324;35;34;0;0;35;34
22533;3198;324;35;34;0;0;35;34
22534;3239;324;35;34;0;0;35;34
22549;3280;324;35;34;0;0;35;34
22564;3321;324;35;34;0;0;35;34
22570;3362;324;35;34;0;0;35;34
22577;3403;324;35;34;0;0;35;34
22580;3444;324;35;34;0;0;35;34
22592;3485;324;35;34;0;0;35;34
22593;3526;324;35;34;0;0;35;34
22602;3567;324;35;34;0;0;35;34
22609;3608;324;35;34;0;0;35;34
22612;3649;324;35;34;0;0;35;34
22615;3690;324;35;34;0;0;35;34
22618;3731;324;35;34;0;0;35;34
22622;3772;324;35;34;0;0;35;34
22625;3813;324;35;34;0;0;35;34
22633;3854;324;35;34;0;0;35;34
22654;3895;324;35;34;0;0;35;34
22659;3936;324;35;34;0;0;35;34
22675;3977;324;35;34;0;0;35;34
22679;4018;324;35;34;0;0;35;34
22684;4059;324;35;34;0;0;35;34
22696;0;364;35;34;0;0;35;34
22707;41;364;35;34;0;0;35;34
22718;82;364;35;34;0;0;35;34
22721;123;364;35;34;0;0;35;34
22727;164;364;35;34;0;0;35;34
22730;205;364;35;34;0;0;35;34
22732;246;364;35;34;0;0;35;34
22763;287;364;35;34;0;0;35;34
22766;328;364;35;34;0;0;35;34
22768;369;364;35;34;0;0;35;34
22769;410;364;35;34;0;0;35;34
22770;451;364;35;34;0;0;35;34
22793;492;364;35;34;0;0;35;34
22799;533;364;35;34;0;0;35;34
22805;574;364;35;34;0;0;35;34
22806;615;364;35;34;0;0;35;34
22810;656;364;35;34;0;0;35;34
22812;697;364;35;34;0;0;35;34
22818;738;364;35;34;0;0;35;34
22823;779;364;35;34;0;0;35;34
22825;820;364;35;34;0;0;35;34
22826;861;364;35;34;0;0;35;34
22827;902;364;35;34;0;0;35;34
22830;943;364;35;34;0;0;35;34
22833;984;364;35;34;0;0;35;34
22855;1025;364;35;34;0;0;35;34
22856;1066;364;35;34;0;0;35;34
22857;1107;364;35;34;0;0;35;34
22863;1148;364;35;34;0;0;35;34
22865;1189;364;35;34;0;0;35;34
22868;1230;364;35;34;0;0;35;34
22885;1271;364;35;34;0;0;35;34
22888;1312;364;35;34;0;0;35;34
22890;1353;364;35;34;0;0;35;34
22894;1394;364;35;34;0;0;35;34
22899;1435;364;35;34;0;0;35;34
22900;1476;364;35;34;0;0;35;34
22909;1517;364;35;34;0;0;35;34
22914;1558;364;35;34;0;0;35;34
22915;1599;364;35;34;0;0;35;34
22916;1640;364;35;34;0;0;35;34
22922;1681;364;35;34;0;0;35;34
22934;1722;364;35;34;0;0;35;34
22937;1763;364;35;34;0;0;35;34
22949;1804;364;35;34;0;0;35;34
22952;1845;364;35;34;0;0;35;34
22956;1886;364;35;34;0;0;35;34
22969;1927;364;35;34;0;0;35;34
22971;1968;364;35;34;0;0;35;34
22985;2009;364;35;34;0;0;35;34
22987;2050;364;35;34;0;0;35;34
22995;2091;364;35;34;0;0;35;34
22996;2132;364;35;34;0;0;35;34
23019;2173;364;35;34;0;0;35;34
23035;2214;364;35;34;0;0;35;34
23039;2255;364;35;34;0;0;35;34
23041;2296;364;35;34;0;0;35;34
23064;2337;364;35;34;0;0;35;34
23072;2378;364;35;34;0;0;35;34
23087;2419;364;35;34;0;0;35;34
23110;2460;364;35;34;0;0;35;34
23130;2501;364;35;34;0;0;35;34
23142;2542;364;35;34;0;0;35;34
23167;2583;364;35;34;0;0;35;34
23186;2624;364;35;34;0;0;35;34
23195;2665;364;35;34;0;0;35;34
23233;2706;364;35;34;0;0;35;34
23241;2747;364;35;34;0;0;35;34
23244;2788;364;35;34;0;0;35;34
23265;2829;364;35;34;0;0;35;34
23330;2870;364;35;34;0;0;35;34
23376;2911;364;35;34;0;0;35;34
23380;2952;364;35;34;0;0;35;34
23383;2993;364;35;34;0;0;35;34
23384;3034;364;35;34;0;0;35;34
23389;3075;364;35;34;0;0;35;34
23395;3116;364;35;34;0;0;35;34
23396;3157;364;35;34;0;0;35;34
23398;3198;364;35;34;0;0;35;34
23403;3239;364;35;34;0;0;35;34
23429;3280;364;35;34;0;0;35;34
23431;3321;364;35;34;0;0;35;34
23432;3362;364;35;34;0;0;35;34
23433;3403;364;35;34;0;0;35;34
23436;3444;364;35;34;0;0;35;34
23447;3485;364;35;34;0;0;35;34
23448;3526;364;35;34;0;0;35;34
23449;3567;364;35;34;0;0;35;34
23450;3608;364;35;34;0;0;35;34
23451;3649;364;35;34;0;0;35;34
23452;3690;364;35;34;0;0;35;34
23453;3731;364;35;34;0;0;35;34
23455;3772;364;35;34;0;0;35;34
23458;3813;364;35;34;0;0;35;34
23459;3854;364;35;34;0;0;35;34
23460;3895;364;35;34;0;0;35;34
23470;3936;364;35;34;0;0;35;34
23472;3977;364;35;34;0;0;35;34
23475;4018;364;35;34;0;0;35;34
23476;4059;364;35;34;0;0;35;34
23477;0;404;35;34;0;0;35;34
23478;41;404;35;34;0;0;35;34
23481;82;404;35;34;0;0;35;34
23487;123;404;35;34;0;0;35;34
23490;164;404;35;34;0;0;35;34
23492;205;404;35;34;0;0;35;34
23494;246;404;35;34;0;0;35;34
23500;287;404;35;34;0;0;35;34
23506;328;404;35;34;0;0;35;34
23515;369;404;35;34;0;0;35;34
23517;410;404;35;34;0;0;35;34
23519;451;404;35;34;0;0;35;34
23521;492;404;35;34;0;0;35;34
23527;533;404;35;34;0;0;35;34
23529;574;404;35;34;0;0;35;34
23534;615;404;35;34;0;0;35;34
23544;656;404;35;34;0;0;35;34
23546;697;404;35;34;0;0;35;34
23550;738;404;35;34;0;0;35;34
23551;779;404;35;34;0;0;35;34
23553;820;404;35;34;0;0;35;34
23554;861;404;35;34;0;0;35;34
23556;902;404;35;34;0;0;35;34
23558;943;404;35;34;0;0;35;34
23561;984;404;35;34;0;0;35;34
23562;1025;404;35;34;0;0;35;34
23563;1066;404;35;34;0;0;35;34
23566;1107;404;35;34;0;0;35;34
23567;1148;404;35;34;0;0;35;34
23569;1189;404;35;34;0;0;35;34
23578;1230;404;35;34;0;0;35;34
23601;1271;404;35;34;0;0;35;34
23610;1312;404;35;34;0;0;35;34
23611;1353;404;35;34;0;0;35;34
23612;1394;404;35;34;0;0;35;34
23613;1435;404;35;34;0;0;35;34
23614;1476;404;35;34;0;0;35;34
23615;1517;404;35;34;0;0;35;34
23616;1558;404;35;34;0;0;35;34
23621;1599;404;35;34;0;0;35;34
23624;1640;404;35;34;0;0;35;34
23626;1681;404;35;34;0;0;35;34
23627;1722;404;35;34;0;0;35;34
23637;1763;404;35;34;0;0;35;34
23646;1804;404;35;34;0;0;35;34
23652;1845;404;35;34;0;0;35;34
23653;1886;404;35;34;0;0;35;34
23663;1927;404;35;34;0;0;35;34
23665;1968;404;35;34;0;0;35;34
23696;2009;404;35;34;0;0;35;34
23713;2050;404;35;34;0;0;35;34
23721;2091;404;35;34;0;0;35;34
23724;2132;404;35;34;0;0;35;34
23731;2173;404;35;34;0;0;35;34
23736;2214;404;35;34;0;0;35;34
23776;2255;404;35;34;0;0;35;34
23777;2296;404;35;34;0;0;35;34
23792;2337;404;35;34;0;0;35;34
23798;2378;404;35;34;0;0;35;34
23815;2419;404;35;34;0;0;35;34
23822;2460;404;35;34;0;0;35;34
23830;2501;404;35;34;0;0;35;34
23849;2542;404;35;34;0;0;35;34
23888;2583;404;35;34;0;0;35;34
24029;2624;404;35;34;0;0;35;34
24030;2665;404;35;34;0;0;35;34
24033;2706;404;35;34;0;0;35;34
24035;2747;404;35;34;0;0;35;34
24037;2788;404;35;34;0;0;35;34
24038;2829;404;35;34;0;0;35;34
24039;2870;404;35;34;0;0;35;34
24040;2911;404;35;34;0;0;35;34
24046;2952;404;35;34;0;0;35;34
24049;2993;404;35;34;0;0;35;34
24059;3034;404;35;34;0;0;35;34
24062;3075;404;35;34;0;0;35;34
24066;3116;404;35;34;0;0;35;34
24067;3157;404;35;34;0;0;35;34
24070;3198;404;35;34;0;0;35;34
24076;3239;404;35;34;0;0;35;34
24093;3280;404;35;34;0;0;35;34
24101;3321;404;35;34;0;0;35;34
24107;3362;404;35;34;0;0;35;34
24109;3403;404;35;34;0;0;35;34
24111;3444;404;35;34;0;0;35;34
24112;3485;404;35;34;0;0;35;34
24115;3526;404;35;34;0;0;35;34
24120;3567;404;35;34;0;0;35;34
24125;3608;404;35;34;0;0;35;34
24133;3649;404;35;34;0;0;35;34
24149;3690;404;35;34;0;0;35;34
24163;3731;404;35;34;0;0;35;34
24178;3772;404;35;34;0;0;35;34
24179;3813;404;35;34;0;0;35;34
24180;3854;404;35;34;0;0;35;34
24184;3895;404;35;34;0;0;35;34
24185;3936;404;35;34;0;0;35;34
24187;3977;404;35;34;0;0;35;34
24188;4018;404;35;34;0;0;35;34
24189;4059;404;35;34;0;0;35;34
24190;0;444;35;34;0;0;35;34
24193;41;444;35;34;0;0;35;34
24195;82;444;35;34;0;0;35;34
24202;123;444;35;34;0;0;35;34
24207;164;444;35;34;0;0;35;34
24213;205;444;35;34;0;0;35;34
24215;246;444;35;34;0;0;35;34
24220;287;444;35;34;0;0;35;34
24230;328;444;35;34;0;0;35;34
24231;369;444;35;34;0;0;35;34
24235;410;444;35;34;0;0;35;34
24237;451;444;35;34;0;0;35;34
24246;492;444;35;34;0;0;35;34
24247;533;444;35;34;0;0;35;34
24248;574;444;35;34;0;0;35;34
24259;615;444;35;34;0;0;35;34
24265;656;444;35;34;0;0;35;34
24266;697;444;35;34;0;0;35;34
24310;738;444;35;34;0;0;35;34
24311;779;444;35;34;0;0;35;34
24314;820;444;35;34;0;0;35;34
24321;861;444;35;34;0;0;35;34
24324;902;444;35;34;0;0;35;34
24330;943;444;35;34;0;0;35;34
24335;984;444;35;34;0;0;35;34
24336;1025;444;35;34;0;0;35;34
24339;1066;444;35;34;0;0;35;34
24340;1107;444;35;34;0;0;35;34
24341;1148;444;35;34;0;0;35;34
24351;1189;444;35;34;0;0;35;34
24357;1230;444;35;34;0;0;35;34
24358;1271;444;35;34;0;0;35;34
24359;1312;444;35;34;0;0;35;34
24369;1353;444;35;34;0;0;35;34
24373;1394;444;35;34;0;0;35;34
24375;1435;444;35;34;0;0;35;34
24382;1476;444;35;34;0;0;35;34
24403;1517;444;35;34;0;0;35;34
24409;1558;444;35;34;0;0;35;34
24418;1599;444;35;34;0;0;35;34
24425;1640;444;35;34;0;0;35;34
24427;1681;444;35;34;0;0;35;34
24432;1722;444;35;34;0;0;35;34
24433;1763;444;35;34;0;0;35;34
24441;1804;444;35;34;0;0;35;34
24444;1845;444;35;34;0;0;35;34
24448;1886;444;35;34;0;0;35;34
24449;1927;444;35;34;0;0;35;34
24452;1968;444;35;34;0;0;35;34
24453;2009;444;35;34;0;0;35;34
24459;2050;444;35;34;0;0;35;34
24460;2091;444;35;34;0;0;35;34
24464;2132;444;35;34;0;0;35;34
24466;2173;444;35;34;0;0;35;34
24467;2214;444;35;34;0;0;35;34
24471;2255;444;35;34;0;0;35;34
24481;2296;444;35;34;0;0;35;34
24489;2337;444;35;34;0;0;35;34
24490;2378;444;35;34;0;0;35;34
24494;2419;444;35;34;0;0;35;34
24499;2460;444;35;34;0;0;35;34
24500;2501;444;35;34;0;0;35;34
24505;2542;444;35;34;0;0;35;34
24515;2583;444;35;34;0;0;35;34
24517;2624;444;35;34;0;0;35;34
24524;2665;444;35;34;0;0;35;34
24525;2706;444;35;34;0;0;35;34
24535;2747;444;35;34;0;0;35;34
24536;2788;444;35;34;0;0;35;34
24537;2829;444;35;34;0;0;35;34
24540;2870;444;35;34;0;0;35;34
24544;2911;444;35;34;0;0;35;34
24555;2952;444;35;34;0;0;35;34
24565;2993;444;35;34;0;0;35;34
24594;3034;444;35;34;0;0;35;34
24598;3075;444;35;34;0;0;35;34
24605;3116;444;35;34;0;0;35;34
24608;3157;444;35;34;0;0;35;34
24613;3198;444;35;34;0;0;35;34
24615;3239;444;35;34;0;0;35;34
24616;3280;444;35;34;0;0;35;34
24618;3321;444;35;34;0;0;35;34
24651;3362;444;35;34;0;0;35;34
24656;3403;444;35;34;0;0;35;34
24658;3444;444;35;34;0;0;35;34
24675;3485;444;35;34;0;0;35;34
24677;3526;444;35;34;0;0;35;34
24680;3567;444;35;34;0;0;35;34
24681;3608;444;35;34;0;0;35;34
24685;3649;444;35;34;0;0;35;34
24687;3690;444;35;34;0;0;35;34
24693;3731;444;35;34;0;0;35;34
24724;3772;444;35;34;0;0;35;34
24735;3813;444;35;34;0;0;35;34
24736;3854;444;35;34;0;0;35;34
24739;3895;444;35;34;0;0;35;34
24742;3936;444;35;34;0;0;35;34
24745;3977;444;35;34;0;0;35;34
24746;4018;444;35;34;0;0;35;34
24754;4059;444;35;34;0;0;35;34
24764;0;484;35;34;0;0;35;34
24773;41;484;35;34;0;0;35;34
24785;82;484;35;34;0;0;35;34
24796;123;484;35;34;0;0;35;34
24807;164;484;35;34;0;0;35;34
24808;205;484;35;34;0;0;35;34
24816;246;484;35;34;0;0;35;34
24819;287;484;35;34;0;0;35;34
24833;328;484;35;34;0;0;35;34
24841;369;484;35;34;0;0;35;34
24847;410;484;35;34;0;0;35;34
24858;451;484;35;34;0;0;35;34
24859;492;484;35;34;0;0;35;34
24863;533;484;35;34;0;0;35;34
24900;574;484;35;34;0;0;35;34
24904;615;484;35;34;0;0;35;34
24907;656;484;35;34;0;0;35;34
24908;697;484;35;34;0;0;35;34
24910;738;484;35;34;0;0;35;34
24917;779;484;35;34;0;0;35;34
24930;820;484;35;34;0;0;35;34
24931;861;484;35;34;0;0;35;34
24936;902;484;35;34;0;0;35;34
24942;943;484;35;34;0;0;35;34
24944;984;484;35;34;0;0;35;34
24950;1025;484;35;34;0;0;35;34
24962;1066;484;35;34;0;0;35;34
24974;1107;484;35;34;0;0;35;34
24996;1148;484;35;34;0;0;35;34
24999;1189;484;35;34;0;0;35;34
25001;1230;484;35;34;0;0;35;34
25004;1271;484;35;34;0;0;35;34
25010;1312;484;35;34;0;0;35;34
25014;1353;484;35;34;0;0;35;34
25022;1394;484;35;34;0;0;35;34
25031;1435;484;35;34;0;0;35;34
25040;1476;484;35;34;0;0;35;34
25074;1517;484;35;34;0;0;35;34
25080;1558;484;35;34;0;0;35;34
25104;1599;484;35;34;0;0;35;34
25105;1640;484;35;34;0;0;35;34
25106;1681;484;35;34;0;0;35;34
25114;1722;484;35;34;0;0;35;34
25126;1763;484;35;34;0;0;35;34
25135;1804;484;35;34;0;0;35;34
25140;1845;484;35;34;0;0;35;34
25144;1886;484;35;34;0;0;35;34
25147;1927;484;35;34;0;0;35;34
25151;1968;484;35;34;0;0;35;34
25152;2009;484;35;34;0;0;35;34
25159;2050;484;35;34;0;0;35;34
25161;2091;484;35;34;0;0;35;34
25163;2132;484;35;34;0;0;35;34
25165;2173;484;35;34;0;0;35;34
25171;2214;484;35;34;0;0;35;34
25173;2255;484;35;34;0;0;35;34
25201;2296;484;35;34;0;0;35;34
25206;2337;484;35;34;0;0;35;34
25209;2378;484;35;34;0;0;35;34
25215;2419;484;35;34;0;0;35;34
25216;2460;484;35;34;0;0;35;34
25220;2501;484;35;34;0;0;35;34
25226;2542;484;35;34;0;0;35;34
25233;2583;484;35;34;0;0;35;34
25237;2624;484;35;34;0;0;35;34
25239;2665;484;35;34;0;0;35;34
25240;2706;484;35;34;0;0;35;34
25244;2747;484;35;34;0;0;35;34
25246;2788;484;35;34;0;0;35;34
25259;2829;484;35;34;0;0;35;34
25265;2870;484;35;34;0;0;35;34
25269;2911;484;35;34;0;0;35;34
25273;2952;484;35;34;0;0;35;34
25276;2993;484;35;34;0;0;35;34
25277;3034;484;35;34;0;0;35;34
25285;3075;484;35;34;0;0;35;34
25289;3116;484;35;34;0;0;35;34
25293;3157;484;35;34;0;0;35;34
25296;3198;484;35;34;0;0;35;34
25298;3239;484;35;34;0;0;35;34
25299;3280;484;35;34;0;0;35;34
25304;3321;484;35;34;0;0;35;34
25305;3362;484;35;34;0;0;35;34
25307;3403;484;35;34;0;0;35;34
25309;3444;484;35;34;0;0;35;34
25312;3485;484;35;34;0;0;35;34
25313;3526;484;35;34;0;0;35;34
25324;3567;484;35;34;0;0;35;34
25325;3608;484;35;34;0;0;35;34
25331;3649;484;35;34;0;0;35;34
25334;3690;484;35;34;0;0;35;34
25335;3731;484;35;34;0;0;35;34
25342;3772;484;35;34;0;0;35;34
25345;3813;484;35;34;0;0;35;34
25351;3854;484;35;34;0;0;35;34
25361;3895;484;35;34;0;0;35;34
25369;3936;484;35;34;0;0;35;34
25375;3977;484;35;34;0;0;35;34
25384;4018;484;35;34;0;0;35;34
25387;4059;484;35;34;0;0;35;34
25391;0;524;35;34;0;0;35;34
25407;41;524;35;34;0;0;35;34
25417;82;524;35;34;0;0;35;34
25429;123;524;35;34;0;0;35;34
25431;164;524;35;34;0;0;35;34
25436;205;524;35;34;0;0;35;34
25448;246;524;35;34;0;0;35;34
25454;287;524;35;34;0;0;35;34
25467;328;524;35;34;0;0;35;34
25475;369;524;35;34;0;0;35;34
25480;410;524;35;34;0;0;35;34
25484;451;524;35;34;0;0;35;34
25490;492;524;35;34;0;0;35;34
25496;533;524;35;34;0;0;35;34
25499;574;524;35;34;0;0;35;34
25505;615;524;35;34;0;0;35;34
25506;656;524;35;34;0;0;35;34
25509;697;524;35;34;0;0;35;34
25511;738;524;35;34;0;0;35;34
25512;779;524;35;34;0;0;35;34
25514;820;524;35;34;0;0;35;34
25522;861;524;35;34;0;0;35;34
25551;902;524;35;34;0;0;35;34
25552;943;524;35;34;0;0;35;34
25562;984;524;35;34;0;0;35;34
25563;1025;524;35;34;0;0;35;34
25569;1066;524;35;34;0;0;35;34
25582;1107;524;35;34;0;0;35;34
25588;1148;524;35;34;0;0;35;34
25594;1189;524;35;34;0;0;35;34
25613;1230;524;35;34;0;0;35;34
25644;1271;524;35;34;0;0;35;34
25645;1312;524;35;34;0;0;35;34
25658;1353;524;35;34;0;0;35;34
25662;1394;524;35;34;0;0;35;34
25666;1435;524;35;34;0;0;35;34
25688;1476;524;35;34;0;0;35;34
25705;1517;524;35;34;0;0;35;34
25711;1558;524;35;34;0;0;35;34
25731;1599;524;35;34;0;0;35;34
25764;1640;524;35;34;0;0;35;34
25774;1681;524;35;34;0;0;35;34
25778;1722;524;35;34;0;0;35;34
25793;1763;524;35;34;0;0;35;34
25805;1804;524;35;34;0;0;35;34
25830;1845;524;35;34;0;0;35;34
25836;1886;524;35;34;0;0;35;34
25903;1927;524;35;34;0;0;35;34
25913;1968;524;35;34;0;0;35;34
25915;2009;524;35;34;0;0;35;34
25918;2050;524;35;34;0;0;35;34
25919;2091;524;35;34;0;0;35;34
25925;2132;524;35;34;0;0;35;34
25935;2173;524;35;34;0;0;35;34
25937;2214;524;35;34;0;0;35;34
25943;2255;524;35;34;0;0;35;34
25945;2296;524;35;34;0;0;35;34
25954;2337;524;35;34;0;0;35;34
25955;2378;524;35;34;0;0;35;34
25964;2419;524;35;34;0;0;35;34
25968;2460;524;35;34;0;0;35;34
25972;2501;524;35;34;0;0;35;34
25973;2542;524;35;34;0;0;35;34
25975;2583;524;35;34;0;0;35;34
25991;2624;524;35;34;0;0;35;34
25993;2665;524;35;34;0;0;35;34
25998;2706;524;35;34;0;0;35;34
26001;2747;524;35;34;0;0;35;34
26007;2788;524;35;34;0;0;35;34
26009;2829;524;35;34;0;0;35;34
26012;2870;524;35;34;0;0;35;34
26020;2911;524;35;34;0;0;35;34
26021;2952;524;35;34;0;0;35;34
26028;2993;524;35;34;0;0;35;34
26029;3034;524;35;34;0;0;35;34
26032;3075;524;35;34;0;0;35;34
26041;3116;524;35;34;0;0;35;34
26045;3157;524;35;34;0;0;35;34
26053;3198;524;35;34;0;0;35;34
26059;3239;524;35;34;0;0;35;34
26063;3280;524;35;34;0;0;35;34
26071;3321;524;35;34;0;0;35;34
26082;3362;524;35;34;0;0;35;34
26085;3403;524;35;34;0;0;35;34
26086;3444;524;35;34;0;0;35;34
26087;3485;524;35;34;0;0;35;34
26088;3526;524;35;34;0;0;35;34
26089;3567;524;35;34;0;0;35;34
26092;3608;524;35;34;0;0;35;34
26106;3649;524;35;34;0;0;35;34
26118;3690;524;35;34;0;0;35;34
26119;3731;524;35;34;0;0;35;34
26126;3772;524;35;34;0;0;35;34
26131;3813;524;35;34;0;0;35;34
26132;3854;524;35;34;0;0;35;34
26143;3895;524;35;34;0;0;35;34
26144;3936;524;35;34;0;0;35;34
26149;3977;524;35;34;0;0;35;34
26151;4018;524;35;34;0;0;35;34
26152;4059;524;35;34;0;0;35;34
26157;0;564;35;34;0;0;35;34
26159;41;564;35;34;0;0;35;34
26172;82;564;35;34;0;0;35;34
26178;123;564;35;34;0;0;35;34
26217;164;564;35;34;0;0;35;34
26222;205;564;35;34;0;0;35;34
26223;246;564;35;34;0;0;35;34
26228;287;564;35;34;0;0;35;34
26230;328;564;35;34;0;0;35;34
26241;369;564;35;34;0;0;35;34
26247;410;564;35;34;0;0;35;34
26257;451;564;35;34;0;0;35;34
26262;492;564;35;34;0;0;35;34
26263;533;564;35;34;0;0;35;34
26278;574;564;35;34;0;0;35;34
26283;615;564;35;34;0;0;35;34
26286;656;564;35;34;0;0;35;34
26292;697;564;35;34;0;0;35;34
26311;738;564;35;34;0;0;35;34
26326;779;564;35;34;0;0;35;34
26332;820;564;35;34;0;0;35;34
26354;861;564;35;34;0;0;35;34
26356;902;564;35;34;0;0;35;34
26360;943;564;35;34;0;0;35;34
26361;984;564;35;34;0;0;35;34
26365;1025;564;35;34;0;0;35;34
26367;1066;564;35;34;0;0;35;34
26368;1107;564;35;34;0;0;35;34
26376;1148;564;35;34;0;0;35;34
26377;1189;564;35;34;0;0;35;34
26381;1230;564;35;34;0;0;35;34
26389;1271;564;35;34;0;0;35;34
26391;1312;564;35;34;0;0;35;34
26395;1353;564;35;34;0;0;35;34
26397;1394;564;35;34;0;0;35;34
26399;1435;564;35;34;0;0;35;34
26408;1476;564;35;34;0;0;35;34
26410;1517;564;35;34;0;0;35;34
26411;1558;564;35;34;0;0;35;34
26412;1599;564;35;34;0;0;35;34
26413;1640;564;35;34;0;0;35;34
26417;1681;564;35;34;0;0;35;34
26420;1722;564;35;34;0;0;35;34
26426;1763;564;35;34;0;0;35;34
26429;1804;564;35;34;0;0;35;34
26441;1845;564;35;34;0;0;35;34
26448;1886;564;35;34;0;0;35;34
26449;1927;564;35;34;0;0;35;34
26463;1968;564;35;34;0;0;35;34
26465;2009;564;35;34;0;0;35;34
26469;2050;564;35;34;0;0;35;34
26479;2091;564;35;34;0;0;35;34
26481;2132;564;35;34;0;0;35;34
26494;2173;564;35;34;0;0;35;34
26495;2214;564;35;34;0;0;35;34
26512;2255;564;35;34;0;0;35;34
26517;2296;564;35;34;0;0;35;34
26519;2337;564;35;34;0;0;35;34
26522;2378;564;35;34;0;0;35;34
26524;2419;564;35;34;0;0;35;34
26525;2460;564;35;34;0;0;35;34
26528;2501;564;35;34;0;0;35;34
26530;2542;564;35;34;0;0;35;34
26543;2583;564;35;34;0;0;35;34
26550;2624;564;35;34;0;0;35;34
26564;2665;564;35;34;0;0;35;34
26576;2706;564;35;34;0;0;35;34
26579;2747;564;35;34;0;0;35;34
26580;2788;564;35;34;0;0;35;34
26609;2829;564;35;34;0;0;35;34
26611;2870;564;35;34;0;0;35;34
26613;2911;564;35;34;0;0;35;34
26619;2952;564;35;34;0;0;35;34
26623;2993;564;35;34;0;0;35;34
26627;3034;564;35;34;0;0;35;34
26628;3075;564;35;34;0;0;35;34
26643;3116;564;35;34;0;0;35;34
26657;3157;564;35;34;0;0;35;34
26666;3198;564;35;34;0;0;35;34
26680;3239;564;35;34;0;0;35;34
26681;3280;564;35;34;0;0;35;34
26684;3321;564;35;34;0;0;35;34
26685;3362;564;35;34;0;0;35;34
26689;3403;564;35;34;0;0;35;34
26691;3444;564;35;34;0;0;35;34
26696;3485;564;35;34;0;0;35;34
26705;3526;564;35;34;0;0;35;34
26716;3567;564;35;34;0;0;35;34
26719;3608;564;35;34;0;0;35;34
26757;3649;564;35;34;0;0;35;34
26775;3690;564;35;34;0;0;35;34
26792;3731;564;35;34;0;0;35;34
26800;3772;564;35;34;0;0;35;34
26820;3813;564;35;34;0;0;35;34
26827;3854;564;35;34;0;0;35;34
26834;3895;564;35;34;0;0;35;34
26842;3936;564;35;34;0;0;35;34
26847;3977;564;35;34;0;0;35;34
26862;4018;564;35;34;0;0;35;34
26874;4059;564;35;34;0;0;35;34
26885;0;604;35;34;0;0;35;34
26893;41;604;35;34;0;0;35;34
26894;82;604;35;34;0;0;35;34
26908;123;604;35;34;0;0;35;34
26989;164;604;35;34;0;0;35;34
26997;205;604;35;34;0;0;35;34
26999;246;604;35;34;0;0;35;34
27004;287;604;35;34;0;0;35;34
27005;328;604;35;34;0;0;35;34
27010;369;604;35;34;0;0;35;34
27083;410;604;35;34;0;0;35;34
27096;451;604;35;34;0;0;35;34
27133;492;604;35;34;0;0;35;34
27161;533;604;35;34;0;0;35;34
27169;574;604;35;34;0;0;35;34
27177;615;604;35;34;0;0;35;34
27178;656;604;35;34;0;0;35;34
27193;697;604;35;34;0;0;35;34
27211;738;604;35;34;0;0;35;34
27231;779;604;35;34;0;0;35;34
27396;820;604;35;34;0;0;35;34
27424;861;604;35;34;0;0;35;34
27425;902;604;35;34;0;0;35;34
27431;943;604;35;34;0;0;35;34
27442;984;604;35;34;0;0;35;34
27450;1025;604;35;34;0;0;35;34
27454;1066;604;35;34;0;0;35;34
27468;1107;604;35;34;0;0;35;34
27475;1148;604;35;34;0;0;35;34
27490;1189;604;35;34;0;0;35;34
27491;1230;604;35;34;0;0;35;34
27494;1271;604;35;34;0;0;35;34
27497;1312;604;35;34;0;0;35;34
27503;1353;604;35;34;0;0;35;34
27507;1394;604;35;34;0;0;35;34
27508;1435;604;35;34;0;0;35;34
27515;1476;604;35;34;0;0;35;34
27529;1517;604;35;34;0;0;35;34
27530;1558;604;35;34;0;0;35;34
27531;1599;604;35;34;0;0;35;34
27542;1640;604;35;34;0;0;35;34
27572;1681;604;35;34;0;0;35;34
27573;1722;604;35;34;0;0;35;34
27578;1763;604;35;34;0;0;35;34
27579;1804;604;35;34;0;0;35;34
27583;1845;604;35;34;0;0;35;34
27584;1886;604;35;34;0;0;35;34
27597;1927;604;35;34;0;0;35;34
27598;1968;604;35;34;0;0;35;34
27602;2009;604;35;34;0;0;35;34
27604;2050;604;35;34;0;0;35;34
27611;2091;604;35;34;0;0;35;34
27663;2132;604;35;34;0;0;35;34
27665;2173;604;35;34;0;0;35;34
27671;2214;604;35;34;0;0;35;34
27700;2255;604;35;34;0;0;35;34
27703;2296;604;35;34;0;0;35;34
27704;2337;604;35;34;0;0;35;34
27710;2378;604;35;34;0;0;35;34
27713;2419;604;35;34;0;0;35;34
27714;2460;604;35;34;0;0;35;34
27726;2501;604;35;34;0;0;35;34
27735;2542;604;35;34;0;0;35;34
27738;2583;604;35;34;0;0;35;34
27743;2624;604;35;34;0;0;35;34
27744;2665;604;35;34;0;0;35;34
27760;2706;604;35;34;0;0;35;34
27770;2747;604;35;34;0;0;35;34
27773;2788;604;35;34;0;0;35;34
27779;2829;604;35;34;0;0;35;34
27784;2870;604;35;34;0;0;35;34
27798;2911;604;35;34;0;0;35;34
27801;2952;604;35;34;0;0;35;34
27809;2993;604;35;34;0;0;35;34
27810;3034;604;35;34;0;0;35;34
27827;3075;604;35;34;0;0;35;34
27832;3116;604;35;34;0;0;35;34
27833;3157;604;35;34;0;0;35;34
27835;3198;604;35;34;0;0;35;34
27836;3239;604;35;34;0;0;35;34
27839;3280;604;35;34;0;0;35;34
27841;3321;604;35;34;0;0;35;34
27849;3362;604;35;34;0;0;35;34
27850;3403;604;35;34;0;0;35;34
27852;3444;604;35;34;0;0;35;34
27861;3485;604;35;34;0;0;35;34
27873;3526;604;35;34;0;0;35;34
27874;3567;604;35;34;0;0;35;34
27875;3608;604;35;34;0;0;35;34
27877;3649;604;35;34;0;0;35;34
27880;3690;604;35;34;0;0;35;34
27888;3731;604;35;34;0;0;35;34
27891;3772;604;35;34;0;0;35;34
27915;3813;604;35;34;0;0;35;34
27927;3854;604;35;34;0;0;35;34
27934;3895;604;35;34;0;0;35;34
27941;3936;604;35;34;0;0;35;34
27946;3977;604;35;34;0;0;35;34
27963;4018;604;35;34;0;0;35;34
27966;4059;604;35;34;0;0;35;34
27969;0;644;35;34;0;0;35;34
27972;41;644;35;34;0;0;35;34
27973;82;644;35;34;0;0;35;34
27996;123;644;35;34;0;0;35;34
28006;164;644;35;34;0;0;35;34
28010;205;644;35;34;0;0;35;34
28014;246;644;35;34;0;0;35;34
28020;287;644;35;34;0;0;35;34
28023;328;644;35;34;0;0;35;34
28024;369;644;35;34;0;0;35;34
28040;410;644;35;34;0;0;35;34
28057;451;644;35;34;0;0;35;34
28079;492;644;35;34;0;0;35;34
28082;533;644;35;34;0;0;35;34
28092;574;644;35;34;0;0;35;34
28113;615;644;35;34;0;0;35;34
28129;656;644;35;34;0;0;35;34
28139;697;644;35;34;0;0;35;34
28145;738;644;35;34;0;0;35;34
28151;779;644;35;34;0;0;35;34
28155;820;644;35;34;0;0;35;34
28165;861;644;35;34;0;0;35;34
28167;902;644;35;34;0;0;35;34
28168;943;644;35;34;0;0;35;34
28169;984;644;35;34;0;0;35;34
28171;1025;644;35;34;0;0;35;34
28179;1066;644;35;34;0;0;35;34
28187;1107;644;35;34;0;0;35;34
28193;1148;644;35;34;0;0;35;34
28198;1189;644;35;34;0;0;35;34
28201;1230;644;35;34;0;0;35;34
28204;1271;644;35;34;0;0;35;34
28207;1312;644;35;34;0;0;35;34
28246;1353;644;35;34;0;0;35;34
28263;1394;644;35;34;0;0;35;34
28271;1435;644;35;34;0;0;35;34
28286;1476;644;35;34;0;0;35;34
28287;1517;644;35;34;0;0;35;34
28288;1558;644;35;34;0;0;35;34
28304;1599;644;35;34;0;0;35;34
28310;1640;644;35;34;0;0;35;34
28317;1681;644;35;34;0;0;35;34
28342;1722;644;35;34;0;0;35;34
28346;1763;644;35;34;0;0;35;34
28357;1804;644;35;34;0;0;35;34
28363;1845;644;35;34;0;0;35;34
28369;1886;644;35;34;0;0;35;34
28381;1927;644;35;34;0;0;35;34
28382;1968;644;35;34;0;0;35;34
28404;2009;644;35;34;0;0;35;34
28417;2050;644;35;34;0;0;35;34
28418;2091;644;35;34;0;0;35;34
28422;2132;644;35;34;0;0;35;34
28431;2173;644;35;34;0;0;35;34
28436;2214;644;35;34;0;0;35;34
28448;2255;644;35;34;0;0;35;34
28450;2296;644;35;34;0;0;35;34
28459;2337;644;35;34;0;0;35;34
28460;2378;644;35;34;0;0;35;34
28472;2419;644;35;34;0;0;35;34
28500;2460;644;35;34;0;0;35;34
28508;2501;644;35;34;0;0;35;34
28511;2542;644;35;34;0;0;35;34
28516;2583;644;35;34;0;0;35;34
28526;2624;644;35;34;0;0;35;34
28528;2665;644;35;34;0;0;35;34
28548;2706;644;35;34;0;0;35;34
28608;2747;644;35;34;0;0;35;34
28609;2788;644;35;34;0;0;35;34
28611;2829;644;35;34;0;0;35;34
28651;2870;644;35;34;0;0;35;34
28655;2911;644;35;34;0;0;35;34
28716;2952;644;35;34;0;0;35;34
28779;2993;644;35;34;0;0;35;34
28783;3034;644;35;34;0;0;35;34
28784;3075;644;35;34;0;0;35;34
28797;3116;644;35;34;0;0;35;34
28809;3157;644;35;34;0;0;35;34
28810;3198;644;35;34;0;0;35;34
28814;3239;644;35;34;0;0;35;34
28845;3280;644;35;34;0;0;35;34
28857;3321;644;35;34;0;0;35;34
28858;3362;644;35;34;0;0;35;34
28872;3403;644;35;34;0;0;35;34
28961;3444;644;35;34;0;0;35;34
28966;3485;644;35;34;0;0;35;34
28982;3526;644;35;34;0;0;35;34
28988;3567;644;35;34;0;0;35;34
29006;3608;644;35;34;0;0;35;34
29017;3649;644;35;34;0;0;35;34
29031;3690;644;35;34;0;0;35;34
29033;3731;644;35;34;0;0;35;34
29038;3772;644;35;34;0;0;35;34
29066;3813;644;35;34;0;0;35;34
29087;3854;644;35;34;0;0;35;34
29105;3895;644;35;34;0;0;35;34
29123;3936;644;35;34;0;0;35;34
29157;3977;644;35;34;0;0;35;34
29190;4018;644;35;34;0;0;35;34
29226;4059;644;35;34;0;0;35;34
29237;0;684;35;34;0;0;35;34
29238;41;684;35;34;0;0;35;34
29245;82;684;35;34;0;0;35;34
29255;123;684;35;34;0;0;35;34
29256;164;684;35;34;0;0;35;34
29273;205;684;35;34;0;0;35;34
29275;246;684;35;34;0;0;35;34
29287;287;684;35;34;0;0;35;34
29289;328;684;35;34;0;0;35;34
29298;369;684;35;34;0;0;35;34
29305;410;684;35;34;0;0;35;34
29344;451;684;35;34;0;0;35;34
29356;492;684;35;34;0;0;35;34
29359;533;684;35;34;0;0;35;34
29366;574;684;35;34;0;0;35;34
29378;615;684;35;34;0;0;35;34
29401;656;684;35;34;0;0;35;34
29417;697;684;35;34;0;0;35;34
29420;738;684;35;34;0;0;35;34
29421;779;684;35;34;0;0;35;34
29467;820;684;35;34;0;0;35;34
29471;861;684;35;34;0;0;35;34
29483;902;684;35;34;0;0;35;34
29486;943;684;35;34;0;0;35;34
29494;984;684;35;34;0;0;35;34
29503;1025;684;35;34;0;0;35;34
29508;1066;684;35;34;0;0;35;34
29539;1107;684;35;34;0;0;35;34
29554;1148;684;35;34;0;0;35;34
29572;1189;684;35;34;0;0;35;34
29575;1230;684;35;34;0;0;35;34
29577;1271;684;35;34;0;0;35;34
29579;1312;684;35;34;0;0;35;34
29609;1353;684;35;34;0;0;35;34
29645;1394;684;35;34;0;0;35;34
29664;1435;684;35;34;0;0;35;34
29677;1476;684;35;34;0;0;35;34
29694;1517;684;35;34;0;0;35;34
29699;1558;684;35;34;0;0;35;34
29702;1599;684;35;34;0;0;35;34
29748;1640;684;35;34;0;0;35;34
29792;1681;684;35;34;0;0;35;34
29827;1722;684;35;34;0;0;35;34
29863;1763;684;35;34;0;0;35;34
29872;1804;684;35;34;0;0;35;34
29885;1845;684;35;34;0;0;35;34
29926;1886;684;35;34;0;0;35;34
29942;1927;684;35;34;0;0;35;34
29976;1968;684;35;34;0;0;35;34
29978;2009;684;35;34;0;0;35;34
29983;2050;684;35;34;0;0;35;34
29987;2091;684;35;34;0;0;35;34
29992;2132;684;35;34;0;0;35;34
30000;2173;684;35;34;0;0;35;34
30001;2214;684;35;34;0;0;35;34
30002;2255;684;35;34;0;0;35;34
30003;2296;684;35;34;0;0;35;34
30007;2337;684;35;34;0;0;35;34
30010;2378;684;35;34;0;0;35;34
30011;2419;684;35;34;0;0;35;34
30028;2460;684;35;34;0;0;35;34
30031;2501;684;35;34;0;0;35;34
30033;2542;684;35;34;0;0;35;34
30036;2583;684;35;34;0;0;35;34
30041;2624;684;35;34;0;0;35;34
30044;2665;684;35;34;0;0;35;34
30045;2706;684;35;34;0;0;35;34
30053;2747;684;35;34;0;0;35;34
30058;2788;684;35;34;0;0;35;34
30064;2829;684;35;34;0;0;35;34
30067;2870;684;35;34;0;0;35;34
30079;2911;684;35;34;0;0;35;34
30094;2952;684;35;34;0;0;35;34
30097;2993;684;35;34;0;0;35;34
30123;3034;684;35;34;0;0;35;34
30130;3075;684;35;34;0;0;35;34
30142;3116;684;35;34;0;0;35;34
30149;3157;684;35;34;0;0;35;34
30151;3198;684;35;34;0;0;35;34
30165;3239;684;35;34;0;0;35;34
30168;3280;684;35;34;0;0;35;34
30171;3321;684;35;34;0;0;35;34
30178;3362;684;35;34;0;0;35;34
30185;3403;684;35;34;0;0;35;34
30196;3444;684;35;34;0;0;35;34
30221;3485;684;35;34;0;0;35;34
30274;3526;684;35;34;0;0;35;34
30290;3567;684;35;34;0;0;35;34
30294;3608;684;35;34;0;0;35;34
30330;3649;684;35;34;0;0;35;34
30331;3690;684;35;34;0;0;35;34
30333;3731;684;35;34;0;0;35;34
30334;3772;684;35;34;0;0;35;34
30340;3813;684;35;34;0;0;35;34
30342;3854;684;35;34;0;0;35;34
30343;3895;684;35;34;0;0;35;34
30382;3936;684;35;34;0;0;35;34
30399;3977;684;35;34;0;0;35;34
30406;4018;684;35;34;0;0;35;34
30410;4059;684;35;34;0;0;35;34
30423;0;724;35;34;0;0;35;34
30427;41;724;35;34;0;0;35;34
30431;82;724;35;34;0;0;35;34
30435;123;724;35;34;0;0;35;34
30436;164;724;35;34;0;0;35;34
30446;205;724;35;34;0;0;35;34
30450;246;724;35;34;0;0;35;34
30452;287;724;35;34;0;0;35;34
30456;328;724;35;34;0;0;35;34
30462;369;724;35;34;0;0;35;34
30465;410;724;35;34;0;0;35;34
30473;451;724;35;34;0;0;35;34
30475;492;724;35;34;0;0;35;34
30476;533;724;35;34;0;0;35;34
30495;574;724;35;34;0;0;35;34
30496;615;724;35;34;0;0;35;34
30522;656;724;35;34;0;0;35;34
30524;697;724;35;34;0;0;35;34
30528;738;724;35;34;0;0;35;34
30561;779;724;35;34;0;0;35;34
30563;820;724;35;34;0;0;35;34
30566;861;724;35;34;0;0;35;34
30636;902;724;35;34;0;0;35;34
30637;943;724;35;34;0;0;35;34
30643;984;724;35;34;0;0;35;34
30683;1025;724;35;34;0;0;35;34
30690;1066;724;35;34;0;0;35;34
30693;1107;724;35;34;0;0;35;34
30701;1148;724;35;34;0;0;35;34
30703;1189;724;35;34;0;0;35;34
30707;1230;724;35;34;0;0;35;34
30722;1271;724;35;34;0;0;35;34
30740;1312;724;35;34;0;0;35;34
30741;1353;724;35;34;0;0;35;34
30770;1394;724;35;34;0;0;35;34
30772;1435;724;35;34;0;0;35;34
30813;1476;724;35;34;0;0;35;34
30827;1517;724;35;34;0;0;35;34
30828;1558;724;35;34;0;0;35;34
30849;1599;724;35;34;0;0;35;34
30865;1640;724;35;34;0;0;35;34
30906;1681;724;35;34;0;0;35;34
30913;1722;724;35;34;0;0;35;34
30952;1763;724;35;34;0;0;35;34
30977;1804;724;35;34;0;0;35;34
30990;1845;724;35;34;0;0;35;34
31034;1886;724;35;34;0;0;35;34
31036;1927;724;35;34;0;0;35;34
31038;1968;724;35;34;0;0;35;34
31048;2009;724;35;34;0;0;35;34
31049;2050;724;35;34;0;0;35;34
31062;2091;724;35;34;0;0;35;34
31069;2132;724;35;34;0;0;35;34
31070;2173;724;35;34;0;0;35;34
31077;2214;724;35;34;0;0;35;34
31080;2255;724;35;34;0;0;35;34
31085;2296;724;35;34;0;0;35;34
31105;2337;724;35;34;0;0;35;34
31109;2378;724;35;34;0;0;35;34
31117;2419;724;35;34;0;0;35;34
31119;2460;724;35;34;0;0;35;34
31168;2501;724;35;34;0;0;35;34
31169;2542;724;35;34;0;0;35;34
31179;2583;724;35;34;0;0;35;34
31185;2624;724;35;34;0;0;35;34
31186;2665;724;35;34;0;0;35;34
31192;2706;724;35;34;0;0;35;34
31199;2747;724;35;34;0;0;35;34
31209;2788;724;35;34;0;0;35;34
31216;2829;724;35;34;0;0;35;34
31227;2870;724;35;34;0;0;35;34
31243;2911;724;35;34;0;0;35;34
31246;2952;724;35;34;0;0;35;34
31258;2993;724;35;34;0;0;35;34
31278;3034;724;35;34;0;0;35;34
31282;3075;724;35;34;0;0;35;34
31292;3116;724;35;34;0;0;35;34
31293;3157;724;35;34;0;0;35;34
31295;3198;724;35;34;0;0;35;34
31296;3239;724;35;34;0;0;35;34
31298;3280;724;35;34;0;0;35;34
31309;3321;724;35;34;0;0;35;34
31311;3362;724;35;34;0;0;35;34
31339;3403;724;35;34;0;0;35;34
31348;3444;724;35;34;0;0;35;34
31350;3485;724;35;34;0;0;35;34
31354;3526;724;35;34;0;0;35;34
31361;3567;724;35;34;0;0;35;34
31363;3608;724;35;34;0;0;35;34
31378;3649;724;35;34;0;0;35;34
31379;3690;724;35;34;0;0;35;34
31391;3731;724;35;34;0;0;35;34
31406;3772;724;35;34;0;0;35;34
31407;3813;724;35;34;0;0;35;34
31435;3854;724;35;34;0;0;35;34
31452;3895;724;35;34;0;0;35;34
31456;3936;724;35;34;0;0;35;34
31461;3977;724;35;34;0;0;35;34
31471;4018;724;35;34;0;0;35;34
31478;4059;724;35;34;0;0;35;34
31481;0;764;35;34;0;0;35;34
31505;41;764;35;34;0;0;35;34
31515;82;764;35;34;0;0;35;34
31526;123;764;35;34;0;0;35;34
31532;164;764;35;34;0;0;35;34
31558;205;764;35;34;0;0;35;34
31561;246;764;35;34;0;0;35;34
31563;287;764;35;34;0;0;35;34
31570;328;764;35;34;0;0;35;34
31572;369;764;35;34;0;0;35;34
31574;410;764;35;34;0;0;35;34
31623;451;764;35;34;0;0;35;34
31627;492;764;35;34;0;0;35;34
31639;533;764;35;34;0;0;35;34
31649;574;764;35;34;0;0;35;34
31665;615;764;35;34;0;0;35;34
31672;656;764;35;34;0;0;35;34
31680;697;764;35;34;0;0;35;34
31684;738;764;35;34;0;0;35;34
31689;779;764;35;34;0;0;35;34
31716;820;764;35;34;0;0;35;34
31777;861;764;35;34;0;0;35;34
31807;902;764;35;34;0;0;35;34
31821;943;764;35;34;0;0;35;34
31840;984;764;35;34;0;0;35;34
31859;1025;764;35;34;0;0;35;34
31881;1066;764;35;34;0;0;35;34
31883;1107;764;35;34;0;0;35;34
31890;1148;764;35;34;0;0;35;34
31895;1189;764;35;34;0;0;35;34
31896;1230;764;35;34;0;0;35;34
31899;1271;764;35;34;0;0;35;34
31911;1312;764;35;34;0;0;35;34
31934;1353;764;35;34;0;0;35;34
31958;1394;764;35;34;0;0;35;34
31975;1435;764;35;34;0;0;35;34
31992;1476;764;35;34;0;0;35;34
31995;1517;764;35;34;0;0;35;34
31998;1558;764;35;34;0;0;35;34
32000;1599;764;35;34;0;0;35;34
32004;1640;764;35;34;0;0;35;34
32005;1681;764;35;34;0;0;35;34
32011;1722;764;35;34;0;0;35;34
32013;1763;764;35;34;0;0;35;34
32020;1804;764;35;34;0;0;35;34
32025;1845;764;35;34;0;0;35;34
32026;1886;764;35;34;0;0;35;34
32027;1927;764;35;34;0;0;35;34
32032;1968;764;35;34;0;0;35;34
32033;2009;764;35;34;0;0;35;34
32034;2050;764;35;34;0;0;35;34
32043;2091;764;35;34;0;0;35;34
32047;2132;764;35;34;0;0;35;34
32048;2173;764;35;34;0;0;35;34
32051;2214;764;35;34;0;0;35;34
32057;2255;764;35;34;0;0;35;34
32058;2296;764;35;34;0;0;35;34
32066;2337;764;35;34;0;0;35;34
32068;2378;764;35;34;0;0;35;34
32076;2419;764;35;34;0;0;35;34
32080;2460;764;35;34;0;0;35;34
32094;2501;764;35;34;0;0;35;34
32097;2542;764;35;34;0;0;35;34
32102;2583;764;35;34;0;0;35;34
32113;2624;764;35;34;0;0;35;34
32117;2665;764;35;34;0;0;35;34
32118;2706;764;35;34;0;0;35;34
32121;2747;764;35;34;0;0;35;34
32153;2788;764;35;34;0;0;35;34
32154;2829;764;35;34;0;0;35;34
32173;2870;764;35;34;0;0;35;34
32177;2911;764;35;34;0;0;35;34
32178;2952;764;35;34;0;0;35;34
32187;2993;764;35;34;0;0;35;34
32191;3034;764;35;34;0;0;35;34
32202;3075;764;35;34;0;0;35;34
32207;3116;764;35;34;0;0;35;34
32209;3157;764;35;34;0;0;35;34
32210;3198;764;35;34;0;0;35;34
32218;3239;764;35;34;0;0;35;34
32224;3280;764;35;34;0;0;35;34
32232;3321;764;35;34;0;0;35;34
32233;3362;764;35;34;0;0;35;34
32239;3403;764;35;34;0;0;35;34
32244;3444;764;35;34;0;0;35;34
32251;3485;764;35;34;0;0;35;34
32257;3526;764;35;34;0;0;35;34
32260;3567;764;35;34;0;0;35;34
32283;3608;764;35;34;0;0;35;34
32294;3649;764;35;34;0;0;35;34
32299;3690;764;35;34;0;0;35;34
32302;3731;764;35;34;0;0;35;34
32318;3772;764;35;34;0;0;35;34
32321;3813;764;35;34;0;0;35;34
32330;3854;764;35;34;0;0;35;34
32340;3895;764;35;34;0;0;35;34
32341;3936;764;35;34;0;0;35;34
32365;3977;764;35;34;0;0;35;34
32368;4018;764;35;34;0;0;35;34
32566;4059;764;35;34;0;0;35;34
32618;0;804;35;34;0;0;35;34
32622;41;804;35;34;0;0;35;34
32624;82;804;35;34;0;0;35;34
32626;123;804;35;34;0;0;35;34
32629;164;804;35;34;0;0;35;34
32631;205;804;35;34;0;0;35;34
32645;246;804;35;34;0;0;35;34
32650;287;804;35;34;0;0;35;34
32654;328;804;35;34;0;0;35;34
32670;369;804;35;34;0;0;35;34
32676;410;804;35;34;0;0;35;34
32680;451;804;35;34;0;0;35;34
32681;492;804;35;34;0;0;35;34
32701;533;804;35;34;0;0;35;34
32705;574;804;35;34;0;0;35;34
32716;615;804;35;34;0;0;35;34
32722;656;804;35;34;0;0;35;34
32763;697;804;35;34;0;0;35;34
32764;738;804;35;34;0;0;35;34
32769;779;804;35;34;0;0;35;34
32771;820;804;35;34;0;0;35;34
32773;861;804;35;34;0;0;35;34
32784;902;804;35;34;0;0;35;34
32789;943;804;35;34;0;0;35;34
32791;984;804;35;34;0;0;35;34
32819;1025;804;35;34;0;0;35;34
32854;1066;804;35;34;0;0;35;34
32862;1107;804;35;34;0;0;35;34
32884;1148;804;35;34;0;0;35;34
32887;1189;804;35;34;0;0;35;34
32905;1230;804;35;34;0;0;35;34
32908;1271;804;35;34;0;0;35;34
32918;1312;804;35;34;0;0;35;34
32920;1353;804;35;34;0;0;35;34
32925;1394;804;35;34;0;0;35;34
32929;1435;804;35;34;0;0;35;34
32930;1476;804;35;34;0;0;35;34
32933;1517;804;35;34;0;0;35;34
32937;1558;804;35;34;0;0;35;34
32938;1599;804;35;34;0;0;35;34
32943;1640;804;35;34;0;0;35;34
32946;1681;804;35;34;0;0;35;34
32954;1722;804;35;34;0;0;35;34
32963;1763;804;35;34;0;0;35;34
32966;1804;804;35;34;0;0;35;34
32972;1845;804;35;34;0;0;35;34
32974;1886;804;35;34;0;0;35;34
32990;1927;804;35;34;0;0;35;34
33012;1968;804;35;34;0;0;35;34
33016;2009;804;35;34;0;0;35;34
33021;2050;804;35;34;0;0;35;34
33026;2091;804;35;34;0;0;35;34
33029;2132;804;35;34;0;0;35;34
33031;2173;804;35;34;0;0;35;34
33032;2214;804;35;34;0;0;35;34
33034;2255;804;35;34;0;0;35;34
33050;2296;804;35;34;0;0;35;34
33073;2337;804;35;34;0;0;35;34
33075;2378;804;35;34;0;0;35;34
33102;2419;804;35;34;0;0;35;34
33104;2460;804;35;34;0;0;35;34
33109;2501;804;35;34;0;0;35;34
33131;2542;804;35;34;0;0;35;34
33136;2583;804;35;34;0;0;35;34
33144;2624;804;35;34;0;0;35;34
33145;2665;804;35;34;0;0;35;34
33146;2706;804;35;34;0;0;35;34
33178;2747;804;35;34;0;0;35;34
33180;2788;804;35;34;0;0;35;34
33181;2829;804;35;34;0;0;35;34
33192;2870;804;35;34;0;0;35;34
33203;2911;804;35;34;0;0;35;34
33222;2952;804;35;34;0;0;35;34
33235;2993;804;35;34;0;0;35;34
33251;3034;804;35;34;0;0;35;34
33256;3075;804;35;34;0;0;35;34
33258;3116;804;35;34;0;0;35;34
33261;3157;804;35;34;0;0;35;34
33267;3198;804;35;34;0;0;35;34
33268;3239;804;35;34;0;0;35;34
33276;3280;804;35;34;0;0;35;34
33288;3321;804;35;34;0;0;35;34
33292;3362;804;35;34;0;0;35;34
33294;3403;804;35;34;0;0;35;34
33303;3444;804;35;34;0;0;35;34
33310;3485;804;35;34;0;0;35;34
33311;3526;804;35;34;0;0;35;34
33322;3567;804;35;34;0;0;35;34
33324;3608;804;35;34;0;0;35;34
33334;3649;804;35;34;0;0;35;34
33335;3690;804;35;34;0;0;35;34
33337;3731;804;35;34;0;0;35;34
33351;3772;804;35;34;0;0;35;34
33382;3813;804;35;34;0;0;35;34
33391;3854;804;35;34;0;0;35;34
33394;3895;804;35;34;0;0;35;34
33398;3936;804;35;34;0;0;35;34
33419;3977;804;35;34;0;0;35;34
33437;4018;804;35;34;0;0;35;34
33455;4059;804;35;34;0;0;35;34
33457;0;844;35;34;0;0;35;34
33459;41;844;35;34;0;0;35;34
33464;82;844;35;34;0;0;35;34
33469;123;844;35;34;0;0;35;34
33495;164;844;35;34;0;0;35;34
33499;205;844;35;34;0;0;35;34
33509;246;844;35;34;0;0;35;34
33510;287;844;35;34;0;0;35;34
33521;328;844;35;34;0;0;35;34
33538;369;844;35;34;0;0;35;34
33550;410;844;35;34;0;0;35;34
33576;451;844;35;34;0;0;35;34
33590;492;844;35;34;0;0;35;34
33609;533;844;35;34;0;0;35;34
33618;574;844;35;34;0;0;35;34
33624;615;844;35;34;0;0;35;34
33655;656;844;35;34;0;0;35;34
33738;697;844;35;34;0;0;35;34
33740;738;844;35;34;0;0;35;34
33747;779;844;35;34;0;0;35;34
33756;820;844;35;34;0;0;35;34
33775;861;844;35;34;0;0;35;34
33806;902;844;35;34;0;0;35;34
33853;943;844;35;34;0;0;35;34
33865;984;844;35;34;0;0;35;34
33879;1025;844;35;34;0;0;35;34
33883;1066;844;35;34;0;0;35;34
33900;1107;844;35;34;0;0;35;34
33976;1148;844;35;34;0;0;35;34
33988;1189;844;35;34;0;0;35;34
33995;1230;844;35;34;0;0;35;34
34065;1271;844;35;34;0;0;35;34
34101;1312;844;35;34;0;0;35;34
34109;1353;844;35;34;0;0;35;34
34180;1394;844;35;34;0;0;35;34
34214;1435;844;35;34;0;0;35;34
34218;1476;844;35;34;0;0;35;34
34219;1517;844;35;34;0;0;35;34
34220;1558;844;35;34;0;0;35;34
34253;1599;844;35;34;0;0;35;34
34276;1640;844;35;34;0;0;35;34
34281;1681;844;35;34;0;0;35;34
34299;1722;844;35;34;0;0;35;34
34382;1763;844;35;34;0;0;35;34
34384;1804;844;35;34;0;0;35;34
34394;1845;844;35;34;0;0;35;34
34396;1886;844;35;34;0;0;35;34
34398;1927;844;35;34;0;0;35;34
34411;1968;844;35;34;0;0;35;34
34425;2009;844;35;34;0;0;35;34
34442;2050;844;35;34;0;0;35;34
34453;2091;844;35;34;0;0;35;34
34503;2132;844;35;34;0;0;35;34
34509;2173;844;35;34;0;0;35;34
34542;2214;844;35;34;0;0;35;34
34562;2255;844;35;34;0;0;35;34
34588;2296;844;35;34;0;0;35;34
34701;2337;844;35;34;0;0;35;34
34880;2378;844;35;34;0;0;35;34
34886;2419;844;35;34;0;0;35;34
34892;2460;844;35;34;0;0;35;34
34899;2501;844;35;34;0;0;35;34
34903;2542;844;35;34;0;0;35;34
34907;2583;844;35;34;0;0;35;34
34909;2624;844;35;34;0;0;35;34
34913;2665;844;35;34;0;0;35;34
34915;2706;844;35;34;0;0;35;34
34920;2747;844;35;34;0;0;35;34
34928;2788;844;35;34;0;0;35;34
34935;2829;844;35;34;0;0;35;34
34955;2870;844;35;34;0;0;35;34
34966;2911;844;35;34;0;0;35;34
34987;2952;844;35;34;0;0;35;34
35009;2993;844;35;34;0;0;35;34
35010;3034;844;35;34;0;0;35;34
35013;3075;844;35;34;0;0;35;34
35023;3116;844;35;34;0;0;35;34
35029;3157;844;35;34;0;0;35;34
35036;3198;844;35;34;0;0;35;34
35064;3239;844;35;34;0;0;35;34
35069;3280;844;35;34;0;0;35;34
35070;3321;844;35;34;0;0;35;34
35079;3362;844;35;34;0;0;35;34
35088;3403;844;35;34;0;0;35;34
35090;3444;844;35;34;0;0;35;34
35167;3485;844;35;34;0;0;35;34
35186;3526;844;35;34;0;0;35;34
35199;3567;844;35;34;0;0;35;34
35201;3608;844;35;34;0;0;35;34
35206;3649;844;35;34;0;0;35;34
35207;3690;844;35;34;0;0;35;34
35211;3731;844;35;34;0;0;35;34
35215;3772;844;35;34;0;0;35;34
35222;3813;844;35;34;0;0;35;34
35226;3854;844;35;34;0;0;35;34
35239;3895;844;35;34;0;0;35;34
35242;3936;844;35;34;0;0;35;34
35251;3977;844;35;34;0;0;35;34
35282;4018;844;35;34;0;0;35;34
35299;4059;844;35;34;0;0;35;34
35302;0;884;35;34;0;0;35;34
35328;41;884;35;34;0;0;35;34
35330;82;884;35;34;0;0;35;34
35331;123;884;35;34;0;0;35;34
35336;164;884;35;34;0;0;35;34
35342;205;884;35;34;0;0;35;34
35347;246;884;35;34;0;0;35;34
35351;287;884;35;34;0;0;35;34
35352;328;884;35;34;0;0;35;34
35359;369;884;35;34;0;0;35;34
35370;410;884;35;34;0;0;35;34
35373;451;884;35;34;0;0;35;34
35377;492;884;35;34;0;0;35;34
35379;533;884;35;34;0;0;35;34
35380;574;884;35;34;0;0;35;34
35386;615;884;35;34;0;0;35;34
35388;656;884;35;34;0;0;35;34
35408;697;884;35;34;0;0;35;34
35412;738;884;35;34;0;0;35;34
35413;779;884;35;34;0;0;35;34
35422;820;884;35;34;0;0;35;34
35424;861;884;35;34;0;0;35;34
35427;902;884;35;34;0;0;35;34
35430;943;884;35;34;0;0;35;34
35433;984;884;35;34;0;0;35;34
35438;1025;884;35;34;0;0;35;34
35440;1066;884;35;34;0;0;35;34
35441;1107;884;35;34;0;0;35;34
35442;1148;884;35;34;0;0;35;34
35443;1189;884;35;34;0;0;35;34
35463;1230;884;35;34;0;0;35;34
35465;1271;884;35;34;0;0;35;34
35468;1312;884;35;34;0;0;35;34
35469;1353;884;35;34;0;0;35;34
35475;1394;884;35;34;0;0;35;34
35477;1435;884;35;34;0;0;35;34
35480;1476;884;35;34;0;0;35;34
35486;1517;884;35;34;0;0;35;34
35488;1558;884;35;34;0;0;35;34
35492;1599;884;35;34;0;0;35;34
35500;1640;884;35;34;0;0;35;34
35501;1681;884;35;34;0;0;35;34
35504;1722;884;35;34;0;0;35;34
35506;1763;884;35;34;0;0;35;34
35519;1804;884;35;34;0;0;35;34
35527;1845;884;35;34;0;0;35;34
35531;1886;884;35;34;0;0;35;34
35542;1927;884;35;34;0;0;35;34
35558;1968;884;35;34;0;0;35;34
35559;2009;884;35;34;0;0;35;34
35565;2050;884;35;34;0;0;35;34
35566;2091;884;35;34;0;0;35;34
35576;2132;884;35;34;0;0;35;34
35582;2173;884;35;34;0;0;35;34
35584;2214;884;35;34;0;0;35;34
35585;2255;884;35;34;0;0;35;34
35588;2296;884;35;34;0;0;35;34
35598;2337;884;35;34;0;0;35;34
35609;2378;884;35;34;0;0;35;34
35611;2419;884;35;34;0;0;35;34
35613;2460;884;35;34;0;0;35;34
35617;2501;884;35;34;0;0;35;34
35641;2542;884;35;34;0;0;35;34
35672;2583;884;35;34;0;0;35;34
35676;2624;884;35;34;0;0;35;34
35686;2665;884;35;34;0;0;35;34
35696;2706;884;35;34;0;0;35;34
35698;2747;884;35;34;0;0;35;34
35703;2788;884;35;34;0;0;35;34
35895;2829;884;35;34;0;0;35;34
35910;2870;884;35;34;0;0;35;34
35914;2911;884;35;34;0;0;35;34
35930;2952;884;35;34;0;0;35;34
35937;2993;884;35;34;0;0;35;34
35946;3034;884;35;34;0;0;35;34
35980;3075;884;35;34;0;0;35;34
35997;3116;884;35;34;0;0;35;34
35998;3157;884;35;34;0;0;35;34
36000;3198;884;35;34;0;0;35;34
36001;3239;884;35;34;0;0;35;34
36002;3280;884;35;34;0;0;35;34
36007;3321;884;35;34;0;0;35;34
36008;3362;884;35;34;0;0;35;34
36009;3403;884;35;34;0;0;35;34
36010;3444;884;35;34;0;0;35;34
36011;3485;884;35;34;0;0;35;34
36012;3526;884;35;34;0;0;35;34
36015;3567;884;35;34;0;0;35;34
36020;3608;884;35;34;0;0;35;34
36023;3649;884;35;34;0;0;35;34
36024;3690;884;35;34;0;0;35;34
36027;3731;884;35;34;0;0;35;34
36028;3772;884;35;34;0;0;35;34
36031;3813;884;35;34;0;0;35;34
36032;3854;884;35;34;0;0;35;34
36034;3895;884;35;34;0;0;35;34
36035;3936;884;35;34;0;0;35;34
36036;3977;884;35;34;0;0;35;34
36039;4018;884;35;34;0;0;35;34
36042;4059;884;35;34;0;0;35;34
36051;0;924;35;34;0;0;35;34
36059;41;924;35;34;0;0;35;34
36060;82;924;35;34;0;0;35;34
36062;123;924;35;34;0;0;35;34
36064;164;924;35;34;0;0;35;34
36066;205;924;35;34;0;0;35;34
36070;246;924;35;34;0;0;35;34
36074;287;924;35;34;0;0;35;34
36077;328;924;35;34;0;0;35;34
36092;369;924;35;34;0;0;35;34
36104;410;924;35;34;0;0;35;34
36196;451;924;35;34;0;0;35;34
36198;492;924;35;34;0;0;35;34
36208;533;924;35;34;0;0;35;34
36212;574;924;35;34;0;0;35;34
36215;615;924;35;34;0;0;35;34
36229;656;924;35;34;0;0;35;34
36234;697;924;35;34;0;0;35;34
36259;738;924;35;34;0;0;35;34
36275;779;924;35;34;0;0;35;34
36317;820;924;35;34;0;0;35;34
36321;861;924;35;34;0;0;35;34
36335;902;924;35;34;0;0;35;34
36339;943;924;35;34;0;0;35;34
36341;984;924;35;34;0;0;35;34
36362;1025;924;35;34;0;0;35;34
36367;1066;924;35;34;0;0;35;34
36394;1107;924;35;34;0;0;35;34
36468;1148;924;35;34;0;0;35;34
36493;1189;924;35;34;0;0;35;34
36523;1230;924;35;34;0;0;35;34
36554;1271;924;35;34;0;0;35;34
36556;1312;924;35;34;0;0;35;34
36557;1353;924;35;34;0;0;35;34
36562;1394;924;35;34;0;0;35;34
36575;1435;924;35;34;0;0;35;34
36578;1476;924;35;34;0;0;35;34
36600;1517;924;35;34;0;0;35;34
36605;1558;924;35;34;0;0;35;34
36611;1599;924;35;34;0;0;35;34
36617;1640;924;35;34;0;0;35;34
36637;1681;924;35;34;0;0;35;34
36649;1722;924;35;34;0;0;35;34
36650;1763;924;35;34;0;0;35;34
36664;1804;924;35;34;0;0;35;34
36676;1845;924;35;34;0;0;35;34
36763;1886;924;35;34;0;0;35;34
36766;1927;924;35;34;0;0;35;34
36771;1968;924;35;34;0;0;35;34
36785;2009;924;35;34;0;0;35;34
36786;2050;924;35;34;0;0;35;34
36794;2091;924;35;34;0;0;35;34
36796;2132;924;35;34;0;0;35;34
36805;2173;924;35;34;0;0;35;34
36814;2214;924;35;34;0;0;35;34
36817;2255;924;35;34;0;0;35;34
36820;2296;924;35;34;0;0;35;34
36843;2337;924;35;34;0;0;35;34
36845;2378;924;35;34;0;0;35;34
36848;2419;924;35;34;0;0;35;34
36855;2460;924;35;34;0;0;35;34
36861;2501;924;35;34;0;0;35;34
36864;2542;924;35;34;0;0;35;34
36865;2583;924;35;34;0;0;35;34
36867;2624;924;35;34;0;0;35;34
36870;2665;924;35;34;0;0;35;34
36879;2706;924;35;34;0;0;35;34
36880;2747;924;35;34;0;0;35;34
36883;2788;924;35;34;0;0;35;34
36884;2829;924;35;34;0;0;35;34
36890;2870;924;35;34;0;0;35;34
36893;2911;924;35;34;0;0;35;34
36895;2952;924;35;34;0;0;35;34
36896;2993;924;35;34;0;0;35;34
36899;3034;924;35;34;0;0;35;34
36910;3075;924;35;34;0;0;35;34
36913;3116;924;35;34;0;0;35;34
36914;3157;924;35;34;0;0;35;34
36920;3198;924;35;34;0;0;35;34
36930;3239;924;35;34;0;0;35;34
36933;3280;924;35;34;0;0;35;34
36935;3321;924;35;34;0;0;35;34
36938;3362;924;35;34;0;0;35;34
36939;3403;924;35;34;0;0;35;34
36941;3444;924;35;34;0;0;35;34
36942;3485;924;35;34;0;0;35;34
36947;3526;924;35;34;0;0;35;34
36948;3567;924;35;34;0;0;35;34
36949;3608;924;35;34;0;0;35;34
36956;3649;924;35;34;0;0;35;34
36960;3690;924;35;34;0;0;35;34
36961;3731;924;35;34;0;0;35;34
36963;3772;924;35;34;0;0;35;34
36969;3813;924;35;34;0;0;35;34
36973;3854;924;35;34;0;0;35;34
36974;3895;924;35;34;0;0;35;34
36981;3936;924;35;34;0;0;35;34
36983;3977;924;35;34;0;0;35;34
36984;4018;924;35;34;0;0;35;34
36986;4059;924;35;34;0;0;35;34
36991;0;964;35;34;0;0;35;34
36996;41;964;35;34;0;0;35;34
37027;82;964;35;34;0;0;35;34
37030;123;964;35;34;0;0;35;34
37034;164;964;35;34;0;0;35;34
37048;205;964;35;34;0;0;35;34
37066;246;964;35;34;0;0;35;34
37070;287;964;35;34;0;0;35;34
37089;328;964;35;34;0;0;35;34
37096;369;964;35;34;0;0;35;34
37101;410;964;35;34;0;0;35;34
37109;451;964;35;34;0;0;35;34
37111;492;964;35;34;0;0;35;34
37117;533;964;35;34;0;0;35;34
37196;574;964;35;34;0;0;35;34
37197;615;964;35;34;0;0;35;34
37198;656;964;35;34;0;0;35;34
37202;697;964;35;34;0;0;35;34
37204;738;964;35;34;0;0;35;34
37218;779;964;35;34;0;0;35;34
37226;820;964;35;34;0;0;35;34
37228;861;964;35;34;0;0;35;34
37237;902;964;35;34;0;0;35;34
37239;943;964;35;34;0;0;35;34
37240;984;964;35;34;0;0;35;34
37266;1025;964;35;34;0;0;35;34
37276;1066;964;35;34;0;0;35;34
37304;1107;964;35;34;0;0;35;34
37319;1148;964;35;34;0;0;35;34
37320;1189;964;35;34;0;0;35;34
37324;1230;964;35;34;0;0;35;34
37325;1271;964;35;34;0;0;35;34
37326;1312;964;35;34;0;0;35;34
37327;1353;964;35;34;0;0;35;34
37329;1394;964;35;34;0;0;35;34
37340;1435;964;35;34;0;0;35;34
37341;1476;964;35;34;0;0;35;34
37347;1517;964;35;34;0;0;35;34
37389;1558;964;35;34;0;0;35;34
37428;1599;964;35;34;0;0;35;34
37444;1640;964;35;34;0;0;35;34
37467;1681;964;35;34;0;0;35;34
37474;1722;964;35;34;0;0;35;34
37489;1763;964;35;34;0;0;35;34
37504;1804;964;35;34;0;0;35;34
37507;1845;964;35;34;0;0;35;34
37509;1886;964;35;34;0;0;35;34
37528;1927;964;35;34;0;0;35;34
37549;1968;964;35;34;0;0;35;34
37613;2009;964;35;34;0;0;35;34
37619;2050;964;35;34;0;0;35;34
37628;2091;964;35;34;0;0;35;34
37664;2132;964;35;34;0;0;35;34
37670;2173;964;35;34;0;0;35;34
37676;2214;964;35;34;0;0;35;34
37678;2255;964;35;34;0;0;35;34
37679;2296;964;35;34;0;0;35;34
37682;2337;964;35;34;0;0;35;34
37707;2378;964;35;34;0;0;35;34
37723;2419;964;35;34;0;0;35;34
37749;2460;964;35;34;0;0;35;34
37772;2501;964;35;34;0;0;35;34
37782;2542;964;35;34;0;0;35;34
37806;2583;964;35;34;0;0;35;34
37857;2624;964;35;34;0;0;35;34
37912;2665;964;35;34;0;0;35;34
37969;2706;964;35;34;0;0;35;34
38263;2747;964;35;34;0;0;35;34
38272;2788;964;35;34;0;0;35;34
38281;2829;964;35;34;0;0;35;34
38283;2870;964;35;34;0;0;35;34
38289;2911;964;35;34;0;0;35;34
38291;2952;964;35;34;0;0;35;34
38306;2993;964;35;34;0;0;35;34
38307;3034;964;35;34;0;0;35;34
38309;3075;964;35;34;0;0;35;34
38322;3116;964;35;34;0;0;35;34
38343;3157;964;35;34;0;0;35;34
38360;3198;964;35;34;0;0;35;34
38428;3239;964;35;34;0;0;35;34
38442;3280;964;35;34;0;0;35;34
38450;3321;964;35;34;0;0;35;34
38459;3362;964;35;34;0;0;35;34
38468;3403;964;35;34;0;0;35;34
38477;3444;964;35;34;0;0;35;34
38480;3485;964;35;34;0;0;35;34
38491;3526;964;35;34;0;0;35;34
38498;3567;964;35;34;0;0;35;34
38499;3608;964;35;34;0;0;35;34
38500;3649;964;35;34;0;0;35;34
38501;3690;964;35;34;0;0;35;34
38506;3731;964;35;34;0;0;35;34
38512;3772;964;35;34;0;0;35;34
38515;3813;964;35;34;0;0;35;34
38517;3854;964;35;34;0;0;35;34
38518;3895;964;35;34;0;0;35;34
38520;3936;964;35;34;0;0;35;34
38522;3977;964;35;34;0;0;35;34
38525;4018;964;35;34;0;0;35;34
38533;4059;964;35;34;0;0;35;34
38534;0;1004;35;34;0;0;35;34
38538;41;1004;35;34;0;0;35;34
38542;82;1004;35;34;0;0;35;34
38543;123;1004;35;34;0;0;35;34
38548;164;1004;35;34;0;0;35;34
38553;205;1004;35;34;0;0;35;34
38555;246;1004;35;34;0;0;35;34
38556;287;1004;35;34;0;0;35;34
38560;328;1004;35;34;0;0;35;34
38563;369;1004;35;34;0;0;35;34
38583;410;1004;35;34;0;0;35;34
38587;451;1004;35;34;0;0;35;34
38596;492;1004;35;34;0;0;35;34
38597;533;1004;35;34;0;0;35;34
38598;574;1004;35;34;0;0;35;34
38599;615;1004;35;34;0;0;35;34
38604;656;1004;35;34;0;0;35;34
38609;697;1004;35;34;0;0;35;34
38626;738;1004;35;34;0;0;35;34
38627;779;1004;35;34;0;0;35;34
38632;820;1004;35;34;0;0;35;34
38634;861;1004;35;34;0;0;35;34
38640;902;1004;35;34;0;0;35;34
38642;943;1004;35;34;0;0;35;34
38646;984;1004;35;34;0;0;35;34
38647;1025;1004;35;34;0;0;35;34
38651;1066;1004;35;34;0;0;35;34
38656;1107;1004;35;34;0;0;35;34
38663;1148;1004;35;34;0;0;35;34
38666;1189;1004;35;34;0;0;35;34
38684;1230;1004;35;34;0;0;35;34
38695;1271;1004;35;34;0;0;35;34
38706;1312;1004;35;34;0;0;35;34
38738;1353;1004;35;34;0;0;35;34
38745;1394;1004;35;34;0;0;35;34
38750;1435;1004;35;34;0;0;35;34
38754;1476;1004;35;34;0;0;35;34
38761;1517;1004;35;34;0;0;35;34
38772;1558;1004;35;34;0;0;35;34
38867;1599;1004;35;34;0;0;35;34
38899;1640;1004;35;34;0;0;35;34
38907;1681;1004;35;34;0;0;35;34
38911;1722;1004;35;34;0;0;35;34
38914;1763;1004;35;34;0;0;35;34
38915;1804;1004;35;34;0;0;35;34
38917;1845;1004;35;34;0;0;35;34
38918;1886;1004;35;34;0;0;35;34
38920;1927;1004;35;34;0;0;35;34
38928;1968;1004;35;34;0;0;35;34
38929;2009;1004;35;34;0;0;35;34
38930;2050;1004;35;34;0;0;35;34
38931;2091;1004;35;34;0;0;35;34
38936;2132;1004;35;34;0;0;35;34
38957;2173;1004;35;34;0;0;35;34
38960;2214;1004;35;34;0;0;35;34
38971;2255;1004;35;34;0;0;35;34
38972;2296;1004;35;34;0;0;35;34
38988;2337;1004;35;34;0;0;35;34
38989;2378;1004;35;34;0;0;35;34
38990;2419;1004;35;34;0;0;35;34
38996;2460;1004;35;34;0;0;35;34
38997;2501;1004;35;34;0;0;35;34
39000;2542;1004;35;34;0;0;35;34
39006;2583;1004;35;34;0;0;35;34
39015;2624;1004;35;34;0;0;35;34
39080;2665;1004;35;34;0;0;35;34
39131;2706;1004;35;34;0;0;35;34
39135;2747;1004;35;34;0;0;35;34
39138;2788;1004;35;34;0;0;35;34
39151;2829;1004;35;34;0;0;35;34
39154;2870;1004;35;34;0;0;35;34
39164;2911;1004;35;34;0;0;35;34
39165;2952;1004;35;34;0;0;35;34
39166;2993;1004;35;34;0;0;35;34
39173;3034;1004;35;34;0;0;35;34
39178;3075;1004;35;34;0;0;35;34
39180;3116;1004;35;34;0;0;35;34
39187;3157;1004;35;34;0;0;35;34
39208;3198;1004;35;34;0;0;35;34
39318;3239;1004;35;34;0;0;35;34
39321;3280;1004;35;34;0;0;35;34
39340;3321;1004;35;34;0;0;35;34
39364;3362;1004;35;34;0;0;35;34
39365;3403;1004;35;34;0;0;35;34
39366;3444;1004;35;34;0;0;35;34
39376;3485;1004;35;34;0;0;35;34
39378;3526;1004;35;34;0;0;35;34
39438;3567;1004;35;34;0;0;35;34
39442;3608;1004;35;34;0;0;35;34
39443;3649;1004;35;34;0;0;35;34
39472;3690;1004;35;34;0;0;35;34
39514;3731;1004;35;34;0;0;35;34
39592;3772;1004;35;34;0;0;35;34
39608;3813;1004;35;34;0;0;35;34
39620;3854;1004;35;34;0;0;35;34
39640;3895;1004;35;34;0;0;35;34
39658;3936;1004;35;34;0;0;35;34
39729;3977;1004;35;34;0;0;35;34
39740;4018;1004;35;34;0;0;35;34
39746;4059;1004;35;34;0;0;35;34
39749;0;1044;35;34;0;0;35;34
39764;41;1044;35;34;0;0;35;34
39770;82;1044;35;34;0;0;35;34
39854;123;1044;35;34;0;0;35;34
39912;164;1044;35;34;0;0;35;34
40165;205;1044;35;34;0;0;35;34
40180;246;1044;35;34;0;0;35;34
40335;287;1044;35;34;0;0;35;34
40372;328;1044;35;34;0;0;35;34
40575;369;1044;35;34;0;0;35;34
40595;410;1044;35;34;0;0;35;34
40599;451;1044;35;34;0;0;35;34
40614;492;1044;35;34;0;0;35;34
40634;533;1044;35;34;0;0;35;34
40635;574;1044;35;34;0;0;35;34
40644;615;1044;35;34;0;0;35;34
40658;656;1044;35;34;0;0;35;34
40665;697;1044;35;34;0;0;35;34
40723;738;1044;35;34;0;0;35;34
40763;779;1044;35;34;0;0;35;34
40802;820;1044;35;34;0;0;35;34
65381;861;1044;35;34;0;0;35;34
65382;902;1044;35;34;0;0;35;34
65383;943;1044;35;34;0;0;35;34
65384;984;1044;35;34;0;0;35;34
65385;1025;1044;35;34;0;0;35;34
65386;1066;1044;35;34;0;0;35;34
65387;1107;1044;35;34;0;0;35;34
65388;1148;1044;35;34;0;0;35;34
65389;1189;1044;35;34;0;0;35;34
65390;1230;1044;35;34;0;0;35;34
65391;1271;1044;35;34;0;0;35;34
65392;1312;1044;35;34;0;0;35;34
65393;1353;1044;35;34;0;0;35;34
65394;1394;1044;35;34;0;0;35;34
65395;1435;1044;35;34;0;0;35;34
65396;1476;1044;35;34;0;0;35;34
65397;1517;1044;35;34;0;0;35;34
65398;1558;1044;35;34;0;0;35;34
65399;1599;1044;35;34;0;0;35;34
65400;1640;1044;35;34;0;0;35;34
65401;1681;1044;35;34;0;0;35;34
65402;1722;1044;35;34;0;0;35;34
65403;1763;1044;35;34;0;0;35;34
65404;1804;1044;35;34;0;0;35;34
65405;1845;1044;35;34;0;0;35;34
65406;1886;1044;35;34;0;0;35;34
65407;1927;1044;35;34;0;0;35;34
65408;1968;1044;35;34;0;0;35;34
65409;2009;1044;35;34;0;0;35;34
65410;2050;1044;35;34;0;0;35;34
65411;2091;1044;35;34;0;0;35;34
65412;2132;1044;35;34;0;0;35;34
65413;2173;1044;35;34;0;0;35;34
65414;2214;1044;35;34;0;0;35;34
65415;2255;1044;35;34;0;0;35;34
65416;2296;1044;35;34;0;0;35;34
65417;2337;1044;35;34;0;0;35;34
65418;2378;1044;35;34;0;0;35;34
65419;2419;1044;35;34;0;0;35;34
65420;2460;1044;35;34;0;0;35;34
65421;2501;1044;35;34;0;0;35;34
65422;2542;1044;35;34;0;0;35;34
65423;2583;1044;35;34;0;0;35;34
65424;2624;1044;35;34;0;0;35;34
65425;2665;1044;35;34;0;0;35;34
65426;2706;1044;35;34;0;0;35;34
65427;2747;1044;35;34;0;0;35;34
65428;2788;1044;35;34;0;0;35;34
65429;2829;1044;35;34;0;0;35;34
65430;2870;1044;35;34;0;0;35;34
65431;2911;1044;35;34;0;0;35;34
65432;2952;1044;35;34;0;0;35;34
65433;2993;1044;35;34;0;0;35;34
65434;3034;1044;35;34;0;0;35;34
65435;3075;1044;35;34;0;0;35;34
65436;3116;1044;35;34;0;0;35;34
65437;3157;1044;35;34;0;0;35;34
65438;3198;1044;35;34;0;0;35;34
65439;3239;1044;35;34;0;0;35;34
65281;0;1084;36;34;0;0;36;34
65283;42;1084;36;34;0;0;36;34
65284;84;1084;36;34;0;0;36;34
65285;126;1084;36;34;0;0;36;34
65288;168;1084;36;34;0;0;36;34
65289;210;1084;36;34;0;0;36;34
65292;252;1084;36;34;0;0;36;34
65296;294;1084;36;34;0;0;36;34
65297;336;1084;36;34;0;0;36;34
65298;378;1084;36;34;0;0;36;34
65299;420;1084;36;34;0;0;36;34
65300;462;1084;36;34;0;0;36;34
65301;504;1084;36;34;0;0;36;34
65302;546;1084;36;34;0;0;36;34
65303;588;1084;36;34;0;0;36;34
65304;630;1084;36;34;0;0;36;34
65305;672;1084;36;34;0;0;36;34
65306;714;1084;36;34;0;0;36;34
65307;756;1084;36;34;0;0;36;34
65311;798;1084;36;34;0;0;36;34
65371;840;1084;36;34;0;0;36;34
65373;882;1084;36;34;0;0;36;34
65374;924;1084;36;34;0;0;36;34
65509;966;1084;36;34;0;0;36;34
