16;0;0;16
32;0;0;9;17;0;0;9;17
33;9;0;9;17;0;0;9;17
34;18;0;9;17;0;0;9;17
35;27;0;9;17;0;0;9;17
36;36;0;9;17;0;0;9;17
37;45;0;9;17;0;0;9;17
38;54;0;9;17;0;0;9;17
39;63;0;9;17;0;0;9;17
40;72;0;9;17;0;0;9;17
41;81;0;9;17;0;0;9;17
42;90;0;9;17;0;0;9;17
43;99;0;9;17;0;0;9;17
44;108;0;9;17;0;0;9;17
45;117;0;9;17;0;0;9;17
46;126;0;9;17;0;0;9;17
47;135;0;9;17;0;0;9;17
48;144;0;9;17;0;0;9;17
49;153;0;9;17;0;0;9;17
50;162;0;9;17;0;0;9;17
51;171;0;9;17;0;0;9;17
52;180;0;9;17;0;0;9;17
53;189;0;9;17;0;0;9;17
54;198;0;9;17;0;0;9;17
55;207;0;9;17;0;0;9;17
56;216;0;9;17;0;0;9;17
57;225;0;9;17;0;0;9;17
58;234;0;9;17;0;0;9;17
59;243;0;9;17;0;0;9;17
60;252;0;9;17;0;0;9;17
61;261;0;9;17;0;0;9;17
62;270;0;9;17;0;0;9;17
63;279;0;9;17;0;0;9;17
64;288;0;9;17;0;0;9;17
65;297;0;9;17;0;0;9;17
66;306;0;9;17;0;0;9;17
67;315;0;9;17;0;0;9;17
68;324;0;9;17;0;0;9;17
69;333;0;9;17;0;0;9;17
70;342;0;9;17;0;0;9;17
71;351;0;9;17;0;0;9;17
72;360;0;9;17;0;0;9;17
73;369;0;9;17;0;0;9;17
74;378;0;9;17;0;0;9;17
75;387;0;9;17;0;0;9;17
76;396;0;9;17;0;0;9;17
77;405;0;9;17;0;0;9;17
78;414;0;9;17;0;0;9;17
79;423;0;9;17;0;0;9;17
80;432;0;9;17;0;0;9;17
81;441;0;9;17;0;0;9;17
82;450;0;9;17;0;0;9;17
83;459;0;9;17;0;0;9;17
84;468;0;9;17;0;0;9;17
85;477;0;9;17;0;0;9;17
86;486;0;9;17;0;0;9;17
87;495;0;9;17;0;0;9;17
88;504;0;9;17;0;0;9;17
89;513;0;9;17;0;0;9;17
90;522;0;9;17;0;0;9;17
91;531;0;9;17;0;0;9;17
92;540;0;9;17;0;0;9;17
93;549;0;9;17;0;0;9;17
94;558;0;9;17;0;0;9;17
95;567;0;9;17;0;0;9;17
96;576;0;9;17;0;0;9;17
97;585;0;9;17;0;0;9;17
98;594;0;9;17;0;0;9;17
99;603;0;9;17;0;0;9;17
100;612;0;9;17;0;0;9;17
101;621;0;9;17;0;0;9;17
102;630;0;9;17;0;0;9;17
103;639;0;9;17;0;0;9;17
104;648;0;9;17;0;0;9;17
105;657;0;9;17;0;0;9;17
106;666;0;9;17;0;0;9;17
107;675;0;9;17;0;0;9;17
108;684;0;9;17;0;0;9;17
109;693;0;9;17;0;0;9;17
110;702;0;9;17;0;0;9;17
111;711;0;9;17;0;0;9;17
112;720;0;9;17;0;0;9;17
113;729;0;9;17;0;0;9;17
114;738;0;9;17;0;0;9;17
115;747;0;9;17;0;0;9;17
116;756;0;9;17;0;0;9;17
117;765;0;9;17;0;0;9;17
118;774;0;9;17;0;0;9;17
119;783;0;9;17;0;0;9;17
120;792;0;9;17;0;0;9;17
121;801;0;9;17;0;0;9;17
122;810;0;9;17;0;0;9;17
123;819;0;9;17;0;0;9;17
124;828;0;9;17;0;0;9;17
125;837;0;9;17;0;0;9;17
126;846;0;9;17;0;0;9;17
224;855;0;9;17;0;0;9;17
225;864;0;9;17;0;0;9;17
230;873;0;9;17;0;0;9;17
232;882;0;9;17;0;0;9;17
242;891;0;9;17;0;0;9;17
249;900;0;9;17;0;0;9;17
250;909;0;9;17;0;0;9;17
257;918;0;9;17;0;0;9;17
283;927;0;9;17;0;0;9;17
299;936;0;9;17;0;0;9;17
305;945;0;9;17;0;0;9;17
333;954;0;9;17;0;0;9;17
462;963;0;9;17;0;0;9;17
466;972;0;9;17;0;0;9;17
916;981;0;9;17;0;0;9;17
960;990;0;9;17;0;0;9;17
183;0;18;17;21;0;0;17;21
711;17;18;17;21;0;0;17;21
714;34;18;17;21;0;0;17;21
715;51;18;17;21;0;0;17;21
8212;68;18;17;21;0;0;17;21
8216;85;18;17;21;0;0;17;21
8217;102;18;17;21;0;0;17;21
8220;119;18;17;21;0;0;17;21
8221;136;18;17;21;0;0;17;21
8230;153;18;17;21;0;0;17;21
8592;170;18;17;21;0;0;17;21
8593;187;18;17;21;0;0;17;21
8594;204;18;17;21;0;0;17;21
8595;221;18;17;21;0;0;17;21
9320;238;18;17;21;0;0;17;21
12288;255;18;17;21;0;0;17;21
12289;272;18;17;21;0;0;17;21
12290;289;18;17;21;0;0;17;21
12298;306;18;17;21;0;0;17;21
12299;323;18;17;21;0;0;17;21
12300;340;18;17;21;0;0;17;21
12301;357;18;17;21;0;0;17;21
12302;374;18;17;21;0;0;17;21
12303;391;18;17;21;0;0;17;21
12304;408;18;17;21;0;0;17;21
12305;425;18;17;21;0;0;17;21
12308;442;18;17;21;0;0;17;21
12309;459;18;17;21;0;0;17;21
12310;476;18;17;21;0;0;17;21
12311;493;18;17;21;0;0;17;21
12549;510;18;17;21;0;0;17;21
12550;527;18;17;21;0;0;17;21
12551;544;18;17;21;0;0;17;21
12552;561;18;17;21;0;0;17;21
12553;578;18;17;21;0;0;17;21
12554;595;18;17;21;0;0;17;21
12555;612;18;17;21;0;0;17;21
12556;629;18;17;21;0;0;17;21
12557;646;18;17;21;0;0;17;21
12558;663;18;17;21;0;0;17;21
12559;680;18;17;21;0;0;17;21
12560;697;18;17;21;0;0;17;21
12561;714;18;17;21;0;0;17;21
12562;731;18;17;21;0;0;17;21
12563;748;18;17;21;0;0;17;21
12564;765;18;17;21;0;0;17;21
12565;782;18;17;21;0;0;17;21
12566;799;18;17;21;0;0;17;21
12567;816;18;17;21;0;0;17;21
12568;833;18;17;21;0;0;17;21
12569;850;18;17;21;0;0;17;21
12570;867;18;17;21;0;0;17;21
12571;884;18;17;21;0;0;17;21
12572;901;18;17;21;0;0;17;21
12573;918;18;17;21;0;0;17;21
12574;935;18;17;21;0;0;17;21
12575;952;18;17;21;0;0;17;21
12576;969;18;17;21;0;0;17;21
12577;986;18;17;21;0;0;17;21
12578;1003;18;17;21;0;0;17;21
12579;1020;18;17;21;0;0;17;21
12580;1037;18;17;21;0;0;17;21
12581;1054;18;17;21;0;0;17;21
12582;1071;18;17;21;0;0;17;21
12583;1088;18;17;21;0;0;17;21
12584;1105;18;17;21;0;0;17;21
12585;1122;18;17;21;0;0;17;21
12353;0;40;18;17;0;0;18;17
12354;18;40;18;17;0;0;18;17
12355;36;40;18;17;0;0;18;17
12356;54;40;18;17;0;0;18;17
12357;72;40;18;17;0;0;18;17
12358;90;40;18;17;0;0;18;17
12359;108;40;18;17;0;0;18;17
12360;126;40;18;17;0;0;18;17
12361;144;40;18;17;0;0;18;17
12362;162;40;18;17;0;0;18;17
12363;180;40;18;17;0;0;18;17
12364;198;40;18;17;0;0;18;17
12365;216;40;18;17;0;0;18;17
12366;234;40;18;17;0;0;18;17
12367;252;40;18;17;0;0;18;17
12368;270;40;18;17;0;0;18;17
12369;288;40;18;17;0;0;18;17
12370;306;40;18;17;0;0;18;17
12371;324;40;18;17;0;0;18;17
12372;342;40;18;17;0;0;18;17
12373;360;40;18;17;0;0;18;17
12374;378;40;18;17;0;0;18;17
12375;396;40;18;17;0;0;18;17
12376;414;40;18;17;0;0;18;17
12377;432;40;18;17;0;0;18;17
12378;450;40;18;17;0;0;18;17
12379;468;40;18;17;0;0;18;17
12380;486;40;18;17;0;0;18;17
12381;504;40;18;17;0;0;18;17
12382;522;40;18;17;0;0;18;17
12383;540;40;18;17;0;0;18;17
12384;558;40;18;17;0;0;18;17
12385;576;40;18;17;0;0;18;17
12386;594;40;18;17;0;0;18;17
12387;612;40;18;17;0;0;18;17
12388;630;40;18;17;0;0;18;17
12389;648;40;18;17;0;0;18;17
12390;666;40;18;17;0;0;18;17
12391;684;40;18;17;0;0;18;17
12392;702;40;18;17;0;0;18;17
12393;720;40;18;17;0;0;18;17
12394;738;40;18;17;0;0;18;17
12395;756;40;18;17;0;0;18;17
12396;774;40;18;17;0;0;18;17
12397;792;40;18;17;0;0;18;17
12398;810;40;18;17;0;0;18;17
12399;828;40;18;17;0;0;18;17
12400;846;40;18;17;0;0;18;17
12401;864;40;18;17;0;0;18;17
12402;882;40;18;17;0;0;18;17
12403;900;40;18;17;0;0;18;17
12404;918;40;18;17;0;0;18;17
12405;936;40;18;17;0;0;18;17
12406;954;40;18;17;0;0;18;17
12407;972;40;18;17;0;0;18;17
12408;990;40;18;17;0;0;18;17
12409;1008;40;18;17;0;0;18;17
12410;1026;40;18;17;0;0;18;17
12411;1044;40;18;17;0;0;18;17
12412;1062;40;18;17;0;0;18;17
12413;1080;40;18;17;0;0;18;17
12414;1098;40;18;17;0;0;18;17
12415;1116;40;18;17;0;0;18;17
12416;1134;40;18;17;0;0;18;17
12417;1152;40;18;17;0;0;18;17
12418;1170;40;18;17;0;0;18;17
12419;1188;40;18;17;0;0;18;17
12420;1206;40;18;17;0;0;18;17
12421;1224;40;18;17;0;0;18;17
12422;1242;40;18;17;0;0;18;17
12423;1260;40;18;17;0;0;18;17
12424;1278;40;18;17;0;0;18;17
12425;1296;40;18;17;0;0;18;17
12426;1314;40;18;17;0;0;18;17
12427;1332;40;18;17;0;0;18;17
12428;1350;40;18;17;0;0;18;17
12429;1368;40;18;17;0;0;18;17
12430;1386;40;18;17;0;0;18;17
12431;1404;40;18;17;0;0;18;17
12432;1422;40;18;17;0;0;18;17
12433;1440;40;18;17;0;0;18;17
12434;1458;40;18;17;0;0;18;17
12435;1476;40;18;17;0;0;18;17
12436;1494;40;18;17;0;0;18;17
12437;1512;40;18;17;0;0;18;17
12438;1530;40;18;17;0;0;18;17
12443;1548;40;18;17;0;0;18;17
12444;1566;40;18;17;0;0;18;17
12445;1584;40;18;17;0;0;18;17
12446;1602;40;18;17;0;0;18;17
12448;1620;40;18;17;0;0;18;17
12449;1638;40;18;17;0;0;18;17
12450;1656;40;18;17;0;0;18;17
12451;1674;40;18;17;0;0;18;17
12452;1692;40;18;17;0;0;18;17
12453;1710;40;18;17;0;0;18;17
12454;1728;40;18;17;0;0;18;17
12455;1746;40;18;17;0;0;18;17
12456;1764;40;18;17;0;0;18;17
12457;1782;40;18;17;0;0;18;17
12458;1800;40;18;17;0;0;18;17
12459;1818;40;18;17;0;0;18;17
12460;1836;40;18;17;0;0;18;17
12461;1854;40;18;17;0;0;18;17
12462;1872;40;18;17;0;0;18;17
12463;1890;40;18;17;0;0;18;17
12464;1908;40;18;17;0;0;18;17
12465;1926;40;18;17;0;0;18;17
12466;1944;40;18;17;0;0;18;17
12467;1962;40;18;17;0;0;18;17
12468;1980;40;18;17;0;0;18;17
12469;1998;40;18;17;0;0;18;17
12470;2016;40;18;17;0;0;18;17
12471;2034;40;18;17;0;0;18;17
12472;2052;40;18;17;0;0;18;17
12473;2070;40;18;17;0;0;18;17
12474;2088;40;18;17;0;0;18;17
12475;2106;40;18;17;0;0;18;17
12476;2124;40;18;17;0;0;18;17
12477;2142;40;18;17;0;0;18;17
12478;2160;40;18;17;0;0;18;17
12479;2178;40;18;17;0;0;18;17
12480;2196;40;18;17;0;0;18;17
12481;2214;40;18;17;0;0;18;17
12482;2232;40;18;17;0;0;18;17
12483;2250;40;18;17;0;0;18;17
12484;2268;40;18;17;0;0;18;17
12485;2286;40;18;17;0;0;18;17
12486;2304;40;18;17;0;0;18;17
12487;2322;40;18;17;0;0;18;17
12488;2340;40;18;17;0;0;18;17
12489;2358;40;18;17;0;0;18;17
12490;2376;40;18;17;0;0;18;17
12491;2394;40;18;17;0;0;18;17
12492;2412;40;18;17;0;0;18;17
12493;2430;40;18;17;0;0;18;17
12494;2448;40;18;17;0;0;18;17
12495;2466;40;18;17;0;0;18;17
12496;2484;40;18;17;0;0;18;17
12497;2502;40;18;17;0;0;18;17
12498;2520;40;18;17;0;0;18;17
12499;2538;40;18;17;0;0;18;17
12500;2556;40;18;17;0;0;18;17
12501;2574;40;18;17;0;0;18;17
12502;2592;40;18;17;0;0;18;17
12503;2610;40;18;17;0;0;18;17
12504;2628;40;18;17;0;0;18;17
12505;2646;40;18;17;0;0;18;17
12506;2664;40;18;17;0;0;18;17
12507;2682;40;18;17;0;0;18;17
12508;2700;40;18;17;0;0;18;17
12509;2718;40;18;17;0;0;18;17
12510;2736;40;18;17;0;0;18;17
12511;2754;40;18;17;0;0;18;17
12512;2772;40;18;17;0;0;18;17
12513;2790;40;18;17;0;0;18;17
12514;2808;40;18;17;0;0;18;17
12515;2826;40;18;17;0;0;18;17
12516;2844;40;18;17;0;0;18;17
12517;2862;40;18;17;0;0;18;17
12518;2880;40;18;17;0;0;18;17
12519;2898;40;18;17;0;0;18;17
12520;2916;40;18;17;0;0;18;17
12521;2934;40;18;17;0;0;18;17
12522;2952;40;18;17;0;0;18;17
12523;2970;40;18;17;0;0;18;17
12524;2988;40;18;17;0;0;18;17
12525;3006;40;18;17;0;0;18;17
12526;3024;40;18;17;0;0;18;17
12527;3042;40;18;17;0;0;18;17
12528;3060;40;18;17;0;0;18;17
12529;3078;40;18;17;0;0;18;17
12530;3096;40;18;17;0;0;18;17
12531;3114;40;18;17;0;0;18;17
12532;3132;40;18;17;0;0;18;17
12533;3150;40;18;17;0;0;18;17
12534;3168;40;18;17;0;0;18;17
12535;3186;40;18;17;0;0;18;17
12536;3204;40;18;17;0;0;18;17
12537;3222;40;18;17;0;0;18;17
12538;3240;40;18;17;0;0;18;17
12539;3258;40;18;17;0;0;18;17
12540;3276;40;18;17;0;0;18;17
12541;3294;40;18;17;0;0;18;17
12542;3312;40;18;17;0;0;18;17
17868;3330;40;18;17;0;0;18;17
19968;3348;40;18;17;0;0;18;17
19969;3366;40;18;17;0;0;18;17
19971;3384;40;18;17;0;0;18;17
19975;3402;40;18;17;0;0;18;17
19976;3420;40;18;17;0;0;18;17
19977;3438;40;18;17;0;0;18;17
19978;3456;40;18;17;0;0;18;17
19979;3474;40;18;17;0;0;18;17
19981;3492;40;18;17;0;0;18;17
19982;3510;40;18;17;0;0;18;17
19988;3528;40;18;17;0;0;18;17
19990;3546;40;18;17;0;0;18;17
19992;3564;40;18;17;0;0;18;17
19993;3582;40;18;17;0;0;18;17
20001;3600;40;18;17;0;0;18;17
20006;3618;40;18;17;0;0;18;17
20013;3636;40;18;17;0;0;18;17
20018;3654;40;18;17;0;0;18;17
20024;3672;40;18;17;0;0;18;17
20025;3690;40;18;17;0;0;18;17
20027;3708;40;18;17;0;0;18;17
20028;3726;40;18;17;0;0;18;17
20037;3744;40;18;17;0;0;18;17
20047;3762;40;18;17;0;0;18;17
20055;3780;40;18;17;0;0;18;17
20057;3798;40;18;17;0;0;18;17
20061;3816;40;18;17;0;0;18;17
20062;3834;40;18;17;0;0;18;17
20081;3852;40;18;17;0;0;18;17
20083;3870;40;18;17;0;0;18;17
20094;3888;40;18;17;0;0;18;17
20096;3906;40;18;17;0;0;18;17
20102;3924;40;18;17;0;0;18;17
20104;3942;40;18;17;0;0;18;17
20105;3960;40;18;17;0;0;18;17
20107;3978;40;18;17;0;0;18;17
20108;3996;40;18;17;0;0;18;17
20114;4014;40;18;17;0;0;18;17
20116;4032;40;18;17;0;0;18;17
20117;4050;40;18;17;0;0;18;17
20124;4068;40;18;17;0;0;18;17
20129;0;58;18;17;0;0;18;17
20132;18;58;18;17;0;0;18;17
20139;36;58;18;17;0;0;18;17
20140;54;58;18;17;0;0;18;17
20141;72;58;18;17;0;0;18;17
20154;90;58;18;17;0;0;18;17
20161;108;58;18;17;0;0;18;17
20170;126;58;18;17;0;0;18;17
20171;144;58;18;17;0;0;18;17
20175;162;58;18;17;0;0;18;17
20181;180;58;18;17;0;0;18;17
20182;198;58;18;17;0;0;18;17
20184;216;58;18;17;0;0;18;17
20185;234;58;18;17;0;0;18;17
20195;252;58;18;17;0;0;18;17
20196;270;58;18;17;0;0;18;17
20197;288;58;18;17;0;0;18;17
20206;306;58;18;17;0;0;18;17
20208;324;58;18;17;0;0;18;17
20210;342;58;18;17;0;0;18;17
20214;360;58;18;17;0;0;18;17
20219;378;58;18;17;0;0;18;17
20225;396;58;18;17;0;0;18;17
20238;414;58;18;17;0;0;18;17
20239;432;58;18;17;0;0;18;17
20240;450;58;18;17;0;0;18;17
20241;468;58;18;17;0;0;18;17
20250;486;58;18;17;0;0;18;17
20253;504;58;18;17;0;0;18;17
20271;522;58;18;17;0;0;18;17
20276;540;58;18;17;0;0;18;17
20280;558;58;18;17;0;0;18;17
20282;576;58;18;17;0;0;18;17
20284;594;58;18;17;0;0;18;17
20294;612;58;18;17;0;0;18;17
20301;630;58;18;17;0;0;18;17
20302;648;58;18;17;0;0;18;17
20303;666;58;18;17;0;0;18;17
20304;684;58;18;17;0;0;18;17
20307;702;58;18;17;0;0;18;17
20309;720;58;18;17;0;0;18;17
20313;738;58;18;17;0;0;18;17
20316;756;58;18;17;0;0;18;17
20339;774;58;18;17;0;0;18;17
20341;792;58;18;17;0;0;18;17
20351;810;58;18;17;0;0;18;17
20363;828;58;18;17;0;0;18;17
20365;846;58;18;17;0;0;18;17
20379;864;58;18;17;0;0;18;17
20381;882;58;18;17;0;0;18;17
20385;900;58;18;17;0;0;18;17
20398;918;58;18;17;0;0;18;17
20399;936;58;18;17;0;0;18;17
20405;954;58;18;17;0;0;18;17
20406;972;58;18;17;0;0;18;17
20415;990;58;18;17;0;0;18;17
20418;1008;58;18;17;0;0;18;17
20419;1026;58;18;17;0;0;18;17
20426;1044;58;18;17;0;0;18;17
20439;1062;58;18;17;0;0;18;17
20445;1080;58;18;17;0;0;18;17
20449;1098;58;18;17;0;0;18;17
20462;1116;58;18;17;0;0;18;17
20467;1134;58;18;17;0;0;18;17
20469;1152;58;18;17;0;0;18;17
20472;1170;58;18;17;0;0;18;17
20474;1188;58;18;17;0;0;18;17
20489;1206;58;18;17;0;0;18;17
20491;1224;58;18;17;0;0;18;17
20493;1242;58;18;17;0;0;18;17
20498;1260;58;18;17;0;0;18;17
20505;1278;58;18;17;0;0;18;17
20511;1296;58;18;17;0;0;18;17
20515;1314;58;18;17;0;0;18;17
20516;1332;58;18;17;0;0;18;17
20523;1350;58;18;17;0;0;18;17
20537;1368;58;18;17;0;0;18;17
20553;1386;58;18;17;0;0;18;17
20559;1404;58;18;17;0;0;18;17
20572;1422;58;18;17;0;0;18;17
20581;1440;58;18;17;0;0;18;17
20596;1458;58;18;17;0;0;18;17
20597;1476;58;18;17;0;0;18;17
20598;1494;58;18;17;0;0;18;17
20605;1512;58;18;17;0;0;18;17
20621;1530;58;18;17;0;0;18;17
20625;1548;58;18;17;0;0;18;17
20632;1566;58;18;17;0;0;18;17
20633;1584;58;18;17;0;0;18;17
20652;1602;58;18;17;0;0;18;17
20658;1620;58;18;17;0;0;18;17
20661;1638;58;18;17;0;0;18;17
20663;1656;58;18;17;0;0;18;17
20670;1674;58;18;17;0;0;18;17
20677;1692;58;18;17;0;0;18;17
20685;1710;58;18;17;0;0;18;17
20687;1728;58;18;17;0;0;18;17
20693;1746;58;18;17;0;0;18;17
20698;1764;58;18;17;0;0;18;17
20711;1782;58;18;17;0;0;18;17
20736;1800;58;18;17;0;0;18;17
20740;1818;58;18;17;0;0;18;17
20754;1836;58;18;17;0;0;18;17
20767;1854;58;18;17;0;0;18;17
20778;1872;58;18;17;0;0;18;17
20803;1890;58;18;17;0;0;18;17
20804;1908;58;18;17;0;0;18;17
20805;1926;58;18;17;0;0;18;17
20806;1944;58;18;17;0;0;18;17
20808;1962;58;18;17;0;0;18;17
20809;1980;58;18;17;0;0;18;17
20811;1998;58;18;17;0;0;18;17
20813;2016;58;18;17;0;0;18;17
20816;2034;58;18;17;0;0;18;17
20826;2052;58;18;17;0;0;18;17
20837;2070;58;18;17;0;0;18;17
20840;2088;58;18;17;0;0;18;17
20843;2106;58;18;17;0;0;18;17
20844;2124;58;18;17;0;0;18;17
20845;2142;58;18;17;0;0;18;17
20849;2160;58;18;17;0;0;18;17
20853;2178;58;18;17;0;0;18;17
20855;2196;58;18;17;0;0;18;17
20856;2214;58;18;17;0;0;18;17
20860;2232;58;18;17;0;0;18;17
20869;2250;58;18;17;0;0;18;17
20870;2268;58;18;17;0;0;18;17
20874;2286;58;18;17;0;0;18;17
20877;2304;58;18;17;0;0;18;17
20882;2322;58;18;17;0;0;18;17
20887;2340;58;18;17;0;0;18;17
20889;2358;58;18;17;0;0;18;17
20896;2376;58;18;17;0;0;18;17
20901;2394;58;18;17;0;0;18;17
20908;2412;58;18;17;0;0;18;17
20918;2430;58;18;17;0;0;18;17
20919;2448;58;18;17;0;0;18;17
20932;2466;58;18;17;0;0;18;17
20934;2484;58;18;17;0;0;18;17
20941;2502;58;18;17;0;0;18;17
20957;2520;58;18;17;0;0;18;17
20961;2538;58;18;17;0;0;18;17
20966;2556;58;18;17;0;0;18;17
20982;2574;58;18;17;0;0;18;17
20984;2592;58;18;17;0;0;18;17
20985;2610;58;18;17;0;0;18;17
20986;2628;58;18;17;0;0;18;17
20992;2646;58;18;17;0;0;18;17
20995;2664;58;18;17;0;0;18;17
20998;2682;58;18;17;0;0;18;17
20999;2700;58;18;17;0;0;18;17
21000;2718;58;18;17;0;0;18;17
21002;2736;58;18;17;0;0;18;17
21009;2754;58;18;17;0;0;18;17
21015;2772;58;18;17;0;0;18;17
21021;2790;58;18;17;0;0;18;17
21028;2808;58;18;17;0;0;18;17
21029;2826;58;18;17;0;0;18;17
21033;2844;58;18;17;0;0;18;17
21040;2862;58;18;17;0;0;18;17
21046;2880;58;18;17;0;0;18;17
21047;2898;58;18;17;0;0;18;17
21048;2916;58;18;17;0;0;18;17
21049;2934;58;18;17;0;0;18;17
21050;2952;58;18;17;0;0;18;17
21051;2970;58;18;17;0;0;18;17
21063;2988;58;18;17;0;0;18;17
21066;3006;58;18;17;0;0;18;17
21069;3024;58;18;17;0;0;18;17
21078;3042;58;18;17;0;0;18;17
21083;3060;58;18;17;0;0;18;17
21085;3078;58;18;17;0;0;18;17
21091;3096;58;18;17;0;0;18;17
21092;3114;58;18;17;0;0;18;17
21103;3132;58;18;17;0;0;18;17
21104;3150;58;18;17;0;0;18;17
21106;3168;58;18;17;0;0;18;17
21109;3186;58;18;17;0;0;18;17
21127;3204;58;18;17;0;0;18;17
21147;3222;58;18;17;0;0;18;17
21151;3240;58;18;17;0;0;18;17
21152;3258;58;18;17;0;0;18;17
21155;3276;58;18;17;0;0;18;17
21161;3294;58;18;17;0;0;18;17
21162;3312;58;18;17;0;0;18;17
21169;3330;58;18;17;0;0;18;17
21172;3348;58;18;17;0;0;18;17
21177;3366;58;18;17;0;0;18;17
21182;3384;58;18;17;0;0;18;17
21187;3402;58;18;17;0;0;18;17
21189;3420;58;18;17;0;0;18;17
21191;3438;58;18;17;0;0;18;17
21193;3456;58;18;17;0;0;18;17
21205;3474;58;18;17;0;0;18;17
21208;3492;58;18;17;0;0;18;17
21209;3510;58;18;17;0;0;18;17
21213;3528;58;18;17;0;0;18;17
21215;3546;58;18;17;0;0;18;17
21218;3564;58;18;17;0;0;18;17
21220;3582;58;18;17;0;0;18;17
21223;3600;58;18;17;0;0;18;17
21234;3618;58;18;17;0;0;18;17
21246;3636;58;18;17;0;0;18;17
21250;3654;58;18;17;0;0;18;17
21253;3672;58;18;17;0;0;18;17
21270;3690;58;18;17;0;0;18;17
21271;3708;58;18;17;0;0;18;17
21280;3726;58;18;17;0;0;18;17
21305;3744;58;18;17;0;0;18;17
21306;3762;58;18;17;0;0;18;17
21307;3780;58;18;17;0;0;18;17
21311;3798;58;18;17;0;0;18;17
21313;3816;58;18;17;0;0;18;17
21315;3834;58;18;17;0;0;18;17
21319;3852;58;18;17;0;0;18;17
21320;3870;58;18;17;0;0;18;17
21322;3888;58;18;17;0;0;18;17
21329;3906;58;18;17;0;0;18;17
21330;3924;58;18;17;0;0;18;17
21331;3942;58;18;17;0;0;18;17
21332;3960;58;18;17;0;0;18;17
21335;3978;58;18;17;0;0;18;17
21336;3996;58;18;17;0;0;18;17
21338;4014;58;18;17;0;0;18;17
21344;4032;58;18;17;0;0;18;17
21360;4050;58;18;17;0;0;18;17
21361;4068;58;18;17;0;0;18;17
21363;0;76;18;17;0;0;18;17
21364;18;76;18;17;0;0;18;17
21365;36;76;18;17;0;0;18;17
21368;54;76;18;17;0;0;18;17
21380;72;76;18;17;0;0;18;17
21400;90;76;18;17;0;0;18;17
21402;108;76;18;17;0;0;18;17
21407;126;76;18;17;0;0;18;17
21427;144;76;18;17;0;0;18;17
21435;162;76;18;17;0;0;18;17
21442;180;76;18;17;0;0;18;17
21448;198;76;18;17;0;0;18;17
21450;216;76;18;17;0;0;18;17
21451;234;76;18;17;0;0;18;17
21452;252;76;18;17;0;0;18;17
21453;270;76;18;17;0;0;18;17
21454;288;76;18;17;0;0;18;17
21460;306;76;18;17;0;0;18;17
21462;324;76;18;17;0;0;18;17
21463;342;76;18;17;0;0;18;17
21465;360;76;18;17;0;0;18;17
21475;378;76;18;17;0;0;18;17
21476;396;76;18;17;0;0;18;17
21477;414;76;18;17;0;0;18;17
21483;432;76;18;17;0;0;18;17
21484;450;76;18;17;0;0;18;17
21487;468;76;18;17;0;0;18;17
21488;486;76;18;17;0;0;18;17
21490;504;76;18;17;0;0;18;17
21491;522;76;18;17;0;0;18;17
21495;540;76;18;17;0;0;18;17
21496;558;76;18;17;0;0;18;17
21508;576;76;18;17;0;0;18;17
21512;594;76;18;17;0;0;18;17
21513;612;76;18;17;0;0;18;17
21516;630;76;18;17;0;0;18;17
21517;648;76;18;17;0;0;18;17
21518;666;76;18;17;0;0;18;17
21519;684;76;18;17;0;0;18;17
21520;702;76;18;17;0;0;18;17
21521;720;76;18;17;0;0;18;17
21531;738;76;18;17;0;0;18;17
21535;756;76;18;17;0;0;18;17
21542;774;76;18;17;0;0;18;17
21547;792;76;18;17;0;0;18;17
21560;810;76;18;17;0;0;18;17
21561;828;76;18;17;0;0;18;17
21570;846;76;18;17;0;0;18;17
21576;864;76;18;17;0;0;18;17
21577;882;76;18;17;0;0;18;17
21578;900;76;18;17;0;0;18;17
21608;918;76;18;17;0;0;18;17
21610;936;76;18;17;0;0;18;17
21619;954;76;18;17;0;0;18;17
21628;972;76;18;17;0;0;18;17
21629;990;76;18;17;0;0;18;17
21644;1008;76;18;17;0;0;18;17
21682;1026;76;18;17;0;0;18;17
21693;1044;76;18;17;0;0;18;17
21696;1062;76;18;17;0;0;18;17
21697;1080;76;18;17;0;0;18;17
21729;1098;76;18;17;0;0;18;17
21746;1116;76;18;17;0;0;18;17
21754;1134;76;18;17;0;0;18;17
21764;1152;76;18;17;0;0;18;17
21766;1170;76;18;17;0;0;18;17
21767;1188;76;18;17;0;0;18;17
21776;1206;76;18;17;0;0;18;17
21807;1224;76;18;17;0;0;18;17
21809;1242;76;18;17;0;0;18;17
21822;1260;76;18;17;0;0;18;17
21830;1278;76;18;17;0;0;18;17
21839;1296;76;18;17;0;0;18;17
21843;1314;76;18;17;0;0;18;17
21892;1332;76;18;17;0;0;18;17
21897;1350;76;18;17;0;0;18;17
21914;1368;76;18;17;0;0;18;17
21916;1386;76;18;17;0;0;18;17
21917;1404;76;18;17;0;0;18;17
21929;1422;76;18;17;0;0;18;17
21930;1440;76;18;17;0;0;18;17
21931;1458;76;18;17;0;0;18;17
21942;1476;76;18;17;0;0;18;17
21957;1494;76;18;17;0;0;18;17
21987;1512;76;18;17;0;0;18;17
22022;1530;76;18;17;0;0;18;17
22065;1548;76;18;17;0;0;18;17
22066;1566;76;18;17;0;0;18;17
22120;1584;76;18;17;0;0;18;17
22132;1602;76;18;17;0;0;18;17
22151;1620;76;18;17;0;0;18;17
22234;1638;76;18;17;0;0;18;17
22235;1656;76;18;17;0;0;18;17
22238;1674;76;18;17;0;0;18;17
22240;1692;76;18;17;0;0;18;17
22243;1710;76;18;17;0;0;18;17
22256;1728;76;18;17;0;0;18;17
22258;1746;76;18;17;0;0;18;17
22259;1764;76;18;17;0;0;18;17
22266;1782;76;18;17;0;0;18;17
22269;1800;76;18;17;0;0;18;17
22287;1818;76;18;17;0;0;18;17
22290;1836;76;18;17;0;0;18;17
22303;1854;76;18;17;0;0;18;17
22311;1872;76;18;17;0;0;18;17
22312;1890;76;18;17;0;0;18;17
22320;1908;76;18;17;0;0;18;17
22338;1926;76;18;17;0;0;18;17
22343;1944;76;18;17;0;0;18;17
22346;1962;76;18;17;0;0;18;17
22353;1980;76;18;17;0;0;18;17
22378;1998;76;18;17;0;0;18;17
22402;2016;76;18;17;0;0;18;17
22411;2034;76;18;17;0;0;18;17
22435;2052;76;18;17;0;0;18;17
22475;2070;76;18;17;0;0;18;17
22478;2088;76;18;17;0;0;18;17
22495;2106;76;18;17;0;0;18;17
22519;2124;76;18;17;0;0;18;17
22521;2142;76;18;17;0;0;18;17
22522;2160;76;18;17;0;0;18;17
22524;2178;76;18;17;0;0;18;17
22528;2196;76;18;17;0;0;18;17
22530;2214;76;18;17;0;0;18;17
22533;2232;76;18;17;0;0;18;17
22534;2250;76;18;17;0;0;18;17
22549;2268;76;18;17;0;0;18;17
22564;2286;76;18;17;0;0;18;17
22570;2304;76;18;17;0;0;18;17
22577;2322;76;18;17;0;0;18;17
22580;2340;76;18;17;0;0;18;17
22592;2358;76;18;17;0;0;18;17
22593;2376;76;18;17;0;0;18;17
22602;2394;76;18;17;0;0;18;17
22609;2412;76;18;17;0;0;18;17
22612;2430;76;18;17;0;0;18;17
22615;2448;76;18;17;0;0;18;17
22618;2466;76;18;17;0;0;18;17
22622;2484;76;18;17;0;0;18;17
22625;2502;76;18;17;0;0;18;17
22633;2520;76;18;17;0;0;18;17
22654;2538;76;18;17;0;0;18;17
22659;2556;76;18;17;0;0;18;17
22675;2574;76;18;17;0;0;18;17
22679;2592;76;18;17;0;0;18;17
22684;2610;76;18;17;0;0;18;17
22696;2628;76;18;17;0;0;18;17
22707;2646;76;18;17;0;0;18;17
22718;2664;76;18;17;0;0;18;17
22721;2682;76;18;17;0;0;18;17
22727;2700;76;18;17;0;0;18;17
22730;2718;76;18;17;0;0;18;17
22732;2736;76;18;17;0;0;18;17
22763;2754;76;18;17;0;0;18;17
22766;2772;76;18;17;0;0;18;17
22768;2790;76;18;17;0;0;18;17
22769;2808;76;18;17;0;0;18;17
22770;2826;76;18;17;0;0;18;17
22793;2844;76;18;17;0;0;18;17
22799;2862;76;18;17;0;0;18;17
22805;2880;76;18;17;0;0;18;17
22806;2898;76;18;17;0;0;18;17
22810;2916;76;18;17;0;0;18;17
22812;2934;76;18;17;0;0;18;17
22818;2952;76;18;17;0;0;18;17
22823;2970;76;18;17;0;0;18;17
22825;2988;76;18;17;0;0;18;17
22826;3006;76;18;17;0;0;18;17
22827;3024;76;18;17;0;0;18;17
22830;3042;76;18;17;0;0;18;17
22833;3060;76;18;17;0;0;18;17
22855;3078;76;18;17;0;0;18;17
22856;3096;76;18;17;0;0;18;17
22857;3114;76;18;17;0;0;18;17
22863;3132;76;18;17;0;0;18;17
22865;3150;76;18;17;0;0;18;17
22868;3168;76;18;17;0;0;18;17
22885;3186;76;18;17;0;0;18;17
22888;3204;76;18;17;0;0;18;17
22890;3222;76;18;17;0;0;18;17
22894;3240;76;18;17;0;0;18;17
22899;3258;76;18;17;0;0;18;17
22900;3276;76;18;17;0;0;18;17
22909;3294;76;18;17;0;0;18;17
22914;3312;76;18;17;0;0;18;17
22915;3330;76;18;17;0;0;18;17
22916;3348;76;18;17;0;0;18;17
22922;3366;76;18;17;0;0;18;17
22934;3384;76;18;17;0;0;18;17
22937;3402;76;18;17;0;0;18;17
22949;3420;76;18;17;0;0;18;17
22952;3438;76;18;17;0;0;18;17
22956;3456;76;18;17;0;0;18;17
22969;3474;76;18;17;0;0;18;17
22971;3492;76;18;17;0;0;18;17
22985;3510;76;18;17;0;0;18;17
22987;3528;76;18;17;0;0;18;17
22995;3546;76;18;17;0;0;18;17
22996;3564;76;18;17;0;0;18;17
23019;3582;76;18;17;0;0;18;17
23035;3600;76;18;17;0;0;18;17
23039;3618;76;18;17;0;0;18;17
23041;3636;76;18;17;0;0;18;17
23064;3654;76;18;17;0;0;18;17
23072;3672;76;18;17;0;0;18;17
23087;3690;76;18;17;0;0;18;17
23110;3708;76;18;17;0;0;18;17
23130;3726;76;18;17;0;0;18;17
23142;3744;76;18;17;0;0;18;17
23167;3762;76;18;17;0;0;18;17
23186;3780;76;18;17;0;0;18;17
23195;3798;76;18;17;0;0;18;17
23233;3816;76;18;17;0;0;18;17
23241;3834;76;18;17;0;0;18;17
23244;3852;76;18;17;0;0;18;17
23265;3870;76;18;17;0;0;18;17
23330;3888;76;18;17;0;0;18;17
23376;3906;76;18;17;0;0;18;17
23380;3924;76;18;17;0;0;18;17
23383;3942;76;18;17;0;0;18;17
23384;3960;76;18;17;0;0;18;17
23389;3978;76;18;17;0;0;18;17
23395;3996;76;18;17;0;0;18;17
23396;4014;76;18;17;0;0;18;17
23398;4032;76;18;17;0;0;18;17
23403;4050;76;18;17;0;0;18;17
23429;4068;76;18;17;0;0;18;17
23431;0;94;18;17;0;0;18;17
23432;18;94;18;17;0;0;18;17
23433;36;94;18;17;0;0;18;17
23436;54;94;18;17;0;0;18;17
23447;72;94;18;17;0;0;18;17
23448;90;94;18;17;0;0;18;17
23449;108;94;18;17;0;0;18;17
23450;126;94;18;17;0;0;18;17
23451;144;94;18;17;0;0;18;17
23452;162;94;18;17;0;0;18;17
23453;180;94;18;17;0;0;18;17
23455;198;94;18;17;0;0;18;17
23458;216;94;18;17;0;0;18;17
23459;234;94;18;17;0;0;18;17
23460;252;94;18;17;0;0;18;17
23470;270;94;18;17;0;0;18;17
23472;288;94;18;17;0;0;18;17
23475;306;94;18;17;0;0;18;17
23476;324;94;18;17;0;0;18;17
23477;342;94;18;17;0;0;18;17
23478;360;94;18;17;0;0;18;17
23481;378;94;18;17;0;0;18;17
23487;396;94;18;17;0;0;18;17
23490;414;94;18;17;0;0;18;17
23492;432;94;18;17;0;0;18;17
23494;450;94;18;17;0;0;18;17
23500;468;94;18;17;0;0;18;17
23506;486;94;18;17;0;0;18;17
23515;504;94;18;17;0;0;18;17
23517;522;94;18;17;0;0;18;17
23519;540;94;18;17;0;0;18;17
23521;558;94;18;17;0;0;18;17
23527;576;94;18;17;0;0;18;17
23529;594;94;18;17;0;0;18;17
23534;612;94;18;17;0;0;18;17
23544;630;94;18;17;0;0;18;17
23546;648;94;18;17;0;0;18;17
23550;666;94;18;17;0;0;18;17
23551;684;94;18;17;0;0;18;17
23553;702;94;18;17;0;0;18;17
23554;720;94;18;17;0;0;18;17
23556;738;94;18;17;0;0;18;17
23558;756;94;18;17;0;0;18;17
23561;774;94;18;17;0;0;18;17
23562;792;94;18;17;0;0;18;17
23563;810;94;18;17;0;0;18;17
23566;828;94;18;17;0;0;18;17
23567;846;94;18;17;0;0;18;17
23569;864;94;18;17;0;0;18;17
23578;882;94;18;17;0;0;18;17
23601;900;94;18;17;0;0;18;17
23610;918;94;18;17;0;0;18;17
23611;936;94;18;17;0;0;18;17
23612;954;94;18;17;0;0;18;17
23613;972;94;18;17;0;0;18;17
23614;990;94;18;17;0;0;18;17
23615;1008;94;18;17;0;0;18;17
23616;1026;94;18;17;0;0;18;17
23621;1044;94;18;17;0;0;18;17
23624;1062;94;18;17;0;0;18;17
23626;1080;94;18;17;0;0;18;17
23627;1098;94;18;17;0;0;18;17
23637;1116;94;18;17;0;0;18;17
23646;1134;94;18;17;0;0;18;17
23652;1152;94;18;17;0;0;18;17
23653;1170;94;18;17;0;0;18;17
23663;1188;94;18;17;0;0;18;17
23665;1206;94;18;17;0;0;18;17
23696;1224;94;18;17;0;0;18;17
23713;1242;94;18;17;0;0;18;17
23721;1260;94;18;17;0;0;18;17
23724;1278;94;18;17;0;0;18;17
23731;1296;94;18;17;0;0;18;17
23736;1314;94;18;17;0;0;18;17
23776;1332;94;18;17;0;0;18;17
23777;1350;94;18;17;0;0;18;17
23792;1368;94;18;17;0;0;18;17
23798;1386;94;18;17;0;0;18;17
23815;1404;94;18;17;0;0;18;17
23822;1422;94;18;17;0;0;18;17
23830;1440;94;18;17;0;0;18;17
23849;1458;94;18;17;0;0;18;17
23888;1476;94;18;17;0;0;18;17
24029;1494;94;18;17;0;0;18;17
24030;1512;94;18;17;0;0;18;17
24033;1530;94;18;17;0;0;18;17
24035;1548;94;18;17;0;0;18;17
24037;1566;94;18;17;0;0;18;17
24038;1584;94;18;17;0;0;18;17
24039;1602;94;18;17;0;0;18;17
24040;1620;94;18;17;0;0;18;17
24046;1638;94;18;17;0;0;18;17
24049;1656;94;18;17;0;0;18;17
24059;1674;94;18;17;0;0;18;17
24062;1692;94;18;17;0;0;18;17
24066;1710;94;18;17;0;0;18;17
24067;1728;94;18;17;0;0;18;17
24070;1746;94;18;17;0;0;18;17
24076;1764;94;18;17;0;0;18;17
24093;1782;94;18;17;0;0;18;17
24101;1800;94;18;17;0;0;18;17
24107;1818;94;18;17;0;0;18;17
24109;1836;94;18;17;0;0;18;17
24111;1854;94;18;17;0;0;18;17
24112;1872;94;18;17;0;0;18;17
24115;1890;94;18;17;0;0;18;17
24120;1908;94;18;17;0;0;18;17
24125;1926;94;18;17;0;0;18;17
24133;1944;94;18;17;0;0;18;17
24149;1962;94;18;17;0;0;18;17
24163;1980;94;18;17;0;0;18;17
24178;1998;94;18;17;0;0;18;17
24179;2016;94;18;17;0;0;18;17
24180;2034;94;18;17;0;0;18;17
24184;2052;94;18;17;0;0;18;17
24185;2070;94;18;17;0;0;18;17
24187;2088;94;18;17;0;0;18;17
24188;2106;94;18;17;0;0;18;17
24189;2124;94;18;17;0;0;18;17
24190;2142;94;18;17;0;0;18;17
24193;2160;94;18;17;0;0;18;17
24195;2178;94;18;17;0;0;18;17
24202;2196;94;18;17;0;0;18;17
24207;2214;94;18;17;0;0;18;17
24213;2232;94;18;17;0;0;18;17
24215;2250;94;18;17;0;0;18;17
24220;2268;94;18;17;0;0;18;17
24230;2286;94;18;17;0;0;18;17
24231;2304;94;18;17;0;0;18;17
24235;2322;94;18;17;0;0;18;17
24237;2340;94;18;17;0;0;18;17
24246;2358;94;18;17;0;0;18;17
24247;2376;94;18;17;0;0;18;17
24248;2394;94;18;17;0;0;18;17
24259;2412;94;18;17;0;0;18;17
24265;2430;94;18;17;0;0;18;17
24266;2448;94;18;17;0;0;18;17
24310;2466;94;18;17;0;0;18;17
24311;2484;94;18;17;0;0;18;17
24314;2502;94;18;17;0;0;18;17
24321;2520;94;18;17;0;0;18;17
24324;2538;94;18;17;0;0;18;17
24330;2556;94;18;17;0;0;18;17
24335;2574;94;18;17;0;0;18;17
24336;2592;94;18;17;0;0;18;17
24339;2610;94;18;17;0;0;18;17
24340;2628;94;18;17;0;0;18;17
24341;2646;94;18;17;0;0;18;17
24351;2664;94;18;17;0;0;18;17
24357;2682;94;18;17;0;0;18;17
24358;2700;94;18;17;0;0;18;17
24359;2718;94;18;17;0;0;18;17
24369;2736;94;18;17;0;0;18;17
24373;2754;94;18;17;0;0;18;17
24375;2772;94;18;17;0;0;18;17
24382;2790;94;18;17;0;0;18;17
24403;2808;94;18;17;0;0;18;17
24409;2826;94;18;17;0;0;18;17
24418;2844;94;18;17;0;0;18;17
24425;2862;94;18;17;0;0;18;17
24427;2880;94;18;17;0;0;18;17
24432;2898;94;18;17;0;0;18;17
24433;2916;94;18;17;0;0;18;17
24441;2934;94;18;17;0;0;18;17
24444;2952;94;18;17;0;0;18;17
24448;2970;94;18;17;0;0;18;17
24449;2988;94;18;17;0;0;18;17
24452;3006;94;18;17;0;0;18;17
24453;3024;94;18;17;0;0;18;17
24459;3042;94;18;17;0;0;18;17
24460;3060;94;18;17;0;0;18;17
24464;3078;94;18;17;0;0;18;17
24466;3096;94;18;17;0;0;18;17
24467;3114;94;18;17;0;0;18;17
24471;3132;94;18;17;0;0;18;17
24481;3150;94;18;17;0;0;18;17
24489;3168;94;18;17;0;0;18;17
24490;3186;94;18;17;0;0;18;17
24494;3204;94;18;17;0;0;18;17
24499;3222;94;18;17;0;0;18;17
24500;3240;94;18;17;0;0;18;17
24505;3258;94;18;17;0;0;18;17
24515;3276;94;18;17;0;0;18;17
24517;3294;94;18;17;0;0;18;17
24524;3312;94;18;17;0;0;18;17
24525;3330;94;18;17;0;0;18;17
24535;3348;94;18;17;0;0;18;17
24536;3366;94;18;17;0;0;18;17
24537;3384;94;18;17;0;0;18;17
24540;3402;94;18;17;0;0;18;17
24544;3420;94;18;17;0;0;18;17
24555;3438;94;18;17;0;0;18;17
24565;3456;94;18;17;0;0;18;17
24594;3474;94;18;17;0;0;18;17
24598;3492;94;18;17;0;0;18;17
24605;3510;94;18;17;0;0;18;17
24608;3528;94;18;17;0;0;18;17
24613;3546;94;18;17;0;0;18;17
24615;3564;94;18;17;0;0;18;17
24616;3582;94;18;17;0;0;18;17
24618;3600;94;18;17;0;0;18;17
24651;3618;94;18;17;0;0;18;17
24656;3636;94;18;17;0;0;18;17
24658;3654;94;18;17;0;0;18;17
24675;3672;94;18;17;0;0;18;17
24677;3690;94;18;17;0;0;18;17
24680;3708;94;18;17;0;0;18;17
24681;3726;94;18;17;0;0;18;17
24685;3744;94;18;17;0;0;18;17
24687;3762;94;18;17;0;0;18;17
24693;3780;94;18;17;0;0;18;17
24724;3798;94;18;17;0;0;18;17
24735;3816;94;18;17;0;0;18;17
24736;3834;94;18;17;0;0;18;17
24739;3852;94;18;17;0;0;18;17
24742;3870;94;18;17;0;0;18;17
24745;3888;94;18;17;0;0;18;17
24746;3906;94;18;17;0;0;18;17
24754;3924;94;18;17;0;0;18;17
24764;3942;94;18;17;0;0;18;17
24773;3960;94;18;17;0;0;18;17
24785;3978;94;18;17;0;0;18;17
24796;3996;94;18;17;0;0;18;17
24807;4014;94;18;17;0;0;18;17
24808;4032;94;18;17;0;0;18;17
24816;4050;94;18;17;0;0;18;17
24819;4068;94;18;17;0;0;18;17
24833;0;112;18;17;0;0;18;17
24841;18;112;18;17;0;0;18;17
24847;36;112;18;17;0;0;18;17
24858;54;112;18;17;0;0;18;17
24859;72;112;18;17;0;0;18;17
24863;90;112;18;17;0;0;18;17
24900;108;112;18;17;0;0;18;17
24904;126;112;18;17;0;0;18;17
24907;144;112;18;17;0;0;18;17
24908;162;112;18;17;0;0;18;17
24910;180;112;18;17;0;0;18;17
24917;198;112;18;17;0;0;18;17
24930;216;112;18;17;0;0;18;17
24931;234;112;18;17;0;0;18;17
24936;252;112;18;17;0;0;18;17
24942;270;112;18;17;0;0;18;17
24944;288;112;18;17;0;0;18;17
24950;306;112;18;17;0;0;18;17
24962;324;112;18;17;0;0;18;17
24974;342;112;18;17;0;0;18;17
24996;360;112;18;17;0;0;18;17
24999;378;112;18;17;0;0;18;17
25001;396;112;18;17;0;0;18;17
25004;414;112;18;17;0;0;18;17
25010;432;112;18;17;0;0;18;17
25014;450;112;18;17;0;0;18;17
25022;468;112;18;17;0;0;18;17
25031;486;112;18;17;0;0;18;17
25040;504;112;18;17;0;0;18;17
25074;522;112;18;17;0;0;18;17
25080;540;112;18;17;0;0;18;17
25104;558;112;18;17;0;0;18;17
25105;576;112;18;17;0;0;18;17
25106;594;112;18;17;0;0;18;17
25114;612;112;18;17;0;0;18;17
25126;630;112;18;17;0;0;18;17
25135;648;112;18;17;0;0;18;17
25140;666;112;18;17;0;0;18;17
25144;684;112;18;17;0;0;18;17
25147;702;112;18;17;0;0;18;17
25151;720;112;18;17;0;0;18;17
25152;738;112;18;17;0;0;18;17
25159;756;112;18;17;0;0;18;17
25161;774;112;18;17;0;0;18;17
25163;792;112;18;17;0;0;18;17
25165;810;112;18;17;0;0;18;17
25171;828;112;18;17;0;0;18;17
25173;846;112;18;17;0;0;18;17
25201;864;112;18;17;0;0;18;17
25206;882;112;18;17;0;0;18;17
25209;900;112;18;17;0;0;18;17
25215;918;112;18;17;0;0;18;17
25216;936;112;18;17;0;0;18;17
25220;954;112;18;17;0;0;18;17
25226;972;112;18;17;0;0;18;17
25233;990;112;18;17;0;0;18;17
25237;1008;112;18;17;0;0;18;17
25239;1026;112;18;17;0;0;18;17
25240;1044;112;18;17;0;0;18;17
25244;1062;112;18;17;0;0;18;17
25246;1080;112;18;17;0;0;18;17
25259;1098;112;18;17;0;0;18;17
25265;1116;112;18;17;0;0;18;17
25269;1134;112;18;17;0;0;18;17
25273;1152;112;18;17;0;0;18;17
25276;1170;112;18;17;0;0;18;17
25277;1188;112;18;17;0;0;18;17
25285;1206;112;18;17;0;0;18;17
25289;1224;112;18;17;0;0;18;17
25293;1242;112;18;17;0;0;18;17
25296;1260;112;18;17;0;0;18;17
25298;1278;112;18;17;0;0;18;17
25299;1296;112;18;17;0;0;18;17
25304;1314;112;18;17;0;0;18;17
25305;1332;112;18;17;0;0;18;17
25307;1350;112;18;17;0;0;18;17
25309;1368;112;18;17;0;0;18;17
25312;1386;112;18;17;0;0;18;17
25313;1404;112;18;17;0;0;18;17
25324;1422;112;18;17;0;0;18;17
25325;1440;112;18;17;0;0;18;17
25331;1458;112;18;17;0;0;18;17
25334;1476;112;18;17;0;0;18;17
25335;1494;112;18;17;0;0;18;17
25342;1512;112;18;17;0;0;18;17
25345;1530;112;18;17;0;0;18;17
25351;1548;112;18;17;0;0;18;17
25361;1566;112;18;17;0;0;18;17
25369;1584;112;18;17;0;0;18;17
25375;1602;112;18;17;0;0;18;17
25384;1620;112;18;17;0;0;18;17
25387;1638;112;18;17;0;0;18;17
25391;1656;112;18;17;0;0;18;17
25407;1674;112;18;17;0;0;18;17
25417;1692;112;18;17;0;0;18;17
25429;1710;112;18;17;0;0;18;17
25431;1728;112;18;17;0;0;18;17
25436;1746;112;18;17;0;0;18;17
25448;1764;112;18;17;0;0;18;17
25454;1782;112;18;17;0;0;18;17
25467;1800;112;18;17;0;0;18;17
25475;1818;112;18;17;0;0;18;17
25480;1836;112;18;17;0;0;18;17
25484;1854;112;18;17;0;0;18;17
25490;1872;112;18;17;0;0;18;17
25496;1890;112;18;17;0;0;18;17
25499;1908;112;18;17;0;0;18;17
25505;1926;112;18;17;0;0;18;17
25506;1944;112;18;17;0;0;18;17
25509;1962;112;18;17;0;0;18;17
25511;1980;112;18;17;0;0;18;17
25512;1998;112;18;17;0;0;18;17
25514;2016;112;18;17;0;0;18;17
25522;2034;112;18;17;0;0;18;17
25551;2052;112;18;17;0;0;18;17
25552;2070;112;18;17;0;0;18;17
25562;2088;112;18;17;0;0;18;17
25563;2106;112;18;17;0;0;18;17
25569;2124;112;18;17;0;0;18;17
25582;2142;112;18;17;0;0;18;17
25588;2160;112;18;17;0;0;18;17
25594;2178;112;18;17;0;0;18;17
25613;2196;112;18;17;0;0;18;17
25644;2214;112;18;17;0;0;18;17
25645;2232;112;18;17;0;0;18;17
25658;2250;112;18;17;0;0;18;17
25662;2268;112;18;17;0;0;18;17
25666;2286;112;18;17;0;0;18;17
25688;2304;112;18;17;0;0;18;17
25705;2322;112;18;17;0;0;18;17
25711;2340;112;18;17;0;0;18;17
25731;2358;112;18;17;0;0;18;17
25764;2376;112;18;17;0;0;18;17
25774;2394;112;18;17;0;0;18;17
25778;2412;112;18;17;0;0;18;17
25793;2430;112;18;17;0;0;18;17
25805;2448;112;18;17;0;0;18;17
25830;2466;112;18;17;0;0;18;17
25836;2484;112;18;17;0;0;18;17
25903;2502;112;18;17;0;0;18;17
25913;2520;112;18;17;0;0;18;17
25915;2538;112;18;17;0;0;18;17
25918;2556;112;18;17;0;0;18;17
25919;2574;112;18;17;0;0;18;17
25925;2592;112;18;17;0;0;18;17
25935;2610;112;18;17;0;0;18;17
25937;2628;112;18;17;0;0;18;17
25943;2646;112;18;17;0;0;18;17
25945;2664;112;18;17;0;0;18;17
25954;2682;112;18;17;0;0;18;17
25955;2700;112;18;17;0;0;18;17
25964;2718;112;18;17;0;0;18;17
25968;2736;112;18;17;0;0;18;17
25972;2754;112;18;17;0;0;18;17
25973;2772;112;18;17;0;0;18;17
25975;2790;112;18;17;0;0;18;17
25991;2808;112;18;17;0;0;18;17
25993;2826;112;18;17;0;0;18;17
25998;2844;112;18;17;0;0;18;17
26001;2862;112;18;17;0;0;18;17
26007;2880;112;18;17;0;0;18;17
26009;2898;112;18;17;0;0;18;17
26012;2916;112;18;17;0;0;18;17
26020;2934;112;18;17;0;0;18;17
26021;2952;112;18;17;0;0;18;17
26028;2970;112;18;17;0;0;18;17
26029;2988;112;18;17;0;0;18;17
26032;3006;112;18;17;0;0;18;17
26041;3024;112;18;17;0;0;18;17
26045;3042;112;18;17;0;0;18;17
26053;3060;112;18;17;0;0;18;17
26059;3078;112;18;17;0;0;18;17
26063;3096;112;18;17;0;0;18;17
26071;3114;112;18;17;0;0;18;17
26082;3132;112;18;17;0;0;18;17
26085;3150;112;18;17;0;0;18;17
26086;3168;112;18;17;0;0;18;17
26087;3186;112;18;17;0;0;18;17
26088;3204;112;18;17;0;0;18;17
26089;3222;112;18;17;0;0;18;17
26092;3240;112;18;17;0;0;18;17
26106;3258;112;18;17;0;0;18;17
26118;3276;112;18;17;0;0;18;17
26119;3294;112;18;17;0;0;18;17
26126;3312;112;18;17;0;0;18;17
26131;3330;112;18;17;0;0;18;17
26132;3348;112;18;17;0;0;18;17
26143;3366;112;18;17;0;0;18;17
26144;3384;112;18;17;0;0;18;17
26149;3402;112;18;17;0;0;18;17
26151;3420;112;18;17;0;0;18;17
26152;3438;112;18;17;0;0;18;17
26157;3456;112;18;17;0;0;18;17
26159;3474;112;18;17;0;0;18;17
26172;3492;112;18;17;0;0;18;17
26178;3510;112;18;17;0;0;18;17
26217;3528;112;18;17;0;0;18;17
26222;3546;112;18;17;0;0;18;17
26223;3564;112;18;17;0;0;18;17
26228;3582;112;18;17;0;0;18;17
26230;3600;112;18;17;0;0;18;17
26241;3618;112;18;17;0;0;18;17
26247;3636;112;18;17;0;0;18;17
26257;3654;112;18;17;0;0;18;17
26262;3672;112;18;17;0;0;18;17
26263;3690;112;18;17;0;0;18;17
26278;3708;112;18;17;0;0;18;17
26283;3726;112;18;17;0;0;18;17
26286;3744;112;18;17;0;0;18;17
26292;3762;112;18;17;0;0;18;17
26311;3780;112;18;17;0;0;18;17
26326;3798;112;18;17;0;0;18;17
26332;3816;112;18;17;0;0;18;17
26354;3834;112;18;17;0;0;18;17
26356;3852;112;18;17;0;0;18;17
26360;3870;112;18;17;0;0;18;17
26361;3888;112;18;17;0;0;18;17
26365;3906;112;18;17;0;0;18;17
26367;3924;112;18;17;0;0;18;17
26368;3942;112;18;17;0;0;18;17
26376;3960;112;18;17;0;0;18;17
26377;3978;112;18;17;0;0;18;17
26381;3996;112;18;17;0;0;18;17
26389;4014;112;18;17;0;0;18;17
26391;4032;112;18;17;0;0;18;17
26395;4050;112;18;17;0;0;18;17
26397;4068;112;18;17;0;0;18;17
26399;0;130;18;17;0;0;18;17
26408;18;130;18;17;0;0;18;17
26410;36;130;18;17;0;0;18;17
26411;54;130;18;17;0;0;18;17
26412;72;130;18;17;0;0;18;17
26413;90;130;18;17;0;0;18;17
26417;108;130;18;17;0;0;18;17
26420;126;130;18;17;0;0;18;17
26426;144;130;18;17;0;0;18;17
26429;162;130;18;17;0;0;18;17
26441;180;130;18;17;0;0;18;17
26448;198;130;18;17;0;0;18;17
26449;216;130;18;17;0;0;18;17
26463;234;130;18;17;0;0;18;17
26465;252;130;18;17;0;0;18;17
26469;270;130;18;17;0;0;18;17
26479;288;130;18;17;0;0;18;17
26481;306;130;18;17;0;0;18;17
26494;324;130;18;17;0;0;18;17
26495;342;130;18;17;0;0;18;17
26512;360;130;18;17;0;0;18;17
26517;378;130;18;17;0;0;18;17
26519;396;130;18;17;0;0;18;17
26522;414;130;18;17;0;0;18;17
26524;432;130;18;17;0;0;18;17
26525;450;130;18;17;0;0;18;17
26528;468;130;18;17;0;0;18;17
26530;486;130;18;17;0;0;18;17
26543;504;130;18;17;0;0;18;17
26550;522;130;18;17;0;0;18;17
26564;540;130;18;17;0;0;18;17
26576;558;130;18;17;0;0;18;17
26579;576;130;18;17;0;0;18;17
26580;594;130;18;17;0;0;18;17
26609;612;130;18;17;0;0;18;17
26611;630;130;18;17;0;0;18;17
26613;648;130;18;17;0;0;18;17
26619;666;130;18;17;0;0;18;17
26623;684;130;18;17;0;0;18;17
26627;702;130;18;17;0;0;18;17
26628;720;130;18;17;0;0;18;17
26643;738;130;18;17;0;0;18;17
26657;756;130;18;17;0;0;18;17
26666;774;130;18;17;0;0;18;17
26680;792;130;18;17;0;0;18;17
26681;810;130;18;17;0;0;18;17
26684;828;130;18;17;0;0;18;17
26685;846;130;18;17;0;0;18;17
26689;864;130;18;17;0;0;18;17
26691;882;130;18;17;0;0;18;17
26696;900;130;18;17;0;0;18;17
26705;918;130;18;17;0;0;18;17
26716;936;130;18;17;0;0;18;17
26719;954;130;18;17;0;0;18;17
26757;972;130;18;17;0;0;18;17
26775;990;130;18;17;0;0;18;17
26792;1008;130;18;17;0;0;18;17
26800;1026;130;18;17;0;0;18;17
26820;1044;130;18;17;0;0;18;17
26827;1062;130;18;17;0;0;18;17
26834;1080;130;18;17;0;0;18;17
26842;1098;130;18;17;0;0;18;17
26847;1116;130;18;17;0;0;18;17
26862;1134;130;18;17;0;0;18;17
26874;1152;130;18;17;0;0;18;17
26885;1170;130;18;17;0;0;18;17
26893;1188;130;18;17;0;0;18;17
26894;1206;130;18;17;0;0;18;17
26908;1224;130;18;17;0;0;18;17
26989;1242;130;18;17;0;0;18;17
26997;1260;130;18;17;0;0;18;17
26999;1278;130;18;17;0;0;18;17
27004;1296;130;18;17;0;0;18;17
27005;1314;130;18;17;0;0;18;17
27010;1332;130;18;17;0;0;18;17
27083;1350;130;18;17;0;0;18;17
27096;1368;130;18;17;0;0;18;17
27133;1386;130;18;17;0;0;18;17
27161;1404;130;18;17;0;0;18;17
27169;1422;130;18;17;0;0;18;17
27177;1440;130;18;17;0;0;18;17
27178;1458;130;18;17;0;0;18;17
27193;1476;130;18;17;0;0;18;17
27211;1494;130;18;17;0;0;18;17
27231;1512;130;18;17;0;0;18;17
27396;1530;130;18;17;0;0;18;17
27424;1548;130;18;17;0;0;18;17
27425;1566;130;18;17;0;0;18;17
27431;1584;130;18;17;0;0;18;17
27442;1602;130;18;17;0;0;18;17
27450;1620;130;18;17;0;0;18;17
27454;1638;130;18;17;0;0;18;17
27468;1656;130;18;17;0;0;18;17
27475;1674;130;18;17;0;0;18;17
27490;1692;130;18;17;0;0;18;17
27491;1710;130;18;17;0;0;18;17
27494;1728;130;18;17;0;0;18;17
27497;1746;130;18;17;0;0;18;17
27503;1764;130;18;17;0;0;18;17
27507;1782;130;18;17;0;0;18;17
27508;1800;130;18;17;0;0;18;17
27515;1818;130;18;17;0;0;18;17
27529;1836;130;18;17;0;0;18;17
27530;1854;130;18;17;0;0;18;17
27531;1872;130;18;17;0;0;18;17
27542;1890;130;18;17;0;0;18;17
27572;1908;130;18;17;0;0;18;17
27573;1926;130;18;17;0;0;18;17
27578;1944;130;18;17;0;0;18;17
27579;1962;130;18;17;0;0;18;17
27583;1980;130;18;17;0;0;18;17
27584;1998;130;18;17;0;0;18;17
27597;2016;130;18;17;0;0;18;17
27598;2034;130;18;17;0;0;18;17
27602;2052;130;18;17;0;0;18;17
27604;2070;130;18;17;0;0;18;17
27611;2088;130;18;17;0;0;18;17
27663;2106;130;18;17;0;0;18;17
27665;2124;130;18;17;0;0;18;17
27671;2142;130;18;17;0;0;18;17
27700;2160;130;18;17;0;0;18;17
27703;2178;130;18;17;0;0;18;17
27704;2196;130;18;17;0;0;18;17
27710;2214;130;18;17;0;0;18;17
27713;2232;130;18;17;0;0;18;17
27714;2250;130;18;17;0;0;18;17
27726;2268;130;18;17;0;0;18;17
27735;2286;130;18;17;0;0;18;17
27738;2304;130;18;17;0;0;18;17
27743;2322;130;18;17;0;0;18;17
27744;2340;130;18;17;0;0;18;17
27760;2358;130;18;17;0;0;18;17
27770;2376;130;18;17;0;0;18;17
27773;2394;130;18;17;0;0;18;17
27779;2412;130;18;17;0;0;18;17
27784;2430;130;18;17;0;0;18;17
27798;2448;130;18;17;0;0;18;17
27801;2466;130;18;17;0;0;18;17
27809;2484;130;18;17;0;0;18;17
27810;2502;130;18;17;0;0;18;17
27827;2520;130;18;17;0;0;18;17
27832;2538;130;18;17;0;0;18;17
27833;2556;130;18;17;0;0;18;17
27835;2574;130;18;17;0;0;18;17
27836;2592;130;18;17;0;0;18;17
27839;2610;130;18;17;0;0;18;17
27841;2628;130;18;17;0;0;18;17
27849;2646;130;18;17;0;0;18;17
27850;2664;130;18;17;0;0;18;17
27852;2682;130;18;17;0;0;18;17
27861;2700;130;18;17;0;0;18;17
27873;2718;130;18;17;0;0;18;17
27874;2736;130;18;17;0;0;18;17
27875;2754;130;18;17;0;0;18;17
27877;2772;130;18;17;0;0;18;17
27880;2790;130;18;17;0;0;18;17
27888;2808;130;18;17;0;0;18;17
27891;2826;130;18;17;0;0;18;17
27915;2844;130;18;17;0;0;18;17
27927;2862;130;18;17;0;0;18;17
27934;2880;130;18;17;0;0;18;17
27941;2898;130;18;17;0;0;18;17
27946;2916;130;18;17;0;0;18;17
27963;2934;130;18;17;0;0;18;17
27966;2952;130;18;17;0;0;18;17
27969;2970;130;18;17;0;0;18;17
27972;2988;130;18;17;0;0;18;17
27973;3006;130;18;17;0;0;18;17
27996;3024;130;18;17;0;0;18;17
28006;3042;130;18;17;0;0;18;17
28010;3060;130;18;17;0;0;18;17
28014;3078;130;18;17;0;0;18;17
28020;3096;130;18;17;0;0;18;17
28023;3114;130;18;17;0;0;18;17
28024;3132;130;18;17;0;0;18;17
28040;3150;130;18;17;0;0;18;17
28057;3168;130;18;17;0;0;18;17
28079;3186;130;18;17;0;0;18;17
28082;3204;130;18;17;0;0;18;17
28092;3222;130;18;17;0;0;18;17
28113;3240;130;18;17;0;0;18;17
28129;3258;130;18;17;0;0;18;17
28139;3276;130;18;17;0;0;18;17
28145;3294;130;18;17;0;0;18;17
28151;3312;130;18;17;0;0;18;17
28155;3330;130;18;17;0;0;18;17
28165;3348;130;18;17;0;0;18;17
28167;3366;130;18;17;0;0;18;17
28168;3384;130;18;17;0;0;18;17
28169;3402;130;18;17;0;0;18;17
28171;3420;130;18;17;0;0;18;17
28179;3438;130;18;17;0;0;18;17
28187;3456;130;18;17;0;0;18;17
28193;3474;130;18;17;0;0;18;17
28198;3492;130;18;17;0;0;18;17
28201;3510;130;18;17;0;0;18;17
28204;3528;130;18;17;0;0;18;17
28207;3546;130;18;17;0;0;18;17
28246;3564;130;18;17;0;0;18;17
28263;3582;130;18;17;0;0;18;17
28271;3600;130;18;17;0;0;18;17
28286;3618;130;18;17;0;0;18;17
28287;3636;130;18;17;0;0;18;17
28288;3654;130;18;17;0;0;18;17
28304;3672;130;18;17;0;0;18;17
28310;3690;130;18;17;0;0;18;17
28317;3708;130;18;17;0;0;18;17
28342;3726;130;18;17;0;0;18;17
28346;3744;130;18;17;0;0;18;17
28357;3762;130;18;17;0;0;18;17
28363;3780;130;18;17;0;0;18;17
28369;3798;130;18;17;0;0;18;17
28381;3816;130;18;17;0;0;18;17
28382;3834;130;18;17;0;0;18;17
28404;3852;130;18;17;0;0;18;17
28417;3870;130;18;17;0;0;18;17
28418;3888;130;18;17;0;0;18;17
28422;3906;130;18;17;0;0;18;17
28431;3924;130;18;17;0;0;18;17
28436;3942;130;18;17;0;0;18;17
28448;3960;130;18;17;0;0;18;17
28450;3978;130;18;17;0;0;18;17
28459;3996;130;18;17;0;0;18;17
28460;4014;130;18;17;0;0;18;17
28472;4032;130;18;17;0;0;18;17
28500;4050;130;18;17;0;0;18;17
28508;4068;130;18;17;0;0;18;17
28511;0;148;18;17;0;0;18;17
28516;18;148;18;17;0;0;18;17
28526;36;148;18;17;0;0;18;17
28528;54;148;18;17;0;0;18;17
28548;72;148;18;17;0;0;18;17
28608;90;148;18;17;0;0;18;17
28609;108;148;18;17;0;0;18;17
28611;126;148;18;17;0;0;18;17
28651;144;148;18;17;0;0;18;17
28655;162;148;18;17;0;0;18;17
28716;180;148;18;17;0;0;18;17
28779;198;148;18;17;0;0;18;17
28783;216;148;18;17;0;0;18;17
28784;234;148;18;17;0;0;18;17
28797;252;148;18;17;0;0;18;17
28809;270;148;18;17;0;0;18;17
28810;288;148;18;17;0;0;18;17
28814;306;148;18;17;0;0;18;17
28845;324;148;18;17;0;0;18;17
28857;342;148;18;17;0;0;18;17
28858;360;148;18;17;0;0;18;17
28872;378;148;18;17;0;0;18;17
28961;396;148;18;17;0;0;18;17
28966;414;148;18;17;0;0;18;17
28982;432;148;18;17;0;0;18;17
28988;450;148;18;17;0;0;18;17
29006;468;148;18;17;0;0;18;17
29017;486;148;18;17;0;0;18;17
29031;504;148;18;17;0;0;18;17
29033;522;148;18;17;0;0;18;17
29038;540;148;18;17;0;0;18;17
29066;558;148;18;17;0;0;18;17
29087;576;148;18;17;0;0;18;17
29105;594;148;18;17;0;0;18;17
29123;612;148;18;17;0;0;18;17
29157;630;148;18;17;0;0;18;17
29190;648;148;18;17;0;0;18;17
29226;666;148;18;17;0;0;18;17
29237;684;148;18;17;0;0;18;17
29238;702;148;18;17;0;0;18;17
29245;720;148;18;17;0;0;18;17
29255;738;148;18;17;0;0;18;17
29256;756;148;18;17;0;0;18;17
29273;774;148;18;17;0;0;18;17
29275;792;148;18;17;0;0;18;17
29287;810;148;18;17;0;0;18;17
29289;828;148;18;17;0;0;18;17
29298;846;148;18;17;0;0;18;17
29305;864;148;18;17;0;0;18;17
29344;882;148;18;17;0;0;18;17
29356;900;148;18;17;0;0;18;17
29359;918;148;18;17;0;0;18;17
29366;936;148;18;17;0;0;18;17
29378;954;148;18;17;0;0;18;17
29401;972;148;18;17;0;0;18;17
29417;990;148;18;17;0;0;18;17
29420;1008;148;18;17;0;0;18;17
29421;1026;148;18;17;0;0;18;17
29467;1044;148;18;17;0;0;18;17
29471;1062;148;18;17;0;0;18;17
29483;1080;148;18;17;0;0;18;17
29486;1098;148;18;17;0;0;18;17
29494;1116;148;18;17;0;0;18;17
29503;1134;148;18;17;0;0;18;17
29508;1152;148;18;17;0;0;18;17
29539;1170;148;18;17;0;0;18;17
29554;1188;148;18;17;0;0;18;17
29572;1206;148;18;17;0;0;18;17
29575;1224;148;18;17;0;0;18;17
29577;1242;148;18;17;0;0;18;17
29579;1260;148;18;17;0;0;18;17
29609;1278;148;18;17;0;0;18;17
29645;1296;148;18;17;0;0;18;17
29664;1314;148;18;17;0;0;18;17
29677;1332;148;18;17;0;0;18;17
29694;1350;148;18;17;0;0;18;17
29699;1368;148;18;17;0;0;18;17
29702;1386;148;18;17;0;0;18;17
29748;1404;148;18;17;0;0;18;17
29792;1422;148;18;17;0;0;18;17
29827;1440;148;18;17;0;0;18;17
29863;1458;148;18;17;0;0;18;17
29872;1476;148;18;17;0;0;18;17
29885;1494;148;18;17;0;0;18;17
29926;1512;148;18;17;0;0;18;17
29942;1530;148;18;17;0;0;18;17
29976;1548;148;18;17;0;0;18;17
29978;1566;148;18;17;0;0;18;17
29983;1584;148;18;17;0;0;18;17
29987;1602;148;18;17;0;0;18;17
29992;1620;148;18;17;0;0;18;17
30000;1638;148;18;17;0;0;18;17
30001;1656;148;18;17;0;0;18;17
30002;1674;148;18;17;0;0;18;17
30003;1692;148;18;17;0;0;18;17
30007;1710;148;18;17;0;0;18;17
30010;1728;148;18;17;0;0;18;17
30011;1746;148;18;17;0;0;18;17
30028;1764;148;18;17;0;0;18;17
30031;1782;148;18;17;0;0;18;17
30033;1800;148;18;17;0;0;18;17
30036;1818;148;18;17;0;0;18;17
30041;1836;148;18;17;0;0;18;17
30044;1854;148;18;17;0;0;18;17
30045;1872;148;18;17;0;0;18;17
30053;1890;148;18;17;0;0;18;17
30058;1908;148;18;17;0;0;18;17
30064;1926;148;18;17;0;0;18;17
30067;1944;148;18;17;0;0;18;17
30079;1962;148;18;17;0;0;18;17
30094;1980;148;18;17;0;0;18;17
30097;1998;148;18;17;0;0;18;17
30123;2016;148;18;17;0;0;18;17
30130;2034;148;18;17;0;0;18;17
30142;2052;148;18;17;0;0;18;17
30149;2070;148;18;17;0;0;18;17
30151;2088;148;18;17;0;0;18;17
30165;2106;148;18;17;0;0;18;17
30168;2124;148;18;17;0;0;18;17
30171;2142;148;18;17;0;0;18;17
30178;2160;148;18;17;0;0;18;17
30185;2178;148;18;17;0;0;18;17
30196;2196;148;18;17;0;0;18;17
30221;2214;148;18;17;0;0;18;17
30274;2232;148;18;17;0;0;18;17
30290;2250;148;18;17;0;0;18;17
30294;2268;148;18;17;0;0;18;17
30330;2286;148;18;17;0;0;18;17
30331;2304;148;18;17;0;0;18;17
30333;2322;148;18;17;0;0;18;17
30334;2340;148;18;17;0;0;18;17
30340;2358;148;18;17;0;0;18;17
30342;2376;148;18;17;0;0;18;17
30343;2394;148;18;17;0;0;18;17
30382;2412;148;18;17;0;0;18;17
30399;2430;148;18;17;0;0;18;17
30406;2448;148;18;17;0;0;18;17
30410;2466;148;18;17;0;0;18;17
30423;2484;148;18;17;0;0;18;17
30427;2502;148;18;17;0;0;18;17
30431;2520;148;18;17;0;0;18;17
30435;2538;148;18;17;0;0;18;17
30436;2556;148;18;17;0;0;18;17
30446;2574;148;18;17;0;0;18;17
30450;2592;148;18;17;0;0;18;17
30452;2610;148;18;17;0;0;18;17
30456;2628;148;18;17;0;0;18;17
30462;2646;148;18;17;0;0;18;17
30465;2664;148;18;17;0;0;18;17
30473;2682;148;18;17;0;0;18;17
30475;2700;148;18;17;0;0;18;17
30476;2718;148;18;17;0;0;18;17
30495;2736;148;18;17;0;0;18;17
30496;2754;148;18;17;0;0;18;17
30522;2772;148;18;17;0;0;18;17
30524;2790;148;18;17;0;0;18;17
30528;2808;148;18;17;0;0;18;17
30561;2826;148;18;17;0;0;18;17
30563;2844;148;18;17;0;0;18;17
30566;2862;148;18;17;0;0;18;17
30636;2880;148;18;17;0;0;18;17
30637;2898;148;18;17;0;0;18;17
30643;2916;148;18;17;0;0;18;17
30683;2934;148;18;17;0;0;18;17
30690;2952;148;18;17;0;0;18;17
30693;2970;148;18;17;0;0;18;17
30701;2988;148;18;17;0;0;18;17
30703;3006;148;18;17;0;0;18;17
30707;3024;148;18;17;0;0;18;17
30722;3042;148;18;17;0;0;18;17
30740;3060;148;18;17;0;0;18;17
30741;3078;148;18;17;0;0;18;17
30770;3096;148;18;17;0;0;18;17
30772;3114;148;18;17;0;0;18;17
30813;3132;148;18;17;0;0;18;17
30827;3150;148;18;17;0;0;18;17
30828;3168;148;18;17;0;0;18;17
30849;3186;148;18;17;0;0;18;17
30865;3204;148;18;17;0;0;18;17
30906;3222;148;18;17;0;0;18;17
30913;3240;148;18;17;0;0;18;17
30952;3258;148;18;17;0;0;18;17
30977;3276;148;18;17;0;0;18;17
30990;3294;148;18;17;0;0;18;17
31034;3312;148;18;17;0;0;18;17
31036;3330;148;18;17;0;0;18;17
31038;3348;148;18;17;0;0;18;17
31048;3366;148;18;17;0;0;18;17
31049;3384;148;18;17;0;0;18;17
31062;3402;148;18;17;0;0;18;17
31069;3420;148;18;17;0;0;18;17
31070;3438;148;18;17;0;0;18;17
31077;3456;148;18;17;0;0;18;17
31080;3474;148;18;17;0;0;18;17
31085;3492;148;18;17;0;0;18;17
31105;3510;148;18;17;0;0;18;17
31109;3528;148;18;17;0;0;18;17
31117;3546;148;18;17;0;0;18;17
31119;3564;148;18;17;0;0;18;17
31168;3582;148;18;17;0;0;18;17
31169;3600;148;18;17;0;0;18;17
31179;3618;148;18;17;0;0;18;17
31185;3636;148;18;17;0;0;18;17
31186;3654;148;18;17;0;0;18;17
31192;3672;148;18;17;0;0;18;17
31199;3690;148;18;17;0;0;18;17
31209;3708;148;18;17;0;0;18;17
31216;3726;148;18;17;0;0;18;17
31227;3744;148;18;17;0;0;18;17
31243;3762;148;18;17;0;0;18;17
31246;3780;148;18;17;0;0;18;17
31258;3798;148;18;17;0;0;18;17
31278;3816;148;18;17;0;0;18;17
31282;3834;148;18;17;0;0;18;17
31292;3852;148;18;17;0;0;18;17
31293;3870;148;18;17;0;0;18;17
31295;3888;148;18;17;0;0;18;17
31296;3906;148;18;17;0;0;18;17
31298;3924;148;18;17;0;0;18;17
31309;3942;148;18;17;0;0;18;17
31311;3960;148;18;17;0;0;18;17
31339;3978;148;18;17;0;0;18;17
31348;3996;148;18;17;0;0;18;17
31350;4014;148;18;17;0;0;18;17
31354;4032;148;18;17;0;0;18;17
31361;4050;148;18;17;0;0;18;17
31363;4068;148;18;17;0;0;18;17
31378;0;166;18;17;0;0;18;17
31379;18;166;18;17;0;0;18;17
31391;36;166;18;17;0;0;18;17
31406;54;166;18;17;0;0;18;17
31407;72;166;18;17;0;0;18;17
31435;90;166;18;17;0;0;18;17
31452;108;166;18;17;0;0;18;17
31456;126;166;18;17;0;0;18;17
31461;144;166;18;17;0;0;18;17
31471;162;166;18;17;0;0;18;17
31478;180;166;18;17;0;0;18;17
31481;198;166;18;17;0;0;18;17
31505;216;166;18;17;0;0;18;17
31515;234;166;18;17;0;0;18;17
31526;252;166;18;17;0;0;18;17
31532;270;166;18;17;0;0;18;17
31558;288;166;18;17;0;0;18;17
31561;306;166;18;17;0;0;18;17
31563;324;166;18;17;0;0;18;17
31570;342;166;18;17;0;0;18;17
31572;360;166;18;17;0;0;18;17
31574;378;166;18;17;0;0;18;17
31623;396;166;18;17;0;0;18;17
31627;414;166;18;17;0;0;18;17
31639;432;166;18;17;0;0;18;17
31649;450;166;18;17;0;0;18;17
31665;468;166;18;17;0;0;18;17
31672;486;166;18;17;0;0;18;17
31680;504;166;18;17;0;0;18;17
31684;522;166;18;17;0;0;18;17
31689;540;166;18;17;0;0;18;17
31716;558;166;18;17;0;0;18;17
31777;576;166;18;17;0;0;18;17
31807;594;166;18;17;0;0;18;17
31821;612;166;18;17;0;0;18;17
31840;630;166;18;17;0;0;18;17
31859;648;166;18;17;0;0;18;17
31881;666;166;18;17;0;0;18;17
31883;684;166;18;17;0;0;18;17
31890;702;166;18;17;0;0;18;17
31895;720;166;18;17;0;0;18;17
31896;738;166;18;17;0;0;18;17
31899;756;166;18;17;0;0;18;17
31911;774;166;18;17;0;0;18;17
31934;792;166;18;17;0;0;18;17
31958;810;166;18;17;0;0;18;17
31975;828;166;18;17;0;0;18;17
31992;846;166;18;17;0;0;18;17
31995;864;166;18;17;0;0;18;17
31998;882;166;18;17;0;0;18;17
32000;900;166;18;17;0;0;18;17
32004;918;166;18;17;0;0;18;17
32005;936;166;18;17;0;0;18;17
32011;954;166;18;17;0;0;18;17
32013;972;166;18;17;0;0;18;17
32020;990;166;18;17;0;0;18;17
32025;1008;166;18;17;0;0;18;17
32026;1026;166;18;17;0;0;18;17
32027;1044;166;18;17;0;0;18;17
32032;1062;166;18;17;0;0;18;17
32033;1080;166;18;17;0;0;18;17
32034;1098;166;18;17;0;0;18;17
32043;1116;166;18;17;0;0;18;17
32047;1134;166;18;17;0;0;18;17
32048;1152;166;18;17;0;0;18;17
32051;1170;166;18;17;0;0;18;17
32057;1188;166;18;17;0;0;18;17
32058;1206;166;18;17;0;0;18;17
32066;1224;166;18;17;0;0;18;17
32068;1242;166;18;17;0;0;18;17
32076;1260;166;18;17;0;0;18;17
32080;1278;166;18;17;0;0;18;17
32094;1296;166;18;17;0;0;18;17
32097;1314;166;18;17;0;0;18;17
32102;1332;166;18;17;0;0;18;17
32113;1350;166;18;17;0;0;18;17
32117;1368;166;18;17;0;0;18;17
32118;1386;166;18;17;0;0;18;17
32121;1404;166;18;17;0;0;18;17
32153;1422;166;18;17;0;0;18;17
32154;1440;166;18;17;0;0;18;17
32173;1458;166;18;17;0;0;18;17
32177;1476;166;18;17;0;0;18;17
32178;1494;166;18;17;0;0;18;17
32187;1512;166;18;17;0;0;18;17
32191;1530;166;18;17;0;0;18;17
32202;1548;166;18;17;0;0;18;17
32207;1566;166;18;17;0;0;18;17
32209;1584;166;18;17;0;0;18;17
32210;1602;166;18;17;0;0;18;17
32218;1620;166;18;17;0;0;18;17
32224;1638;166;18;17;0;0;18;17
32232;1656;166;18;17;0;0;18;17
32233;1674;166;18;17;0;0;18;17
32239;1692;166;18;17;0;0;18;17
32244;1710;166;18;17;0;0;18;17
32251;1728;166;18;17;0;0;18;17
32257;1746;166;18;17;0;0;18;17
32260;1764;166;18;17;0;0;18;17
32283;1782;166;18;17;0;0;18;17
32294;1800;166;18;17;0;0;18;17
32299;1818;166;18;17;0;0;18;17
32302;1836;166;18;17;0;0;18;17
32318;1854;166;18;17;0;0;18;17
32321;1872;166;18;17;0;0;18;17
32330;1890;166;18;17;0;0;18;17
32340;1908;166;18;17;0;0;18;17
32341;1926;166;18;17;0;0;18;17
32365;1944;166;18;17;0;0;18;17
32368;1962;166;18;17;0;0;18;17
32566;1980;166;18;17;0;0;18;17
32618;1998;166;18;17;0;0;18;17
32622;2016;166;18;17;0;0;18;17
32624;2034;166;18;17;0;0;18;17
32626;2052;166;18;17;0;0;18;17
32629;2070;166;18;17;0;0;18;17
32631;2088;166;18;17;0;0;18;17
32645;2106;166;18;17;0;0;18;17
32650;2124;166;18;17;0;0;18;17
32654;2142;166;18;17;0;0;18;17
32670;2160;166;18;17;0;0;18;17
32676;2178;166;18;17;0;0;18;17
32680;2196;166;18;17;0;0;18;17
32681;2214;166;18;17;0;0;18;17
32701;2232;166;18;17;0;0;18;17
32705;2250;166;18;17;0;0;18;17
32716;2268;166;18;17;0;0;18;17
32722;2286;166;18;17;0;0;18;17
32763;2304;166;18;17;0;0;18;17
32764;2322;166;18;17;0;0;18;17
32769;2340;166;18;17;0;0;18;17
32771;2358;166;18;17;0;0;18;17
32773;2376;166;18;17;0;0;18;17
32784;2394;166;18;17;0;0;18;17
32789;2412;166;18;17;0;0;18;17
32791;2430;166;18;17;0;0;18;17
32819;2448;166;18;17;0;0;18;17
32854;2466;166;18;17;0;0;18;17
32862;2484;166;18;17;0;0;18;17
32884;2502;166;18;17;0;0;18;17
32887;2520;166;18;17;0;0;18;17
32905;2538;166;18;17;0;0;18;17
32908;2556;166;18;17;0;0;18;17
32918;2574;166;18;17;0;0;18;17
32920;2592;166;18;17;0;0;18;17
32925;2610;166;18;17;0;0;18;17
32929;2628;166;18;17;0;0;18;17
32930;2646;166;18;17;0;0;18;17
32933;2664;166;18;17;0;0;18;17
32937;2682;166;18;17;0;0;18;17
32938;2700;166;18;17;0;0;18;17
32943;2718;166;18;17;0;0;18;17
32946;2736;166;18;17;0;0;18;17
32954;2754;166;18;17;0;0;18;17
32963;2772;166;18;17;0;0;18;17
32966;2790;166;18;17;0;0;18;17
32972;2808;166;18;17;0;0;18;17
32974;2826;166;18;17;0;0;18;17
32990;2844;166;18;17;0;0;18;17
33012;2862;166;18;17;0;0;18;17
33016;2880;166;18;17;0;0;18;17
33021;2898;166;18;17;0;0;18;17
33026;2916;166;18;17;0;0;18;17
33029;2934;166;18;17;0;0;18;17
33031;2952;166;18;17;0;0;18;17
33032;2970;166;18;17;0;0;18;17
33034;2988;166;18;17;0;0;18;17
33050;3006;166;18;17;0;0;18;17
33073;3024;166;18;17;0;0;18;17
33075;3042;166;18;17;0;0;18;17
33102;3060;166;18;17;0;0;18;17
33104;3078;166;18;17;0;0;18;17
33109;3096;166;18;17;0;0;18;17
33131;3114;166;18;17;0;0;18;17
33136;3132;166;18;17;0;0;18;17
33144;3150;166;18;17;0;0;18;17
33145;3168;166;18;17;0;0;18;17
33146;3186;166;18;17;0;0;18;17
33178;3204;166;18;17;0;0;18;17
33180;3222;166;18;17;0;0;18;17
33181;3240;166;18;17;0;0;18;17
33192;3258;166;18;17;0;0;18;17
33203;3276;166;18;17;0;0;18;17
33222;3294;166;18;17;0;0;18;17
33235;3312;166;18;17;0;0;18;17
33251;3330;166;18;17;0;0;18;17
33256;3348;166;18;17;0;0;18;17
33258;3366;166;18;17;0;0;18;17
33261;3384;166;18;17;0;0;18;17
33267;3402;166;18;17;0;0;18;17
33268;3420;166;18;17;0;0;18;17
33276;3438;166;18;17;0;0;18;17
33288;3456;166;18;17;0;0;18;17
33292;3474;166;18;17;0;0;18;17
33294;3492;166;18;17;0;0;18;17
33303;3510;166;18;17;0;0;18;17
33310;3528;166;18;17;0;0;18;17
33311;3546;166;18;17;0;0;18;17
33322;3564;166;18;17;0;0;18;17
33324;3582;166;18;17;0;0;18;17
33334;3600;166;18;17;0;0;18;17
33335;3618;166;18;17;0;0;18;17
33337;3636;166;18;17;0;0;18;17
33351;3654;166;18;17;0;0;18;17
33382;3672;166;18;17;0;0;18;17
33391;3690;166;18;17;0;0;18;17
33394;3708;166;18;17;0;0;18;17
33398;3726;166;18;17;0;0;18;17
33419;3744;166;18;17;0;0;18;17
33437;3762;166;18;17;0;0;18;17
33455;3780;166;18;17;0;0;18;17
33457;3798;166;18;17;0;0;18;17
33459;3816;166;18;17;0;0;18;17
33464;3834;166;18;17;0;0;18;17
33469;3852;166;18;17;0;0;18;17
33495;3870;166;18;17;0;0;18;17
33499;3888;166;18;17;0;0;18;17
33509;3906;166;18;17;0;0;18;17
33510;3924;166;18;17;0;0;18;17
33521;3942;166;18;17;0;0;18;17
33538;3960;166;18;17;0;0;18;17
33550;3978;166;18;17;0;0;18;17
33576;3996;166;18;17;0;0;18;17
33590;4014;166;18;17;0;0;18;17
33609;4032;166;18;17;0;0;18;17
33618;4050;166;18;17;0;0;18;17
33624;4068;166;18;17;0;0;18;17
33655;0;184;18;17;0;0;18;17
33738;18;184;18;17;0;0;18;17
33740;36;184;18;17;0;0;18;17
33747;54;184;18;17;0;0;18;17
33756;72;184;18;17;0;0;18;17
33775;90;184;18;17;0;0;18;17
33806;108;184;18;17;0;0;18;17
33853;126;184;18;17;0;0;18;17
33865;144;184;18;17;0;0;18;17
33879;162;184;18;17;0;0;18;17
33883;180;184;18;17;0;0;18;17
33900;198;184;18;17;0;0;18;17
33976;216;184;18;17;0;0;18;17
33988;234;184;18;17;0;0;18;17
33995;252;184;18;17;0;0;18;17
34065;270;184;18;17;0;0;18;17
34101;288;184;18;17;0;0;18;17
34109;306;184;18;17;0;0;18;17
34180;324;184;18;17;0;0;18;17
34214;342;184;18;17;0;0;18;17
34218;360;184;18;17;0;0;18;17
34219;378;184;18;17;0;0;18;17
34220;396;184;18;17;0;0;18;17
34253;414;184;18;17;0;0;18;17
34276;432;184;18;17;0;0;18;17
34281;450;184;18;17;0;0;18;17
34299;468;184;18;17;0;0;18;17
34382;486;184;18;17;0;0;18;17
34384;504;184;18;17;0;0;18;17
34394;522;184;18;17;0;0;18;17
34396;540;184;18;17;0;0;18;17
34398;558;184;18;17;0;0;18;17
34411;576;184;18;17;0;0;18;17
34425;594;184;18;17;0;0;18;17
34442;612;184;18;17;0;0;18;17
34453;630;184;18;17;0;0;18;17
34503;648;184;18;17;0;0;18;17
34509;666;184;18;17;0;0;18;17
34542;684;184;18;17;0;0;18;17
34562;702;184;18;17;0;0;18;17
34588;720;184;18;17;0;0;18;17
34701;738;184;18;17;0;0;18;17
34880;756;184;18;17;0;0;18;17
34886;774;184;18;17;0;0;18;17
34892;792;184;18;17;0;0;18;17
34899;810;184;18;17;0;0;18;17
34903;828;184;18;17;0;0;18;17
34907;846;184;18;17;0;0;18;17
34909;864;184;18;17;0;0;18;17
34913;882;184;18;17;0;0;18;17
34915;900;184;18;17;0;0;18;17
34920;918;184;18;17;0;0;18;17
34928;936;184;18;17;0;0;18;17
34935;954;184;18;17;0;0;18;17
34955;972;184;18;17;0;0;18;17
34966;990;184;18;17;0;0;18;17
34987;1008;184;18;17;0;0;18;17
35009;1026;184;18;17;0;0;18;17
35010;1044;184;18;17;0;0;18;17
35013;1062;184;18;17;0;0;18;17
35023;1080;184;18;17;0;0;18;17
35029;1098;184;18;17;0;0;18;17
35036;1116;184;18;17;0;0;18;17
35064;1134;184;18;17;0;0;18;17
35069;1152;184;18;17;0;0;18;17
35070;1170;184;18;17;0;0;18;17
35079;1188;184;18;17;0;0;18;17
35088;1206;184;18;17;0;0;18;17
35090;1224;184;18;17;0;0;18;17
35167;1242;184;18;17;0;0;18;17
35186;1260;184;18;17;0;0;18;17
35199;1278;184;18;17;0;0;18;17
35201;1296;184;18;17;0;0;18;17
35206;1314;184;18;17;0;0;18;17
35207;1332;184;18;17;0;0;18;17
35211;1350;184;18;17;0;0;18;17
35215;1368;184;18;17;0;0;18;17
35222;1386;184;18;17;0;0;18;17
35226;1404;184;18;17;0;0;18;17
35239;1422;184;18;17;0;0;18;17
35242;1440;184;18;17;0;0;18;17
35251;1458;184;18;17;0;0;18;17
35282;1476;184;18;17;0;0;18;17
35299;1494;184;18;17;0;0;18;17
35302;1512;184;18;17;0;0;18;17
35328;1530;184;18;17;0;0;18;17
35330;1548;184;18;17;0;0;18;17
35331;1566;184;18;17;0;0;18;17
35336;1584;184;18;17;0;0;18;17
35342;1602;184;18;17;0;0;18;17
35347;1620;184;18;17;0;0;18;17
35351;1638;184;18;17;0;0;18;17
35352;1656;184;18;17;0;0;18;17
35359;1674;184;18;17;0;0;18;17
35370;1692;184;18;17;0;0;18;17
35373;1710;184;18;17;0;0;18;17
35377;1728;184;18;17;0;0;18;17
35379;1746;184;18;17;0;0;18;17
35380;1764;184;18;17;0;0;18;17
35386;1782;184;18;17;0;0;18;17
35388;1800;184;18;17;0;0;18;17
35408;1818;184;18;17;0;0;18;17
35412;1836;184;18;17;0;0;18;17
35413;1854;184;18;17;0;0;18;17
35422;1872;184;18;17;0;0;18;17
35424;1890;184;18;17;0;0;18;17
35427;1908;184;18;17;0;0;18;17
35430;1926;184;18;17;0;0;18;17
35433;1944;184;18;17;0;0;18;17
35438;1962;184;18;17;0;0;18;17
35440;1980;184;18;17;0;0;18;17
35441;1998;184;18;17;0;0;18;17
35442;2016;184;18;17;0;0;18;17
35443;2034;184;18;17;0;0;18;17
35463;2052;184;18;17;0;0;18;17
35465;2070;184;18;17;0;0;18;17
35468;2088;184;18;17;0;0;18;17
35469;2106;184;18;17;0;0;18;17
35475;2124;184;18;17;0;0;18;17
35477;2142;184;18;17;0;0;18;17
35480;2160;184;18;17;0;0;18;17
35486;2178;184;18;17;0;0;18;17
35488;2196;184;18;17;0;0;18;17
35492;2214;184;18;17;0;0;18;17
35500;2232;184;18;17;0;0;18;17
35501;2250;184;18;17;0;0;18;17
35504;2268;184;18;17;0;0;18;17
35506;2286;184;18;17;0;0;18;17
35519;2304;184;18;17;0;0;18;17
35527;2322;184;18;17;0;0;18;17
35531;2340;184;18;17;0;0;18;17
35542;2358;184;18;17;0;0;18;17
35558;2376;184;18;17;0;0;18;17
35559;2394;184;18;17;0;0;18;17
35565;2412;184;18;17;0;0;18;17
35566;2430;184;18;17;0;0;18;17
35576;2448;184;18;17;0;0;18;17
35582;2466;184;18;17;0;0;18;17
35584;2484;184;18;17;0;0;18;17
35585;2502;184;18;17;0;0;18;17
35588;2520;184;18;17;0;0;18;17
35598;2538;184;18;17;0;0;18;17
35609;2556;184;18;17;0;0;18;17
35611;2574;184;18;17;0;0;18;17
35613;2592;184;18;17;0;0;18;17
35617;2610;184;18;17;0;0;18;17
35641;2628;184;18;17;0;0;18;17
35672;2646;184;18;17;0;0;18;17
35676;2664;184;18;17;0;0;18;17
35686;2682;184;18;17;0;0;18;17
35696;2700;184;18;17;0;0;18;17
35698;2718;184;18;17;0;0;18;17
35703;2736;184;18;17;0;0;18;17
35895;2754;184;18;17;0;0;18;17
35910;2772;184;18;17;0;0;18;17
35914;2790;184;18;17;0;0;18;17
35930;2808;184;18;17;0;0;18;17
35937;2826;184;18;17;0;0;18;17
35946;2844;184;18;17;0;0;18;17
35980;2862;184;18;17;0;0;18;17
35997;2880;184;18;17;0;0;18;17
35998;2898;184;18;17;0;0;18;17
36000;2916;184;18;17;0;0;18;17
36001;2934;184;18;17;0;0;18;17
36002;2952;184;18;17;0;0;18;17
36007;2970;184;18;17;0;0;18;17
36008;2988;184;18;17;0;0;18;17
36009;3006;184;18;17;0;0;18;17
36010;3024;184;18;17;0;0;18;17
36011;3042;184;18;17;0;0;18;17
36012;3060;184;18;17;0;0;18;17
36015;3078;184;18;17;0;0;18;17
36020;3096;184;18;17;0;0;18;17
36023;3114;184;18;17;0;0;18;17
36024;3132;184;18;17;0;0;18;17
36027;3150;184;18;17;0;0;18;17
36028;3168;184;18;17;0;0;18;17
36031;3186;184;18;17;0;0;18;17
36032;3204;184;18;17;0;0;18;17
36034;3222;184;18;17;0;0;18;17
36035;3240;184;18;17;0;0;18;17
36036;3258;184;18;17;0;0;18;17
36039;3276;184;18;17;0;0;18;17
36042;3294;184;18;17;0;0;18;17
36051;3312;184;18;17;0;0;18;17
36059;3330;184;18;17;0;0;18;17
36060;3348;184;18;17;0;0;18;17
36062;3366;184;18;17;0;0;18;17
36064;3384;184;18;17;0;0;18;17
36066;3402;184;18;17;0;0;18;17
36070;3420;184;18;17;0;0;18;17
36074;3438;184;18;17;0;0;18;17
36077;3456;184;18;17;0;0;18;17
36092;3474;184;18;17;0;0;18;17
36104;3492;184;18;17;0;0;18;17
36196;3510;184;18;17;0;0;18;17
36198;3528;184;18;17;0;0;18;17
36208;3546;184;18;17;0;0;18;17
36212;3564;184;18;17;0;0;18;17
36215;3582;184;18;17;0;0;18;17
36229;3600;184;18;17;0;0;18;17
36234;3618;184;18;17;0;0;18;17
36259;3636;184;18;17;0;0;18;17
36275;3654;184;18;17;0;0;18;17
36317;3672;184;18;17;0;0;18;17
36321;3690;184;18;17;0;0;18;17
36335;3708;184;18;17;0;0;18;17
36339;3726;184;18;17;0;0;18;17
36341;3744;184;18;17;0;0;18;17
36362;3762;184;18;17;0;0;18;17
36367;3780;184;18;17;0;0;18;17
36394;3798;184;18;17;0;0;18;17
36468;3816;184;18;17;0;0;18;17
36493;3834;184;18;17;0;0;18;17
36523;3852;184;18;17;0;0;18;17
36554;3870;184;18;17;0;0;18;17
36556;3888;184;18;17;0;0;18;17
36557;3906;184;18;17;0;0;18;17
36562;3924;184;18;17;0;0;18;17
36575;3942;184;18;17;0;0;18;17
36578;3960;184;18;17;0;0;18;17
36600;3978;184;18;17;0;0;18;17
36605;3996;184;18;17;0;0;18;17
36611;4014;184;18;17;0;0;18;17
36617;4032;184;18;17;0;0;18;17
36637;4050;184;18;17;0;0;18;17
36649;4068;184;18;17;0;0;18;17
36650;0;202;18;17;0;0;18;17
36664;18;202;18;17;0;0;18;17
36676;36;202;18;17;0;0;18;17
36763;54;202;18;17;0;0;18;17
36766;72;202;18;17;0;0;18;17
36771;90;202;18;17;0;0;18;17
36785;108;202;18;17;0;0;18;17
36786;126;202;18;17;0;0;18;17
36794;144;202;18;17;0;0;18;17
36796;162;202;18;17;0;0;18;17
36805;180;202;18;17;0;0;18;17
36814;198;202;18;17;0;0;18;17
36817;216;202;18;17;0;0;18;17
36820;234;202;18;17;0;0;18;17
36843;252;202;18;17;0;0;18;17
36845;270;202;18;17;0;0;18;17
36848;288;202;18;17;0;0;18;17
36855;306;202;18;17;0;0;18;17
36861;324;202;18;17;0;0;18;17
36864;342;202;18;17;0;0;18;17
36865;360;202;18;17;0;0;18;17
36867;378;202;18;17;0;0;18;17
36870;396;202;18;17;0;0;18;17
36879;414;202;18;17;0;0;18;17
36880;432;202;18;17;0;0;18;17
36883;450;202;18;17;0;0;18;17
36884;468;202;18;17;0;0;18;17
36890;486;202;18;17;0;0;18;17
36893;504;202;18;17;0;0;18;17
36895;522;202;18;17;0;0;18;17
36896;540;202;18;17;0;0;18;17
36899;558;202;18;17;0;0;18;17
36910;576;202;18;17;0;0;18;17
36913;594;202;18;17;0;0;18;17
36914;612;202;18;17;0;0;18;17
36920;630;202;18;17;0;0;18;17
36930;648;202;18;17;0;0;18;17
36933;666;202;18;17;0;0;18;17
36935;684;202;18;17;0;0;18;17
36938;702;202;18;17;0;0;18;17
36939;720;202;18;17;0;0;18;17
36941;738;202;18;17;0;0;18;17
36942;756;202;18;17;0;0;18;17
36947;774;202;18;17;0;0;18;17
36948;792;202;18;17;0;0;18;17
36949;810;202;18;17;0;0;18;17
36956;828;202;18;17;0;0;18;17
36960;846;202;18;17;0;0;18;17
36961;864;202;18;17;0;0;18;17
36963;882;202;18;17;0;0;18;17
36969;900;202;18;17;0;0;18;17
36973;918;202;18;17;0;0;18;17
36974;936;202;18;17;0;0;18;17
36981;954;202;18;17;0;0;18;17
36983;972;202;18;17;0;0;18;17
36984;990;202;18;17;0;0;18;17
36986;1008;202;18;17;0;0;18;17
36991;1026;202;18;17;0;0;18;17
36996;1044;202;18;17;0;0;18;17
37027;1062;202;18;17;0;0;18;17
37030;1080;202;18;17;0;0;18;17
37034;1098;202;18;17;0;0;18;17
37048;1116;202;18;17;0;0;18;17
37066;1134;202;18;17;0;0;18;17
37070;1152;202;18;17;0;0;18;17
37089;1170;202;18;17;0;0;18;17
37096;1188;202;18;17;0;0;18;17
37101;1206;202;18;17;0;0;18;17
37109;1224;202;18;17;0;0;18;17
37111;1242;202;18;17;0;0;18;17
37117;1260;202;18;17;0;0;18;17
37196;1278;202;18;17;0;0;18;17
37197;1296;202;18;17;0;0;18;17
37198;1314;202;18;17;0;0;18;17
37202;1332;202;18;17;0;0;18;17
37204;1350;202;18;17;0;0;18;17
37218;1368;202;18;17;0;0;18;17
37226;1386;202;18;17;0;0;18;17
37228;1404;202;18;17;0;0;18;17
37237;1422;202;18;17;0;0;18;17
37239;1440;202;18;17;0;0;18;17
37240;1458;202;18;17;0;0;18;17
37266;1476;202;18;17;0;0;18;17
37276;1494;202;18;17;0;0;18;17
37304;1512;202;18;17;0;0;18;17
37319;1530;202;18;17;0;0;18;17
37320;1548;202;18;17;0;0;18;17
37324;1566;202;18;17;0;0;18;17
37325;1584;202;18;17;0;0;18;17
37326;1602;202;18;17;0;0;18;17
37327;1620;202;18;17;0;0;18;17
37329;1638;202;18;17;0;0;18;17
37340;1656;202;18;17;0;0;18;17
37341;1674;202;18;17;0;0;18;17
37347;1692;202;18;17;0;0;18;17
37389;1710;202;18;17;0;0;18;17
37428;1728;202;18;17;0;0;18;17
37444;1746;202;18;17;0;0;18;17
37467;1764;202;18;17;0;0;18;17
37474;1782;202;18;17;0;0;18;17
37489;1800;202;18;17;0;0;18;17
37504;1818;202;18;17;0;0;18;17
37507;1836;202;18;17;0;0;18;17
37509;1854;202;18;17;0;0;18;17
37528;1872;202;18;17;0;0;18;17
37549;1890;202;18;17;0;0;18;17
37613;1908;202;18;17;0;0;18;17
37619;1926;202;18;17;0;0;18;17
37628;1944;202;18;17;0;0;18;17
37664;1962;202;18;17;0;0;18;17
37670;1980;202;18;17;0;0;18;17
37676;1998;202;18;17;0;0;18;17
37678;2016;202;18;17;0;0;18;17
37679;2034;202;18;17;0;0;18;17
37682;2052;202;18;17;0;0;18;17
37707;2070;202;18;17;0;0;18;17
37723;2088;202;18;17;0;0;18;17
37749;2106;202;18;17;0;0;18;17
37772;2124;202;18;17;0;0;18;17
37782;2142;202;18;17;0;0;18;17
37806;2160;202;18;17;0;0;18;17
37857;2178;202;18;17;0;0;18;17
37912;2196;202;18;17;0;0;18;17
37969;2214;202;18;17;0;0;18;17
38263;2232;202;18;17;0;0;18;17
38272;2250;202;18;17;0;0;18;17
38281;2268;202;18;17;0;0;18;17
38283;2286;202;18;17;0;0;18;17
38289;2304;202;18;17;0;0;18;17
38291;2322;202;18;17;0;0;18;17
38306;2340;202;18;17;0;0;18;17
38307;2358;202;18;17;0;0;18;17
38309;2376;202;18;17;0;0;18;17
38322;2394;202;18;17;0;0;18;17
38343;2412;202;18;17;0;0;18;17
38360;2430;202;18;17;0;0;18;17
38428;2448;202;18;17;0;0;18;17
38442;2466;202;18;17;0;0;18;17
38450;2484;202;18;17;0;0;18;17
38459;2502;202;18;17;0;0;18;17
38468;2520;202;18;17;0;0;18;17
38477;2538;202;18;17;0;0;18;17
38480;2556;202;18;17;0;0;18;17
38491;2574;202;18;17;0;0;18;17
38498;2592;202;18;17;0;0;18;17
38499;2610;202;18;17;0;0;18;17
38500;2628;202;18;17;0;0;18;17
38501;2646;202;18;17;0;0;18;17
38506;2664;202;18;17;0;0;18;17
38512;2682;202;18;17;0;0;18;17
38515;2700;202;18;17;0;0;18;17
38517;2718;202;18;17;0;0;18;17
38518;2736;202;18;17;0;0;18;17
38520;2754;202;18;17;0;0;18;17
38522;2772;202;18;17;0;0;18;17
38525;2790;202;18;17;0;0;18;17
38533;2808;202;18;17;0;0;18;17
38534;2826;202;18;17;0;0;18;17
38538;2844;202;18;17;0;0;18;17
38542;2862;202;18;17;0;0;18;17
38543;2880;202;18;17;0;0;18;17
38548;2898;202;18;17;0;0;18;17
38553;2916;202;18;17;0;0;18;17
38555;2934;202;18;17;0;0;18;17
38556;2952;202;18;17;0;0;18;17
38560;2970;202;18;17;0;0;18;17
38563;2988;202;18;17;0;0;18;17
38583;3006;202;18;17;0;0;18;17
38587;3024;202;18;17;0;0;18;17
38596;3042;202;18;17;0;0;18;17
38597;3060;202;18;17;0;0;18;17
38598;3078;202;18;17;0;0;18;17
38599;3096;202;18;17;0;0;18;17
38604;3114;202;18;17;0;0;18;17
38609;3132;202;18;17;0;0;18;17
38626;3150;202;18;17;0;0;18;17
38627;3168;202;18;17;0;0;18;17
38632;3186;202;18;17;0;0;18;17
38634;3204;202;18;17;0;0;18;17
38640;3222;202;18;17;0;0;18;17
38642;3240;202;18;17;0;0;18;17
38646;3258;202;18;17;0;0;18;17
38647;3276;202;18;17;0;0;18;17
38651;3294;202;18;17;0;0;18;17
38656;3312;202;18;17;0;0;18;17
38663;3330;202;18;17;0;0;18;17
38666;3348;202;18;17;0;0;18;17
38684;3366;202;18;17;0;0;18;17
38695;3384;202;18;17;0;0;18;17
38706;3402;202;18;17;0;0;18;17
38738;3420;202;18;17;0;0;18;17
38745;3438;202;18;17;0;0;18;17
38750;3456;202;18;17;0;0;18;17
38754;3474;202;18;17;0;0;18;17
38761;3492;202;18;17;0;0;18;17
38772;3510;202;18;17;0;0;18;17
38867;3528;202;18;17;0;0;18;17
38899;3546;202;18;17;0;0;18;17
38907;3564;202;18;17;0;0;18;17
38911;3582;202;18;17;0;0;18;17
38914;3600;202;18;17;0;0;18;17
38915;3618;202;18;17;0;0;18;17
38917;3636;202;18;17;0;0;18;17
38918;3654;202;18;17;0;0;18;17
38920;3672;202;18;17;0;0;18;17
38928;3690;202;18;17;0;0;18;17
38929;3708;202;18;17;0;0;18;17
38930;3726;202;18;17;0;0;18;17
38931;3744;202;18;17;0;0;18;17
38936;3762;202;18;17;0;0;18;17
38957;3780;202;18;17;0;0;18;17
38960;3798;202;18;17;0;0;18;17
38971;3816;202;18;17;0;0;18;17
38972;3834;202;18;17;0;0;18;17
38988;3852;202;18;17;0;0;18;17
38989;3870;202;18;17;0;0;18;17
38990;3888;202;18;17;0;0;18;17
38996;3906;202;18;17;0;0;18;17
38997;3924;202;18;17;0;0;18;17
39000;3942;202;18;17;0;0;18;17
39006;3960;202;18;17;0;0;18;17
39015;3978;202;18;17;0;0;18;17
39080;3996;202;18;17;0;0;18;17
39131;4014;202;18;17;0;0;18;17
39135;4032;202;18;17;0;0;18;17
39138;4050;202;18;17;0;0;18;17
39151;4068;202;18;17;0;0;18;17
39154;0;220;18;17;0;0;18;17
39164;18;220;18;17;0;0;18;17
39165;36;220;18;17;0;0;18;17
39166;54;220;18;17;0;0;18;17
39173;72;220;18;17;0;0;18;17
39178;90;220;18;17;0;0;18;17
39180;108;220;18;17;0;0;18;17
39187;126;220;18;17;0;0;18;17
39208;144;220;18;17;0;0;18;17
39318;162;220;18;17;0;0;18;17
39321;180;220;18;17;0;0;18;17
39340;198;220;18;17;0;0;18;17
39364;216;220;18;17;0;0;18;17
39365;234;220;18;17;0;0;18;17
39366;252;220;18;17;0;0;18;17
39376;270;220;18;17;0;0;18;17
39378;288;220;18;17;0;0;18;17
39438;306;220;18;17;0;0;18;17
39442;324;220;18;17;0;0;18;17
39443;342;220;18;17;0;0;18;17
39472;360;220;18;17;0;0;18;17
39514;378;220;18;17;0;0;18;17
39592;396;220;18;17;0;0;18;17
39608;414;220;18;17;0;0;18;17
39620;432;220;18;17;0;0;18;17
39640;450;220;18;17;0;0;18;17
39658;468;220;18;17;0;0;18;17
39729;486;220;18;17;0;0;18;17
39740;504;220;18;17;0;0;18;17
39746;522;220;18;17;0;0;18;17
39749;540;220;18;17;0;0;18;17
39764;558;220;18;17;0;0;18;17
39770;576;220;18;17;0;0;18;17
39854;594;220;18;17;0;0;18;17
39912;612;220;18;17;0;0;18;17
40165;630;220;18;17;0;0;18;17
40180;648;220;18;17;0;0;18;17
40335;666;220;18;17;0;0;18;17
40372;684;220;18;17;0;0;18;17
40575;702;220;18;17;0;0;18;17
40595;720;220;18;17;0;0;18;17
40599;738;220;18;17;0;0;18;17
40614;756;220;18;17;0;0;18;17
40634;774;220;18;17;0;0;18;17
40635;792;220;18;17;0;0;18;17
40644;810;220;18;17;0;0;18;17
40658;828;220;18;17;0;0;18;17
40665;846;220;18;17;0;0;18;17
40723;864;220;18;17;0;0;18;17
40763;882;220;18;17;0;0;18;17
40802;900;220;18;17;0;0;18;17
65381;918;220;18;17;0;0;18;17
65382;936;220;18;17;0;0;18;17
65383;954;220;18;17;0;0;18;17
65384;972;220;18;17;0;0;18;17
65385;990;220;18;17;0;0;18;17
65386;1008;220;18;17;0;0;18;17
65387;1026;220;18;17;0;0;18;17
65388;1044;220;18;17;0;0;18;17
65389;1062;220;18;17;0;0;18;17
65390;1080;220;18;17;0;0;18;17
65391;1098;220;18;17;0;0;18;17
65392;1116;220;18;17;0;0;18;17
65393;1134;220;18;17;0;0;18;17
65394;1152;220;18;17;0;0;18;17
65395;1170;220;18;17;0;0;18;17
65396;1188;220;18;17;0;0;18;17
65397;1206;220;18;17;0;0;18;17
65398;1224;220;18;17;0;0;18;17
65399;1242;220;18;17;0;0;18;17
65400;1260;220;18;17;0;0;18;17
65401;1278;220;18;17;0;0;18;17
65402;1296;220;18;17;0;0;18;17
65403;1314;220;18;17;0;0;18;17
65404;1332;220;18;17;0;0;18;17
65405;1350;220;18;17;0;0;18;17
65406;1368;220;18;17;0;0;18;17
65407;1386;220;18;17;0;0;18;17
65408;1404;220;18;17;0;0;18;17
65409;1422;220;18;17;0;0;18;17
65410;1440;220;18;17;0;0;18;17
65411;1458;220;18;17;0;0;18;17
65412;1476;220;18;17;0;0;18;17
65413;1494;220;18;17;0;0;18;17
65414;1512;220;18;17;0;0;18;17
65415;1530;220;18;17;0;0;18;17
65416;1548;220;18;17;0;0;18;17
65417;1566;220;18;17;0;0;18;17
65418;1584;220;18;17;0;0;18;17
65419;1602;220;18;17;0;0;18;17
65420;1620;220;18;17;0;0;18;17
65421;1638;220;18;17;0;0;18;17
65422;1656;220;18;17;0;0;18;17
65423;1674;220;18;17;0;0;18;17
65424;1692;220;18;17;0;0;18;17
65425;1710;220;18;17;0;0;18;17
65426;1728;220;18;17;0;0;18;17
65427;1746;220;18;17;0;0;18;17
65428;1764;220;18;17;0;0;18;17
65429;1782;220;18;17;0;0;18;17
65430;1800;220;18;17;0;0;18;17
65431;1818;220;18;17;0;0;18;17
65432;1836;220;18;17;0;0;18;17
65433;1854;220;18;17;0;0;18;17
65434;1872;220;18;17;0;0;18;17
65435;1890;220;18;17;0;0;18;17
65436;1908;220;18;17;0;0;18;17
65437;1926;220;18;17;0;0;18;17
65438;1944;220;18;17;0;0;18;17
65439;1962;220;18;17;0;0;18;17
65281;0;238;17;21;0;0;17;21
65283;17;238;17;21;0;0;17;21
65284;34;238;17;21;0;0;17;21
65285;51;238;17;21;0;0;17;21
65288;68;238;17;21;0;0;17;21
65289;85;238;17;21;0;0;17;21
65292;102;238;17;21;0;0;17;21
65296;119;238;17;21;0;0;17;21
65297;136;238;17;21;0;0;17;21
65298;153;238;17;21;0;0;17;21
65299;170;238;17;21;0;0;17;21
65300;187;238;17;21;0;0;17;21
65301;204;238;17;21;0;0;17;21
65302;221;238;17;21;0;0;17;21
65303;238;238;17;21;0;0;17;21
65304;255;238;17;21;0;0;17;21
65305;272;238;17;21;0;0;17;21
65306;289;238;17;21;0;0;17;21
65307;306;238;17;21;0;0;17;21
65311;323;238;17;21;0;0;17;21
65371;340;238;17;21;0;0;17;21
65373;357;238;17;21;0;0;17;21
65374;374;238;17;21;0;0;17;21
65509;391;238;17;21;0;0;17;21
